image_id,anomaly_score,anomaly_flag
00000250_006,0.09418968218259138,False
00000250_007,0.13069788013371386,False
00000250_008,0.03543723944682858,False
00000250_009,0.099550536424446,False
00000250_010,0.05780861593145997,False
00000250_011,0.07061943893112094,False
00000250_012,0.07836997828940168,False
00000250_013,0.08394670214302213,False
00000250_014,0.11418502262093272,False
00000250_015,0.0856029064921735,False
00000250_016,0.12953479096617976,False
00000251_000,0.07978195146264333,False
00000251_001,0.11148333999051013,False
00000251_002,0.1108509706808623,False
00000251_003,0.12972968802973622,False
00000251_004,0.11058344243059631,False
00000252_001,0.042075311887474764,False
00000252_000,0.09468618877244628,False
00000253_000,0.0593103050934331,False
00000254_000,0.08233034000985223,False
00000254_001,0.1192931354603306,False
00000254_002,0.09796601043660746,False
00000255_000,0.11970356797497683,False
00000255_001,0.030621510014853692,False
00000255_002,0.03774479086707172,False
00000255_003,0.04089395407747509,False
00000255_004,-0.004649960531938446,True
00000255_005,-0.01089593686446888,True
00000256_000,0.088175056978686,False
00000258_000,0.09946890013892934,False
00000259_000,0.11273419542986135,False
00000260_000,0.08155710849453535,False
00000261_000,0.09887873849636519,False
00000261_001,0.10974161777578928,False
00000261_002,0.06775205802500345,False
00000261_003,-0.044065577253961874,True
00000261_004,0.07419077808180641,False
00000261_005,-0.007839459482954503,True
00000261_006,0.1155095643555058,False
00000261_007,-0.000977295810467349,True
00000262_000,0.13178437029152817,False
00000264_000,0.13217297660411936,False
00000265_000,0.12877240317534877,False
00000265_001,0.12786142462520522,False
00000265_002,0.07483412832941266,False
00000265_003,0.09249200749403169,False
00000265_004,0.07225345576059722,False
00000265_005,0.021648162507651947,False
00000266_000,0.09079395896082915,False
00000267_000,0.026180533032171494,False
00000268_000,0.030858671337224808,False
00000268_001,0.04465261746958682,False
00000268_002,-0.007482630245489674,True
00000269_000,0.12637074357376277,False
00000269_001,0.1220392882442935,False
00000270_000,0.11266281217230645,False
00000270_001,0.11519562404597522,False
00000270_002,0.12003159951173603,False
00000271_000,0.07639231105850375,False
00000271_001,-0.11231525801658526,True
00000271_002,0.09311214175384741,False
00000271_003,0.09517626675603497,False
00000271_004,0.040405136799426256,False
00000272_000,0.12830893300418522,False
00000272_001,0.12171588769598374,False
00000272_002,-0.00916325964799758,True
00000272_004,0.059099953258610116,False
00000272_005,0.10762035150915727,False
00000272_006,0.038061739102453085,False
00000273_005,0.10080588095395498,False
00000273_006,0.12135560690130037,False
00000273_007,0.08303937823374041,False
00000273_008,0.11371745237010494,False
00000273_009,0.0905031049625667,False
00000273_000,0.11823721525210384,False
00000273_001,0.10715369205409608,False
00000273_002,-0.12187241551849082,True
00000273_003,-0.1282715426058102,True
00000274_000,0.09473167880885336,False
00000274_001,0.07078235990691573,False
00000275_004,0.1091436118406085,False
00000275_000,0.06993247972834088,False
00000275_001,0.01585247604278872,False
00000275_002,0.08449962438139352,False
00000275_003,0.0002584478987319172,False
00000276_000,0.02526533655414004,False
00000277_001,0.10643942595703693,False
00000277_002,0.07913353355132358,False
00000277_000,-0.07559100096405635,True
00000278_000,0.11736676068704582,False
00000278_001,0.08189162303242498,False
00000278_002,0.09425824253121479,False
00000278_003,0.09012617159637798,False
00000278_004,0.1250863544869082,False
00000278_005,0.12198388007394156,False
00000278_006,0.11420051673020465,False
00000278_007,0.12408240449723057,False
00000278_008,0.11751100341931026,False
00000278_009,0.1320658417567357,False
00000278_010,0.10949290985803056,False
00000279_000,0.10793021394491087,False
00000280_000,0.13225541014585535,False
00000280_002,0.07140858316037191,False
00000280_003,0.13043887189378117,False
00000281_000,0.1211942937110887,False
00000281_002,0.09960144096084111,False
00000282_000,0.07361230693304172,False
00000282_001,0.10749765035274639,False
00000283_000,-0.0882146037938979,True
00000284_004,-0.02999510971174968,True
00000284_005,0.03614385668096887,False
00000285_000,0.08039817448685765,False
00000285_002,-0.02205136846297928,True
00000285_003,0.11768302847095813,False
00000285_006,0.08267476853727418,False
00000286_000,0.05654628688014657,False
00000288_001,0.09315822654511408,False
00000288_002,0.035004585263040844,False
00000288_003,0.11238592188972513,False
00000288_004,0.09757395062921559,False
00000288_000,0.12017993107351238,False
00000289_003,0.10678615328648428,False
00000289_004,0.13603568533147814,False
00000289_005,0.08095764057123417,False
00000289_006,0.11188351667199808,False
00000289_007,0.11788858816139813,False
00000289_008,0.11283633585562558,False
00000289_000,0.0854794021531361,False
00000289_001,-0.08624389670700594,True
00000289_002,-0.03379136973709007,True
00000290_000,0.12477273783448672,False
00000290_001,0.0412393498340633,False
00000290_002,-0.007645049689019245,True
00000290_003,-0.06169241924098989,True
00000291_000,0.11265883304862068,False
00000293_000,0.10333252791231379,False
00000296_003,0.13161317635802433,False
00000296_000,-0.047363232943182676,True
00000296_001,-0.07199462862905115,True
00000296_002,-0.044886359696098777,True
00000297_000,0.11184609613441682,False
00000299_000,0.05264143281719802,False
00000300_000,0.08656176700937718,False
00000302_000,0.10711546379103148,False
00000303_000,0.10329565892240938,False
00000304_000,0.10790815785713326,False
00000304_001,-0.09855059247510822,True
00000304_002,0.07504012108872249,False
00000305_000,0.11227835989853979,False
00000305_001,0.08186392473096377,False
00000305_002,0.07375672044573661,False
00000306_000,0.12802053773328548,False
00000308_000,0.10105919963987098,False
00000309_000,0.005106131456468765,False
00000310_000,0.09118707529010112,False
00000310_001,0.016142271794827523,False
00000310_002,0.11314928421773568,False
00000310_003,0.07536862625461388,False
00000310_004,0.10090982441261248,False
00000310_005,0.0699019392242809,False
00000310_006,0.058908368897481134,False
00000311_000,0.0751685325426707,False
00000311_001,0.11473387024253662,False
00000312_000,0.10421597819483841,False
00000312_001,0.11386943713154146,False
00000312_002,0.10343731948506663,False
00000313_000,0.040720901897683126,False
00000314_000,-0.06683088793174552,True
00000315_001,-0.07276678400949366,True
00000315_003,0.09748239258178554,False
00000315_002,0.08753194861501068,False
00000315_004,0.07558355833484443,False
00000315_005,0.0945665966408995,False
00000315_000,0.11545192529863374,False
00000316_001,0.10370114875203862,False
00000316_000,0.08359445389353476,False
00000317_001,0.11307865966061192,False
00000317_002,0.011854420514155362,False
00000317_003,-0.0963486708538629,True
00000317_004,0.08189766014724503,False
00000318_005,0.11355996746583352,False
00000318_006,0.10350714616810403,False
00000318_007,0.1102903314047397,False
00000318_008,0.10088891771177266,False
00000318_009,0.0744687616676914,False
00000318_010,0.04081922837959323,False
00000318_000,0.007911010853219325,False
00000318_001,0.08097854869045545,False
00000318_002,-0.013546349696786697,True
00000318_003,0.017201022186463022,False
00000320_000,0.10787470441998559,False
00000321_000,0.11978342081620386,False
00000321_001,0.028999944707200798,False
00000321_002,0.04168389573970094,False
00000321_003,0.08303617165166971,False
00000321_004,0.11351775533588326,False
00000321_005,0.08440428600138217,False
00000322_000,0.08842565837865679,False
00000322_001,0.059920028898737265,False
00000322_002,0.11240123281173864,False
00000322_003,0.11418747224146675,False
00000322_004,0.06874333916544534,False
00000322_005,0.1314495308444832,False
00000322_007,0.06266390135971178,False
00000322_006,0.06333462282637015,False
00000322_008,0.11652444430223363,False
00000322_009,0.10664215324120785,False
00000322_010,0.07747021780118896,False
00000322_011,0.13356812697071918,False
00000322_012,0.12479605424838447,False
00000322_013,0.13519038326066019,False
00000322_014,0.12803951350384074,False
00000323_000,0.12332495079360767,False
00000324_000,0.08350835141927804,False
00000324_001,0.13687179722548365,False
00000324_002,0.11326423969858607,False
00000324_003,0.043752993064191226,False
00000324_004,0.11630119937090438,False
00000324_005,0.08489410523983826,False
00000324_006,0.0628118072106218,False
00000324_007,0.10643133100927654,False
00000324_008,0.04424074557918417,False
00000324_009,0.07471895400272327,False
00000324_010,0.06528420217476327,False
00000324_011,0.07765807574533196,False
00000324_012,0.08632750617992319,False
00000324_013,0.05686401145252562,False
00000324_014,0.07705546542917341,False
00000324_015,0.027768490496628218,False
00000324_016,0.06013821674478831,False
00000324_017,-0.009902417981420442,True
00000325_000,0.12499998258385447,False
00000326_000,0.11461920740822806,False
00000327_002,0.0309393819930332,False
00000327_004,-0.029884305645679232,True
00000327_000,0.06428361494751661,False
00000327_001,-0.00013262901651067693,True
00000328_000,0.1346603420910159,False
00000329_000,0.10275466192842775,False
00000330_000,0.008643215000751436,False
00000331_000,0.10021118753263092,False
00000331_001,0.1274949008605144,False
00000331_002,0.0874832281081393,False
00000332_000,0.1357401283273038,False
00000332_001,0.09015499561264323,False
00000333_000,0.11544829830019593,False
00000334_000,0.0810338390599657,False
00000334_001,0.13151305377404238,False
00000334_003,0.12843095294535856,False
00000334_005,0.12427814019639322,False
00000335_000,0.09960497681826952,False
00000336_000,-0.048260917070947595,True
00000337_000,0.10013141828583366,False
00000338_000,0.02407208695138663,False
00000339_000,0.12510400144619815,False
00000339_001,0.08570364416337745,False
00000340_000,0.11965696626519029,False
00000340_001,0.10529724892998332,False
00000340_002,0.09565792103359899,False
00000340_003,0.08452203676709824,False
00000341_000,0.09412460431393249,False
00000342_000,0.1160086260442848,False
00000343_000,0.06801560337789309,False
00000344_004,0.020151828117481063,False
00000344_000,0.09085060831965724,False
00000344_001,0.011998301317402704,False
00000344_002,0.10469664258484063,False
00000344_003,0.011531257138813533,False
00000345_000,0.11408462575938594,False
00000346_000,0.12231637381590554,False
00000348_002,-0.02058985440407768,True
00000348_003,0.13304005163562527,False
00000348_004,0.11848986193725058,False
00000348_005,0.1297682700008042,False
00000348_006,0.09519548088193885,False
00000348_007,0.09587016121292441,False
00000348_008,0.11885117343496515,False
00000348_009,0.1090570592860563,False
00000348_001,0.09775113388423018,False
00000349_000,0.04979472427081516,False
00000350_000,0.1320001460723665,False
00000351_000,0.10784457032923489,False
00000353_000,0.052648433448983456,False
00000354_000,0.09161211013736809,False
00000355_000,0.08496793313178841,False
00000356_000,0.06974488718669186,False
00000356_001,0.09031121415442456,False
00000357_000,-0.07876321007137344,True
00000358_000,0.11885181768640313,False
00000358_001,0.123857478062256,False
00000359_004,0.11515214363890147,False
00000359_005,0.11672447605245917,False
00000359_006,0.11383556169163561,False
00000359_007,-0.034649534864258924,True
00000359_008,0.11895164091639432,False
00000359_009,0.09083652071222031,False
00000359_010,-0.0369169307782693,True
00000359_000,-0.03367056263214274,True
00000359_001,0.07659145726789701,False
00000359_002,0.10156660536429107,False
00000359_003,-0.020235821931640197,True
00000360_000,0.11970262500559253,False
00000360_001,0.12344246658271812,False
00000360_002,0.12238868092367289,False
00000360_003,0.10523895853386417,False
00000360_004,0.08850921779867316,False
00000360_005,0.1261746547997893,False
00000360_006,0.1177699378384679,False
00000360_007,0.09861273573893165,False
00000360_008,-0.006192357127343007,True
00000361_000,0.11750467207801407,False
00000362_000,0.11863004105128444,False
00000362_002,0.1157200936689734,False
00000362_003,0.10368940807273702,False
00000362_004,0.11335165530299807,False
00000362_005,0.11688800656731746,False
00000363_000,0.010095414668183533,False
00000363_001,0.11718627531809933,False
00000363_002,-0.011063921630118712,True
00000364_000,0.08326470119946822,False
00000364_001,0.10463279551809995,False
00000366_000,0.03904324405980458,False
00000366_001,0.020658994771052708,False
00000367_000,0.10070239512006496,False
00000368_004,0.11092254015234526,False
00000368_005,-0.00655428162853211,True
00000368_006,0.08491896481344174,False
00000368_008,0.05345538724768667,False
00000368_009,0.07202354209802553,False
00000368_010,0.07763988002502809,False
00000368_011,-0.01497738642980495,True
00000368_000,0.020863290852058014,False
00000368_002,0.03159007659559565,False
00000368_003,0.066281370070012,False
00000369_000,0.1048991401388224,False
00000370_005,0.07103947361198282,False
00000370_006,0.11555506456066456,False
00000370_007,0.12027947689852336,False
00000370_008,0.10715249249765735,False
00000370_009,0.105835319148463,False
00000370_010,0.10735377432691623,False
00000370_011,0.09994908960663396,False
00000370_000,0.06633420133119644,False
00000370_001,0.09168812863913078,False
00000370_002,-0.029694508184442414,True
00000371_000,-0.02957967587006982,True
00000372_000,0.11081823033886007,False
00000372_001,0.06879924160214196,False
00000372_002,0.07794853708187643,False
00000372_003,0.11708744889812833,False
00000372_004,0.07053970358490036,False
00000372_005,0.1150437063244808,False
00000372_006,0.13066052584811333,False
00000372_007,0.1311282537707928,False
00000372_008,-0.1559165826662764,True
00000372_009,0.1053036244277405,False
00000372_010,0.11841355809501813,False
00000372_011,0.11862088764273049,False
00000372_013,0.10781663429748084,False
00000372_012,0.05799236282489434,False
00000372_014,0.1231374159899174,False
00000372_015,0.05451901300631795,False
00000372_016,-0.05801316920422794,True
00000373_000,0.11810497134663261,False
00000373_001,-0.21763453147671985,True
00000374_000,0.08036177952474305,False
00000375_000,0.12134058494170558,False
00000376_000,0.10884419541488544,False
00000376_001,0.11546171484135281,False
00000376_003,0.01171041422405511,False
00000376_005,0.035843774639091774,False
00000376_006,0.11635942840855423,False
00000376_007,0.12972216904749267,False
00000376_008,0.09397479201496933,False
00000376_009,0.05396674713662708,False
00000376_010,0.042751361181059655,False
00000376_011,0.12703561806572217,False
00000376_013,0.10878376310269305,False
00000376_014,0.04326892867072313,False
00000377_000,0.09060014417432316,False
00000377_001,0.0828391868570334,False
00000377_002,0.07189975244299329,False
00000377_003,0.11109198144001736,False
00000377_004,0.12065834873428977,False
00000378_000,0.09956060640994796,False
00000379_000,0.07130526639731494,False
00000379_001,0.029457656525743003,False
00000380_000,0.04923421664098887,False
00000381_000,0.05023138253683096,False
00000381_001,0.04952704569299149,False
00000381_002,0.11063031985807903,False
00000381_003,0.02220671934271029,False
00000381_004,0.08203474370018127,False
00000382_000,0.13317021032445114,False
00000382_001,0.11242335560716127,False
00000382_002,0.04072128930065,False
00000383_000,0.07306698230117731,False
00000383_001,0.09246176567822573,False
00000383_002,0.12816039313932653,False
00000384_000,0.109236892398486,False
00000385_002,0.08790759377428237,False
00000385_003,0.11414940245767119,False
00000385_004,0.05361496048063352,False
00000385_000,0.06109223615650855,False
00000386_000,0.12807400549550296,False
00000387_000,0.06680700740691298,False
00000387_001,0.059407681875641216,False
00000387_002,0.03238720207314466,False
00000388_000,0.11736532655492982,False
00000389_000,0.10301628160286003,False
00000390_000,0.12874395221892582,False
00000390_001,0.11105188525315596,False
00000391_001,0.11975431905787653,False
00000391_002,0.11941874456901086,False
00000391_003,0.0721110439469011,False
00000391_004,0.12128539514496711,False
00000391_005,0.10446531255345892,False
00000391_006,0.10391632643473664,False
00000391_007,0.11619169409141128,False
00000391_008,0.12316804219893557,False
00000391_009,0.11414087631180037,False
00000391_000,0.11440961860643212,False
00000392_000,0.09907066996495295,False
00000393_000,0.11201065160006579,False
00000394_000,0.11052046814998695,False
00000395_000,0.11250326804336902,False
00000396_000,0.09204142485058359,False
00000397_000,0.11604017411533202,False
00000398_001,0.009395799992964193,False
00000398_002,0.09250759018686983,False
00000398_003,0.124075743317554,False
00000398_004,0.10702900191279463,False
00000398_006,0.13662360275936958,False
00000398_007,0.008488927149453318,False
00000398_008,0.07913721628414949,False
00000399_000,0.1183967942884972,False
00000399_001,-0.1473406022625754,True
00000400_000,0.10695273161192542,False
00000401_000,0.1147348541837564,False
00000402_000,0.1009595893124991,False
00000402_001,0.0364775653977929,False
00000402_002,0.049768529142527884,False
00000402_003,0.050621372169182444,False
00000402_004,0.07626442032713943,False
00000402_007,-0.012933647066719178,True
00000402_006,0.07158543954097057,False
00000402_005,-0.02339827626492197,True
00000402_008,0.08443477381645775,False
00000402_009,0.08726405113379182,False
00000402_010,0.081754040121226,False
00000403_000,0.12131738382290974,False
00000403_001,0.11986222036599808,False
00000404_000,-0.027467644480269726,True
00000404_001,-0.012621809776086845,True
00000404_002,-0.07288368815138035,True
00000405_000,0.11907906624281983,False
00000406_000,0.09204787198714348,False
00000406_001,0.11652327192414286,False
00000407_000,0.1336604345243782,False
00000407_001,0.12087652109440855,False
00000408_000,0.11633085248996433,False
00000409_000,0.05898030782319674,False
00000409_001,0.048090202754060674,False
00000410_001,0.10332361364776393,False
00000410_002,-0.03263568901135161,True
00000411_000,0.09688560864790291,False
00000412_000,0.11108792860258643,False
00000412_001,0.10501489246897922,False
00000412_002,0.11145813707766167,False
00000412_003,0.09979548539226057,False
00000413_000,0.12543283602976535,False
00000414_000,0.12735427319064946,False
00000415_000,-0.03983975735849932,True
00000416_000,0.006772987689338428,False
00000416_001,0.13553375389830075,False
00000416_002,0.0782512581728218,False
00000416_004,0.08141711611728669,False
00000416_005,0.07430786685127888,False
00000416_006,0.1190212388942426,False
00000416_007,0.10710887448070072,False
00000417_000,0.04287546770643397,False
00000417_001,0.02352308733008429,False
00000417_002,0.09188078970992897,False
00000417_003,-0.019516426219957084,True
00000417_004,0.12121808151873148,False
00000417_005,0.05617347738246298,False
00000418_000,0.06692004762458181,False
00000418_001,0.06104407161046371,False
00000418_002,0.09942812615693342,False
00000418_003,0.12214987913459435,False
00000419_000,-0.03265080465074788,True
00000420_000,0.08446886806843118,False
00000420_001,-0.047998215496505736,True
00000421_000,0.04046021699143709,False
00000421_001,0.06246585185564246,False
00000422_001,0.11100307247926783,False
00000422_002,0.12677202800986986,False
00000422_003,0.08814437758184118,False
00000422_004,0.11849488699935845,False
00000422_005,0.11116923272341961,False
00000422_006,0.1089145827280234,False
00000422_007,0.09426283821782927,False
00000422_000,0.040248325538748464,False
00000423_000,0.12459890262932932,False
00000424_000,0.12473204281623862,False
00000425_000,0.10114866255371768,False
00000426_000,0.10426092323347491,False
00000426_003,0.10814236837199392,False
00000427_000,0.12472833942255696,False
00000427_001,0.10594123852713816,False
00000428_000,0.12119001502402921,False
00000429_001,0.11664264748308262,False
00000430_000,0.12498475108078849,False
00000430_001,0.11164837554267365,False
00000430_002,0.09797191416865236,False
00000431_000,0.11842526578816748,False
00000431_001,0.13207586220958434,False
00000431_002,0.08583048125073145,False
00000431_003,0.031519445719814576,False
00000432_000,0.12001148663771988,False
00000433_000,0.08056839171502383,False
00000434_000,0.08702120025384458,False
00000435_000,0.024318035083118972,False
00000436_000,0.11483218269898016,False
00000438_000,0.11578089233207889,False
00000439_000,0.10990604933604131,False
00000440_000,0.10851348838267671,False
00000440_001,0.0631928489708799,False
00000442_003,0.11612662023545955,False
00000442_000,0.01917524979177959,False
00000442_001,0.12000786584591844,False
00000442_002,-0.11758939381930622,True
00000443_003,0.11569846855985583,False
00000443_004,0.044155285625135265,False
00000443_005,0.050587349059448006,False
00000443_000,0.10826316254844642,False
00000443_001,-0.039292391270373095,True
00000444_001,0.010862786234314692,False
00000444_002,0.030621516354878753,False
00000444_003,0.10948541810042728,False
00000444_000,0.06651572839796294,False
00000445_000,0.10965916734324282,False
00000446_000,0.11977628485054242,False
00000446_001,0.09801402364781309,False
00000447_000,0.12279397572042838,False
00000447_002,0.05029642551230362,False
00000447_003,-0.017518119586238945,True
00000447_004,0.050811918954251134,False
00000447_005,-0.03795585839185389,True
00000448_000,0.03885466984018121,False
00000448_001,0.01867631902489536,False
00000449_001,0.10660468233691017,False
00000449_002,0.09153907815443912,False
00000449_003,0.08438528064871731,False
00000449_000,-0.0904111144813805,True
00000450_007,0.08251401919368323,False
00000450_008,0.015940966489981168,False
00000450_000,0.015549102809360504,False
00000450_001,-0.001422283983747774,True
00000450_002,-0.006804643886913153,True
00000450_004,-0.001955280134209869,True
00000450_005,0.04782322622206603,False
00000450_006,0.008967238149842072,False
00000451_000,0.10282173123627153,False
00000452_000,0.060674618855598605,False
00000453_000,0.07295780470037228,False
00000454_000,-0.020399996565385825,True
00000455_000,0.10431151194272265,False
00000456_000,0.012018555018694477,False
00000456_001,0.12135089909432684,False
00000457_000,0.1078107371371072,False
00000457_001,0.12073072899595189,False
00000457_002,-0.014491140550798032,True
00000457_003,0.08889324919490676,False
00000457_004,0.07615154181398187,False
00000458_000,0.12599476444635882,False
00000458_001,0.09204462263374891,False
00000458_002,0.08683846111239751,False
00000459_027,0.03982386611145655,False
00000459_028,0.10097760013415752,False
00000459_029,0.11890955579603968,False
00000459_030,0.019447061062904725,False
00000459_031,0.0264506210701555,False
00000459_032,-0.011323629165094773,True
00000459_033,0.09463206605866986,False
00000459_034,0.07865884483347912,False
00000459_035,-0.01514406613957775,True
00000459_036,0.011350961142624738,False
00000459_037,0.0032891791117967695,False
00000459_038,0.049989596292114635,False
00000459_039,0.04400653249534925,False
00000459_040,0.02904074386127342,False
00000459_041,0.06281455162906119,False
00000459_042,0.07131078732422702,False
00000459_043,0.0014027049188884977,False
00000459_044,-0.01287968850852994,True
00000459_045,-0.004022100837873688,True
00000459_046,0.04701372546989535,False
00000459_047,0.006583214647465252,False
00000459_048,-0.10531612946613067,True
00000459_049,0.022366880468365935,False
00000459_051,-0.009769772339915717,True
00000459_050,0.07844886533965068,False
00000459_052,-0.005315483458457226,True
00000459_053,0.04891813225114694,False
00000459_054,0.015839072287465172,False
00000459_055,0.08173840484582923,False
00000459_056,0.04842862533213799,False
00000459_057,0.017223562527189318,False
00000459_058,0.02272619828698219,False
00000459_000,0.04240300140731185,False
00000459_001,0.05016591309484669,False
00000459_002,-0.09728641876290067,True
00000459_003,0.10203640458820773,False
00000459_004,0.04635728990516674,False
00000459_005,0.03456315966150092,False
00000459_006,-0.10685467173002594,True
00000459_007,0.09683942889151498,False
00000459_008,0.04674091607698505,False
00000459_009,0.04881389545685888,False
00000459_010,0.00280869669556133,False
00000459_011,-0.03030001921204739,True
00000459_012,-0.054245194256773765,True
00000459_014,0.07832038331277219,False
00000459_015,-0.0034360040932125413,True
00000459_016,-0.00609045671770625,True
00000459_017,-0.1671834064429325,True
00000459_018,-0.05540620895902326,True
00000459_019,-0.11515046573292709,True
00000459_020,-0.0724024571798747,True
00000459_021,0.08416616732443177,False
00000459_022,-0.009305454933100088,True
00000459_023,0.08881883541637398,False
00000459_024,-0.03321270507750185,True
00000459_025,-0.05477586390754985,True
00000459_026,0.08447758094264896,False
00000461_000,0.11290026295532612,False
00000461_001,0.07991893018470186,False
00000461_002,0.11163623635602865,False
00000462_000,0.07019880410042789,False
00000463_000,0.1132014841821064,False
00000463_001,0.11334496596780735,False
00000464_000,0.11917779449485966,False
00000465_000,0.12443843742672922,False
00000465_001,0.1354266200269027,False
00000466_000,0.10230459947342113,False
00000466_001,-0.015545996100153392,True
00000466_002,-0.005760571056670272,True
00000466_003,0.09596631472665118,False
00000466_005,0.0727588401712213,False
00000467_000,0.10327290620758384,False
00000467_001,0.017836976530948956,False
00000467_002,0.04845909605101334,False
00000467_003,0.04341781324274718,False
00000467_004,0.011142959344540404,False
00000467_006,0.08865408120997587,False
00000467_005,0.07751850714833047,False
00000467_007,-0.04128053277986843,True
00000467_009,0.07490063017211124,False
00000467_008,-0.0072802851669336865,True
00000467_010,-0.18965821179298525,True
00000467_011,0.02331872119034828,False
00000467_012,-0.0015072953265885536,True
00000467_013,0.0038272907117077315,False
00000467_014,0.023049679544428492,False
00000468_043,0.11059160477000635,False
00000468_044,0.10248698146169283,False
00000468_045,0.09258767820365765,False
00000468_046,0.04957677747339184,False
00000468_047,0.08256952924337152,False
00000468_048,0.10059632002149549,False
00000468_049,0.12549732327448426,False
00000468_050,0.11614331042320275,False
00000468_051,0.10625376626323635,False
00000468_052,-0.03772045678137248,True
00000468_053,0.09578736554298428,False
00000468_054,0.015929922077879632,False
00000468_055,0.08746902407227203,False
00000468_056,0.046762720310761896,False
00000468_057,0.11866430899240693,False
00000468_058,-0.03513376801307522,True
00000468_059,0.09601418015854923,False
00000468_060,0.042397160978086434,False
00000468_000,0.043709932355747105,False
00000468_001,-0.04230060072854447,True
00000468_003,-0.09191077443815376,True
00000468_004,-0.030581913422458307,True
00000468_005,-0.010495981071589888,True
00000468_006,0.04063105287675234,False
00000468_007,-0.14068733527733324,True
00000468_009,0.03095100977363252,False
00000468_008,0.05094607382758548,False
00000468_010,-0.050193015351264636,True
00000468_011,0.01716877477279477,False
00000468_012,0.0583971113510276,False
00000468_013,0.07659348556265344,False
00000468_014,0.05965521237291033,False
00000468_015,0.07650964581368075,False
00000468_016,0.044515996785763456,False
00000468_017,0.06769907723825191,False
00000468_018,-0.12384582547621203,True
00000468_019,0.06335457642123804,False
00000468_020,0.018616447151277193,False
00000468_021,0.0705951385068252,False
00000468_022,-0.04850003283425197,True
00000468_023,0.05005157709459657,False
00000468_025,-0.00017125595323619347,True
00000468_024,0.008797386440345112,False
00000468_026,0.02012401319463286,False
00000468_027,0.0699576175035101,False
00000468_028,-0.010840332279390519,True
00000468_030,-0.02782774808234101,True
00000468_029,-0.01711158803194124,True
00000468_031,0.054555713039677045,False
00000468_032,0.06642832669292453,False
00000468_033,0.03409643655963024,False
00000468_034,0.09199912191147247,False
00000468_035,0.03846364367473337,False
00000468_036,0.047582188171355344,False
00000468_037,-0.010792663491502985,True
00000468_038,-0.10226852484742033,True
00000468_039,-0.02286222718079034,True
00000468_040,-0.09198997861948965,True
00000468_041,-0.10585411180683557,True
00000468_042,0.09630156121796424,False
00000469_001,0.11530356642483458,False
00000469_002,0.11547103044533369,False
00000469_000,0.10865476174275401,False
00000470_000,0.1138502804381552,False
00000471_000,0.10913661677249831,False
00000472_000,0.11237390497192262,False
00000473_000,0.11149674771503282,False
00000474_000,0.11647339878986906,False
00000475_000,0.12799830876268398,False
00000476_000,0.06934039179847279,False
00000477_000,0.11472848799635238,False
00000478_000,0.11413832421376102,False
00000478_001,0.10553755692294786,False
00000478_002,0.09084937583891534,False
00000479_000,0.11485720755184431,False
00000480_000,0.12493938270380756,False
00000481_000,0.08106456398524092,False
00000481_001,0.11408136186702045,False
00000482_000,0.08392718144827604,False
00000483_000,0.0790657856646042,False
00000484_000,0.11677459664045908,False
00000484_001,-0.06704372810355275,True
00000485_000,0.05708901255632137,False
00000486_000,0.10723332400815494,False
00000486_001,0.090629407669435,False
00000486_002,0.11029273999816785,False
00000486_003,0.08338461879564785,False
00000487_000,0.10719594414465639,False
00000488_000,0.1129363820997662,False
00000488_001,0.03399623875490887,False
00000488_002,0.10263295977690329,False
00000488_003,0.12256501874641029,False
00000489_000,0.09531092773783278,False
00000489_001,0.05960999678043022,False
00000489_002,0.10841383719728676,False
00000489_003,0.0644304887346645,False
00000489_004,0.07010522423366211,False
00000489_005,0.08703704416396257,False
00000489_006,0.06332274843590407,False
00000489_007,0.06487209446739806,False
00000489_008,0.08735546960175478,False
00000490_001,-0.025880720800629753,True
00000490_002,0.037771867759291644,False
00000490_003,0.0017281900701052177,False
00000490_004,0.011975592210759,False
00000490_005,-0.02389638617649492,True
00000490_006,0.06260499760355376,False
00000491_019,-0.15026093448515065,True
00000491_020,0.11225694498870481,False
00000491_021,0.12057106652568694,False
00000491_022,0.12462298990449694,False
00000491_023,-0.0503025713906643,True
00000491_024,-0.024042212930269424,True
00000491_025,0.019700071694622567,False
00000491_001,0.04536934170144291,False
00000491_002,0.0674296068963785,False
00000491_003,-0.040507982850422675,True
00000491_004,-0.19309749042833513,True
00000491_005,-0.02479051088310591,True
00000491_006,-0.100005304323465,True
00000491_008,-0.16719502133104924,True
00000491_007,-0.16486623118407928,True
00000491_009,-0.17263405154470535,True
00000491_010,-0.04414167694689963,True
00000491_011,-0.042150761998155484,True
00000491_012,0.059312125488759804,False
00000491_013,0.06246699983968679,False
00000491_014,0.08596835450111795,False
00000491_015,0.006488520755692118,False
00000491_016,-0.15790096920618224,True
00000491_017,0.0702277639456616,False
00000491_018,0.03003055571144292,False
00000492_000,-0.04916848761216097,True
00000492_001,0.11511728727947979,False
00000493_000,0.08312300289961216,False
00000494_001,0.11293471839803554,False
00000494_002,0.0791038710036982,False
00000494_003,0.07609280553413389,False
00000494_005,-0.002264064590637438,True
00000494_006,0.05450540144618421,False
00000494_000,0.0592004479390954,False
00000495_000,0.11707076743656952,False
00000496_000,0.08208538228621087,False
00000498_002,0.12393653535592442,False
00000498_003,-0.035121679037956044,True
00000498_000,0.11972254299319618,False
00000498_001,-0.048735932560331485,True
00000499_000,0.09074865858362696,False
00000499_001,0.08481282155581182,False
00000499_002,0.10458497863453609,False
00000499_003,0.05305725066770206,False
00000499_004,0.042455330718928264,False
00000499_005,0.055170555695637336,False
00000499_006,-0.040453107948482225,True
00000499_007,0.03466158416295939,False
00000499_009,-0.02448918277862233,True
00000499_010,0.10305379435992995,False
00000499_011,0.09354278567073354,False
00000499_012,0.029311508430341082,False
00000500_003,0.11492762776344612,False
00000500_004,0.1199902629416928,False
00000500_005,0.11509056387599703,False
00000500_006,0.12130692836627832,False
00000500_007,0.1255334507245498,False
00000500_008,0.12750335635234844,False
00000500_009,0.10527158623161709,False
00000500_000,0.1094896104454256,False
00000500_001,0.09446213164483852,False
00000500_002,-0.06128079569622935,True
00000501_000,-0.06144832929004218,True
00000502_000,0.11334125059270472,False
00000502_001,0.12517552083735806,False
00000502_002,0.12067066883538408,False
00000502_003,0.06342528021013005,False
00000502_004,0.07513731222908854,False
00000502_005,0.10055525093722695,False
00000502_006,0.031557786917529196,False
00000502_008,0.12111656280175165,False
00000502_007,0.04303558896099785,False
00000502_010,0.09166477603760381,False
00000502_011,0.06435951780051913,False
00000502_009,0.0253809008134544,False
00000502_012,0.0877375535313244,False
00000502_013,0.0757463634298024,False
00000502_014,0.11136330496566016,False
00000502_015,0.09336108996569359,False
00000502_016,0.05718980321195616,False
00000503_000,0.11629338087832597,False
00000505_000,0.12860095744814082,False
00000505_001,0.1319442854672006,False
00000506_000,0.11923604432721607,False
00000506_001,0.11906126822583107,False
00000506_002,0.10726677497358478,False
00000506_003,0.05749613279895016,False
00000506_004,0.10496150369409618,False
00000506_005,0.06603733891137537,False
00000506_006,0.1342380704836812,False
00000506_007,0.0943851528371214,False
00000506_008,0.10535329425842038,False
00000506_009,0.12152845534660928,False
00000506_010,0.11511445302930434,False
00000506_011,0.062424961757890585,False
00000506_012,0.0006956349091877811,False
00000506_013,0.060821289752804264,False
00000506_014,0.05371629964276553,False
00000506_015,0.048331231901592,False
00000506_016,0.07837945080411751,False
00000506_017,0.11320440916907826,False
00000506_018,-0.07700245006762696,True
00000506_019,0.01036958530444898,False
00000506_020,0.08612277256735473,False
00000506_021,0.07912783739142493,False
00000506_022,0.09227573063082678,False
00000506_023,0.03974635418217448,False
00000506_024,0.03298632696567222,False
00000506_025,0.10848204877738904,False
00000506_026,0.11639250280218744,False
00000506_027,0.08392181035694751,False
00000506_028,0.09588913107765734,False
00000506_029,0.055120881928438226,False
00000506_030,0.05368382338002092,False
00000506_031,0.058948775261579545,False
00000506_032,0.08099335070368469,False
00000507_000,0.11700134054773259,False
00000508_000,0.11592347146559934,False
00000508_002,0.03883089683620511,False
00000509_000,0.09642632212640156,False
00000509_001,0.11042139851593469,False
00000510_000,0.10810442739590914,False
00000511_000,-0.008060825100540736,True
00000511_001,0.09890324950211754,False
00000512_000,0.12282863395881805,False
00000512_001,0.07786916303643948,False
00000512_002,0.0317403151409838,False
00000513_000,0.11897502236875424,False
00000514_000,0.12849370369775814,False
00000514_001,0.11573306528530075,False
00000514_002,0.115602335161539,False
00000514_003,0.12115847841147209,False
00000514_005,0.03658005867427738,False
00000514_006,-0.044923029848074725,True
00000515_000,0.11854025914929067,False
00000516_000,0.13198150684329024,False
00000517_001,-0.0994588565182325,True
00000517_002,0.12491992872115393,False
00000517_003,0.10806714837415321,False
00000517_004,0.004722062192964338,False
00000517_000,0.059607269253131534,False
00000518_000,0.13026315463012061,False
00000519_000,-0.04436430386643775,True
00000520_000,0.08826661440908479,False
00000521_000,0.12564763264384543,False
00000522_000,0.09003073179130583,False
00000522_001,0.08481675693145835,False
00000522_002,0.025606426614944444,False
00000522_003,0.11901785815572852,False
00000522_004,0.1170479127034787,False
00000522_005,0.09604098675704925,False
00000523_000,0.07244049960774207,False
00000524_000,0.05723109148782668,False
00000524_001,0.13026123276569146,False
00000524_002,0.0991109430941241,False
00000524_003,0.08509067134650744,False
00000526_000,0.07415978548071389,False
00000526_001,0.047093292805303666,False
00000527_000,0.12978352008956823,False
00000528_000,0.04287742421504653,False
00000528_001,0.11710629085190022,False
00000529_000,0.0962679514373796,False
00000529_001,0.0017271309841994098,False
00000530_000,0.1143735967247862,False
00000531_002,0.09508278414777188,False
00000531_003,0.10214004834507956,False
00000531_005,0.10591016419772936,False
00000531_000,0.11255465103202528,False
00000532_000,0.10960380786101426,False
00000533_004,0.011723217642789996,False
00000533_005,0.08735045682549009,False
00000533_000,0.04416205781330962,False
00000533_001,0.09747423767477537,False
00000533_002,0.015021968288605247,False
00000534_000,0.10068728724364556,False
00000534_001,0.11533438840705146,False
00000535_000,0.11577902114601085,False
00000537_000,0.10416455439613437,False
00000538_000,0.10545687198848297,False
00000538_001,0.08551823468123848,False
00000538_002,0.03334089291705694,False
00000538_003,0.13410170197124804,False
00000538_004,0.047402158963506524,False
00000539_000,0.10398381350795743,False
00000540_000,0.014604121786378765,False
00000540_001,-0.023475319080080936,True
00000540_002,-0.00710326574048914,True
00000541_003,0.05161461457506206,False
00000541_004,0.0738004895376832,False
00000541_000,0.0682806906517946,False
00000541_001,0.09232603701220476,False
00000542_000,0.06573487427346447,False
00000542_001,0.11859708951080383,False
00000543_000,0.08614571296169182,False
00000544_000,0.09481253096204467,False
00000545_002,0.07007666417151381,False
00000545_003,0.11532891295503261,False
00000545_004,0.13354509535776327,False
00000545_005,0.13450640568951688,False
00000545_006,0.11787210438216461,False
00000545_007,0.11989022196157822,False
00000545_008,0.10372323385829935,False
00000545_009,0.11279180417289841,False
00000545_000,0.12531988042420256,False
00000545_001,-0.11671607396110728,True
00000546_000,0.07646456437484811,False
00000547_001,0.08632758385551725,False
00000547_002,0.06400214560327139,False
00000547_003,0.13988864606207885,False
00000547_005,0.10335189815837476,False
00000547_006,0.12157568551902148,False
00000547_007,0.12612512276768761,False
00000547_008,0.05829030857842238,False
00000547_009,0.08946562780687362,False
00000547_000,0.06780779997757819,False
00000548_000,0.0843908209128153,False
00000548_001,0.117797273711237,False
00000548_003,0.12267120286581079,False
00000549_002,0.12635792281275382,False
00000549_003,0.12749345036714815,False
00000549_000,0.10077133926600168,False
00000549_001,0.09702194380862905,False
00000550_000,0.09835728629211848,False
00000551_000,0.08885950912639123,False
00000552_000,0.03875382990089632,False
00000552_001,0.09209409690218706,False
00000552_002,0.09846799494221509,False
00000552_003,0.03739865489954769,False
00000553_000,0.12137913931228761,False
00000554_000,-0.04261670058289435,True
00000555_000,0.12545945499127087,False
00000556_000,0.10888600637792001,False
00000556_001,0.011427851916117615,False
00000556_002,0.1125818399655158,False
00000556_003,0.10811224880590825,False
00000557_000,0.10996467550603378,False
00000558_000,0.11881971100121003,False
00000559_000,0.023179584819428556,False
00000560_000,0.11078007305554982,False
00000560_001,0.09054602363645414,False
00000560_002,0.08803744346947745,False
00000561_002,0.10416847098393167,False
00000561_003,0.09732582865197231,False
00000561_000,0.08800167777495577,False
00000561_001,0.08269556195280064,False
00000562_000,0.10350042668460874,False
00000563_000,0.1063778830944701,False
00000564_000,0.11808272214311083,False
00000565_000,0.10362616838213301,False
00000566_000,0.1292603032609364,False
00000566_001,0.10732304885271671,False
00000566_002,0.10043878116397376,False
00000566_003,0.10443188087314415,False
00000566_004,0.1286334703677791,False
00000566_005,0.11585135569435484,False
00000567_000,0.028638336761335925,False
00000568_000,0.04381382352240376,False
00000569_001,0.08744796055625065,False
00000569_003,0.11270942318917448,False
00000569_004,0.08118906550893551,False
00000569_000,0.08115400597365685,False
00000570_000,0.05499904604309652,False
00000570_001,0.12153290995495569,False
00000571_002,0.11103314315640622,False
00000571_003,0.12203457320830169,False
00000571_004,0.08613532112100131,False
00000571_005,0.10746457593148467,False
00000571_000,0.11288420108368652,False
00000571_001,-0.10528812388263808,True
00000572_000,0.038744519706987,False
00000572_001,0.09515091197337672,False
00000572_002,0.013014260378814924,False
00000573_008,0.13236477474057534,False
00000573_009,0.09418052107601099,False
00000573_010,0.11798735601048288,False
00000573_011,0.11742843260798869,False
00000573_012,0.10544288996850987,False
00000573_000,0.0923002803612964,False
00000573_001,0.11284807670992347,False
00000573_002,0.06423050130143804,False
00000573_003,0.09680229288533615,False
00000573_004,0.020327209171101146,False
00000573_005,0.0675823566986048,False
00000573_006,-0.00331361243664019,True
00000573_007,0.05909290706036352,False
00000574_000,0.12949641911709114,False
00000575_000,0.11958856967544151,False
00000576_000,0.12520548244188684,False
00000576_001,0.10939850558974756,False
00000576_002,0.11011903273116974,False
00000577_000,0.11607837058975834,False
00000577_001,0.11619326248746803,False
00000577_002,0.11900015976071637,False
00000577_003,0.06444294919113575,False
00000578_000,0.10564815112655085,False
00000579_001,0.025619307707038408,False
00000580_003,0.10616355772577923,False
00000580_004,0.06401013682495904,False
00000580_005,0.04394353941046736,False
00000580_006,0.03505895710986512,False
00000580_007,0.084697949362248,False
00000580_008,0.08059021106709574,False
00000580_000,0.07068082071116949,False
00000580_001,-0.07515978087618858,True
00000580_002,-0.07332103689261371,True
00000581_000,0.10801816672737707,False
00000583_001,0.12721384876311342,False
00000583_002,0.01819085846500712,False
00000583_003,0.10754020239558149,False
00000583_004,0.08885271226897201,False
00000583_005,0.0693862029831841,False
00000583_006,0.05680602091450215,False
00000583_007,0.07414955301421527,False
00000583_009,0.0806697422829854,False
00000583_010,0.09047425531902814,False
00000583_008,0.0954101821269362,False
00000583_011,0.12289054010192124,False
00000583_012,0.07100048532084091,False
00000583_013,0.027220729354057338,False
00000583_014,0.02686657255204089,False
00000583_015,0.10726700168108694,False
00000583_017,0.10751173530121094,False
00000583_016,0.08459092000688667,False
00000583_018,0.08032073732089251,False
00000583_019,0.015531108784139769,False
00000583_020,-0.08545994342734853,True
00000583_021,0.11992812544608356,False
00000583_022,0.05720040344359956,False
00000583_024,0.07830459921924415,False
00000583_025,0.09040411789900926,False
00000583_026,0.08626664438782322,False
00000583_023,0.0874744782369502,False
00000583_027,0.0617746721454655,False
00000583_028,0.06964023186277596,False
00000583_029,0.03778771678591919,False
00000583_030,0.06397814560310128,False
00000583_031,0.08232586656186353,False
00000583_032,0.12792578138640098,False
00000583_033,-0.10174520175374901,True
00000583_034,0.08469352190059143,False
00000583_035,0.07124788383214453,False
00000583_036,0.0667788325146551,False
00000583_038,0.05493891540457341,False
00000583_039,0.08243378630673415,False
00000583_037,0.10241486799527971,False
00000583_040,0.08928081274966193,False
00000583_041,0.061144318198233294,False
00000583_042,0.0963829810372106,False
00000583_043,0.11114002636617748,False
00000583_044,0.08208451900756447,False
00000583_045,0.06798233262516606,False
00000583_046,0.12679791060963208,False
00000583_047,0.084794034687669,False
00000583_048,0.12463572405660861,False
00000583_049,0.027180075671291715,False
00000583_050,0.05838009167075536,False
00000583_051,0.09152653563931523,False
00000583_052,0.10313648230519451,False
00000583_053,0.09831845806960632,False
00000583_055,0.01221101318754142,False
00000583_056,0.07443886835368702,False
00000583_057,0.11826264835904438,False
00000583_058,0.12205448358491805,False
00000583_059,-0.007540972007821889,True
00000583_060,0.020809302318782752,False
00000583_061,-0.012216854603822158,True
00000583_062,0.10060671725198533,False
00000583_063,-0.009514626679237415,True
00000583_064,0.10744080421790247,False
00000583_065,0.07847490594305812,False
00000583_066,0.018484364360033867,False
00000583_000,0.015562251325850707,False
00000585_000,5.386264475609748e-05,False
00000586_000,0.10930139434607633,False
00000586_001,0.10869403139817829,False
00000587_000,0.09399131851449555,False
00000588_000,0.10681315192676422,False
00000588_001,0.07667879422923168,False
00000588_002,0.10200489929575296,False
00000588_003,0.09244052348897269,False
00000588_004,0.13215264651624103,False
00000588_005,0.11637994904180055,False
00000588_006,0.11423209874762408,False
00000589_000,0.10297634064129108,False
00000590_000,0.0978683563989266,False
00000591_000,0.1101673750546488,False
00000591_001,0.1259303281103682,False
00000591_002,0.10542359171208182,False
00000591_003,0.06204387923101723,False
00000591_004,0.12475531523922234,False
00000591_005,0.12405476555156597,False
00000591_006,0.09992582670922184,False
00000591_007,0.11556700002315928,False
00000591_008,0.044071421496506946,False
00000591_009,0.05579693018835652,False
00000591_010,0.10072948005770876,False
00000591_011,0.11017903777825894,False
00000591_012,0.10525831806661823,False
00000591_013,0.10638052121601727,False
00000591_014,0.0592688216671069,False
00000591_015,0.07724709569000637,False
00000591_016,0.10378147774447,False
00000591_017,0.10588656003580066,False
00000591_018,0.10408360026294544,False
00000591_019,0.11184256165107398,False
00000592_000,0.12153391799439417,False
00000592_001,0.11621631727315362,False
00000592_002,0.0867532983726742,False
00000593_000,0.11965562173429883,False
00000594_000,0.10240015476417236,False
00000595_000,0.11296206549405508,False
00000596_000,0.08876654533381512,False
00000597_000,0.09023582998167612,False
00000597_002,0.09989036592580397,False
00000598_000,0.07363917004261666,False
00000599_000,-0.0870919351815953,True
00000600_000,0.0934175452107025,False
00000601_000,0.11436247027652235,False
00000602_000,0.11811439029176912,False
00000605_000,0.03514305532132017,False
00000606_000,0.10962489144634097,False
00000607_000,0.09662721332389429,False
00000608_000,-0.0756305367681932,True
00000608_001,-0.11324845322703736,True
00000608_002,0.012706908107911363,False
00000608_003,0.08160280691031313,False
00000609_000,0.11745127007595246,False
00000609_001,-0.24916053277876637,True
00000610_000,0.12700097333076688,False
00000610_001,0.08260213207581724,False
00000611_000,0.11975271248644803,False
00000612_000,0.07739456063187683,False
00000613_000,0.09078681822125567,False
00000613_001,0.1180470088987679,False
00000613_002,0.027298689589274117,False
00000613_003,0.10010402246894168,False
00000613_004,0.08884702072649242,False
00000614_000,0.11660971480779542,False
00000615_000,0.10979275203739358,False
00000616_000,0.04398720775162568,False
00000617_000,0.0022478350040203154,False
00000618_001,0.11807302419005788,False
00000618_002,0.09283397555285644,False
00000618_003,0.0687523856671951,False
00000618_004,-0.017627867123039986,True
00000618_005,0.018428164872552222,False
00000618_006,-0.0197522111189109,True
00000618_007,0.015242185835276145,False
00000618_009,0.041591999503041654,False
00000618_010,0.03754456993217836,False
00000618_008,0.1117723597073163,False
00000618_011,0.11432911638671384,False
00000618_000,-0.035082901202545536,True
00000619_002,0.04934379428268015,False
00000620_000,0.07471163437121353,False
00000620_001,0.0975528545227593,False
00000620_002,-0.11227697247328172,True
00000621_004,0.08846031760886136,False
00000621_005,0.1252744780704078,False
00000621_006,0.10470214173545367,False
00000621_007,0.10755669572231824,False
00000621_008,0.11892515814714405,False
00000621_009,0.10437258919806625,False
00000621_010,0.0999655723040882,False
00000621_011,0.059596034742757376,False
00000621_012,0.09877096694640486,False
00000621_013,0.08870893685364367,False
00000621_000,0.0640283159561702,False
00000621_001,-0.0028919678942870286,True
00000621_002,-0.033818129450060797,True
00000621_003,0.08725869314622353,False
00000622_000,0.06344064771198188,False
00000623_004,0.11213424385700987,False
00000623_005,0.11828637145260928,False
00000623_006,0.12304322780854005,False
00000623_007,0.10980668610182276,False
00000623_008,-0.003148346610505115,True
00000623_009,0.07222219871557967,False
00000623_010,0.10714669602204685,False
00000623_000,0.09544284127760227,False
00000623_001,0.047786009946068186,False
00000623_002,-0.0006596070558421152,True
00000623_003,0.011310467208336117,False
00000624_005,0.10920045635570924,False
00000624_006,0.04581993018093278,False
00000624_000,0.08565166626501847,False
00000624_001,0.03818835088746941,False
00000624_002,0.06350523159232047,False
00000624_003,-0.05946684468893948,True
00000625_000,0.09328472235859131,False
00000625_001,0.1304793904489855,False
00000626_000,0.09877745495191004,False
00000626_001,0.12488007414466806,False
00000627_000,0.11703038719340042,False
00000627_001,0.10126263848635492,False
00000627_002,0.10948751224378833,False
00000627_003,0.113422306597671,False
00000627_005,0.1169609969904647,False
00000627_006,0.11122561990944224,False
00000627_004,0.10887458660146404,False
00000627_007,0.11583364017966202,False
00000627_008,0.11085051516834149,False
00000627_009,0.11731756174605756,False
00000627_010,0.11876342897668618,False
00000627_011,0.049022835096845685,False
00000627_012,0.0876661994191939,False
00000627_013,0.11034820130307232,False
00000627_014,0.13057131850216247,False
00000627_015,0.10672691539420631,False
00000627_016,0.07362320884327056,False
00000627_017,0.1107495840957502,False
00000627_018,0.09114576512645128,False
00000627_019,0.10640508419330003,False
00000627_020,0.12846624513748772,False
00000627_021,0.1230450096338549,False
00000627_022,0.12067266259549031,False
00000627_023,0.13658536047756026,False
00000627_024,0.12785617606538613,False
00000627_025,0.13426673309842402,False
00000627_026,0.12892854601376375,False
00000627_027,0.10685555977330169,False
00000627_028,0.07273753487623696,False
00000627_029,0.05829547995879564,False
00000627_030,0.09668899808116033,False
00000627_031,0.012452905566281702,False
00000627_032,0.07785162771644044,False
00000627_033,0.07060003082570177,False
00000627_034,0.08627073221129078,False
00000627_035,0.08099940303918368,False
00000627_036,-0.020039952736401023,True
00000627_037,0.049126452138387955,False
00000628_002,0.05568922012208338,False
00000628_000,0.0629957610525968,False
00000628_001,-0.0420374694023925,True
00000629_000,-0.2197147320776961,True
00000630_000,0.11764940354182485,False
00000631_000,0.12454343459512585,False
00000631_001,0.03378000337163639,False
00000631_002,0.02262347849346319,False
00000631_003,0.04374504621467462,False
00000631_004,0.03149176912629076,False
00000631_005,0.03779036465886865,False
00000631_006,0.10463220526056183,False
00000631_007,0.10501407668940305,False
00000631_008,-0.00839907649144278,True
00000632_000,0.028389211346419807,False
00000632_001,0.07198489021446025,False
00000632_002,0.10693679161754616,False
00000632_003,0.11477266244417467,False
00000632_004,0.1286654135545764,False
00000632_007,0.09590748361610363,False
00000632_008,-0.14627228461448605,True
00000632_009,0.029656948345565315,False
00000632_010,0.06779124302479761,False
00000633_000,0.10190337242631331,False
00000633_001,0.07108401140587045,False
00000634_004,0.11399700312070649,False
00000634_005,0.09339188842383023,False
00000634_006,0.11732659602900414,False
00000634_007,0.0610266011150693,False
00000634_008,0.10629822081863344,False
00000634_001,-0.005241806371189428,True
00000634_002,0.08780098920908386,False
00000634_003,-0.10012870754874925,True
00000635_000,0.12183365831048731,False
00000635_001,0.10731441708435474,False
00000636_000,0.1283042723087427,False
00000637_000,0.11674078803934873,False
00000638_000,0.10661674950419225,False
00000639_000,0.06769706265524583,False
00000640_000,0.061796464120175976,False
00000640_001,0.10666046226831133,False
00000641_000,0.08016023690574314,False
00000642_000,0.11392472524442604,False
00000643_000,0.1152382027024324,False
00000643_001,-0.006055858605383824,True
00000643_003,0.032323949668417395,False
00000643_004,0.11619329431840303,False
00000643_005,0.022765442154427495,False
00000643_007,0.08210495773166071,False
00000643_008,0.000808606858445915,False
00000644_000,0.10329927032782676,False
00000644_001,0.1059977433451359,False
00000645_000,-0.09390807453494332,True
00000646_003,0.117021238811304,False
00000646_004,0.12422566101343918,False
00000646_005,0.12951142004525312,False
00000646_006,0.11433462181375664,False
00000646_007,0.011918250395801855,False
00000646_000,0.05983379688546431,False
00000646_001,0.05797256811364543,False
00000646_002,-0.025621316926615734,True
00000647_000,-0.09229493178592962,True
00000648_000,0.09446778283246299,False
00000648_001,0.06494445022937695,False
00000649_000,0.1094652106391561,False
00000650_000,0.036581056387634314,False
00000651_000,0.055440341581764974,False
00000652_000,0.12343990439521152,False
00000652_001,0.11167213079495109,False
00000652_002,0.09514917044396959,False
00000652_003,0.0769411282047105,False
00000652_004,0.04581459708775687,False
00000652_005,0.08416544915195012,False
00000652_006,0.06133879457456942,False
00000652_007,-0.010208837896281908,True
00000652_008,-0.0026895823590245005,True
00000652_009,0.046385528904698936,False
00000652_010,0.04849783214172604,False
00000652_012,0.09345076575932759,False
00000652_013,0.0769079997288103,False
00000652_014,-0.06676095829188211,True
00000652_015,-0.08537046893422107,True
00000652_016,0.07801619668436033,False
00000652_017,0.06047177667956799,False
00000652_018,-0.10483790085249889,True
00000652_019,0.06071720683464138,False
00000652_020,0.062370722221642194,False
00000652_021,-0.0012662280466981812,True
00000652_022,0.04027473639061713,False
00000652_023,-0.0882856661599144,True
00000652_024,0.09643336000010339,False
00000652_025,0.08372022578770988,False
00000652_026,-0.023876928347910442,True
00000653_000,0.11924362238497155,False
00000653_001,0.050990364866649374,False
00000654_001,0.08378514196090547,False
00000655_000,0.04694224195664143,False
00000655_001,0.054599846834371024,False
00000655_002,0.08364969104171582,False
00000655_003,0.08216257783611935,False
00000655_004,0.0788888135452917,False
00000655_005,0.036322535753999796,False
00000655_006,0.11977143747820623,False
00000656_000,0.07639092421075327,False
00000657_000,0.07683261317270729,False
00000658_000,-0.07366302694225801,True
00000659_000,0.027921483817724357,False
00000659_001,0.07564618852714805,False
00000659_002,0.11441197116221041,False
00000661_001,0.12558375260379018,False
00000661_000,-0.057318674079511855,True
00000662_003,0.1300383041374461,False
00000662_004,0.07628711681421341,False
00000662_005,0.09394434954269087,False
00000662_006,0.12209484836394346,False
00000662_007,0.12027736608620437,False
00000662_008,0.13169385238989129,False
00000662_009,0.09640734762067787,False
00000662_010,0.1040607328437751,False
00000662_001,0.11597258644665676,False
00000662_002,-0.06892537726696435,True
00000663_000,0.09045003105017324,False
00000664_000,0.03037478945639549,False
00000665_000,0.10369708053371374,False
00000666_000,0.046374755169260595,False
00000667_000,0.010463085924655058,False
00000668_000,0.10983909240684109,False
00000669_000,0.13252709616424235,False
00000670_000,-0.08634767545601818,True
00000671_000,-0.03264622391706151,True
00000672_000,0.09607017535851936,False
00000673_000,0.05722589813549511,False
00000674_000,0.08014848009974812,False
00000675_000,0.11861686219169759,False
00000676_001,0.12200551777163443,False
00000676_002,0.05052391337498968,False
00000676_003,0.08030848387967232,False
00000676_004,0.062350092801158,False
00000676_000,0.06587651093192776,False
00000677_000,0.04146131242961515,False
00000678_000,-0.22403760859805233,True
00000679_000,0.11761399061567501,False
00000680_000,0.11339700581807555,False
00000681_000,0.09817587899553298,False
00000682_000,0.11947155244084184,False
00000682_001,0.11869032874736202,False
00000682_002,0.10176075575230925,False
00000682_003,-0.1042926544103816,True
00000682_004,0.11068486649527254,False
00000683_001,0.13315923788665163,False
00000683_002,0.08403568255178756,False
00000683_004,0.06143955767007275,False
00000683_005,0.11050158312059544,False
00000684_000,0.06386316628728761,False
00000685_000,0.0005070022431833965,False
00000686_000,-0.00670050167407954,True
00000687_000,0.09437755524068131,False
00000688_000,0.1220833028349464,False
00000688_001,-0.010878176010076457,True
00000688_002,0.04543320839068532,False
00000689_000,0.11587719476622771,False
00000690_000,0.04486508601358985,False
00000691_000,0.12304798584679921,False
00000692_000,0.037524015805289745,False
00000693_001,0.1054782897156788,False
00000693_003,0.1113345955198144,False
00000693_004,0.13319789826235506,False
00000693_005,-0.0027681355285136267,True
00000693_006,0.09593928348107672,False
00000693_000,0.05381675001605363,False
00000694_000,0.10909809644961899,False
00000694_001,0.1161718347786892,False
00000694_002,0.09715640921801211,False
00000695_000,-0.03569336059668882,True
00000696_000,0.10186224021640217,False
00000697_004,0.05964442769801048,False
00000697_005,0.1269514335199518,False
00000697_006,0.11331642476234222,False
00000697_007,0.11630297951768959,False
00000697_008,0.11271518011580245,False
00000697_009,0.114263877092382,False
00000697_000,0.10978990752920098,False
00000697_001,0.10153743921401737,False
00000697_002,-0.1303623398516417,True
00000697_003,-0.0952819121883891,True
00000698_000,0.1305079116306107,False
00000699_001,0.11357102625276483,False
00000700_001,0.11020488538680012,False
00000700_000,0.06128453839045411,False
00000701_000,0.12004541610128477,False
00000702_000,0.11460170634985484,False
00000702_001,0.12443957622077612,False
00000702_002,0.12183242464567962,False
00000702_003,0.062735965793769,False
00000703_000,-0.09871614945011176,True
00000704_000,0.12509511842407323,False
00000704_001,0.10719697005399931,False
00000704_002,0.11585599724056028,False
00000704_003,0.1147889736171997,False
00000705_000,0.10958088189681187,False
00000705_001,0.06674069035731495,False
00000705_002,-0.08053911236048694,True
00000706_000,0.11824028819993265,False
00000707_000,0.0001976165233866789,False
00000707_001,0.06045807923434421,False
00000707_002,0.0493993707162671,False
00000707_003,0.09444997395708743,False
00000707_004,0.11662420785579286,False
00000708_000,0.12555887926461634,False
00000709_003,0.11066283107890179,False
00000709_004,0.09090814316290374,False
00000709_005,0.09056403963133253,False
00000709_006,0.02925635783082592,False
00000709_007,0.09806677778320255,False
00000709_000,0.013413538113897283,False
00000709_001,0.08542527184613019,False
00000709_002,-0.079195678081048,True
00000710_000,0.08971010564838633,False
00000710_001,0.10722361433261496,False
00000710_002,0.1065401887030955,False
00000710_003,0.12858181361089266,False
00000710_004,0.07965426075799964,False
00000710_006,0.09956885204324911,False
00000711_005,0.1353759892150701,False
00000711_006,0.11915079385425381,False
00000711_007,0.11967814562884871,False
00000711_008,0.11854895483822009,False
00000711_009,0.1145783818777717,False
00000711_010,0.11877587730669087,False
00000711_011,0.13163455510824934,False
00000711_012,0.12440617486916583,False
00000711_000,-0.01938087647357245,True
00000711_001,-0.0011570892132229949,True
00000711_002,-0.002222500596546051,True
00000711_003,-0.0036106608353267955,True
00000711_004,0.10190174403803826,False
00000712_000,0.11621363418288083,False
00000712_001,0.11676557139958349,False
00000713_000,0.08609665864208438,False
00000714_000,0.11872553118163065,False
00000714_001,0.12650494001196894,False
00000715_000,0.12966488575656515,False
00000715_001,0.11461587511644228,False
00000716_001,0.0774347265044204,False
00000716_002,0.013495825449449272,False
00000716_003,0.0308209383485451,False
00000716_000,0.01525293074337325,False
00000717_000,0.041496983893367645,False
00000718_000,0.10528982154039718,False
00000718_001,0.1275792349324904,False
00000719_000,0.10807851248383804,False
00000720_000,0.0835467891645259,False
00000720_001,0.036805885092179524,False
00000720_002,0.05185636620180295,False
00000720_003,0.04568262660679867,False
00000720_004,-0.03355929266429225,True
00000720_005,0.07704159267560262,False
00000720_006,0.09694193889396219,False
00000721_000,0.1371162759768082,False
00000721_001,0.12709862610559208,False
00000722_000,0.11770194375622817,False
00000723_002,0.1320405817808909,False
00000723_003,0.13376690028238486,False
00000723_004,0.059846720805677045,False
00000723_005,0.11513271831628424,False
00000723_000,-0.09636033861115745,True
00000723_001,-0.04277015446297383,True
00000724_000,0.10997530306568193,False
00000725_000,0.12590867648908766,False
00000727_001,0.08529039348269479,False
00000727_002,0.06394416894629901,False
00000727_003,0.008386531852972223,False
00000727_004,0.02838993526485467,False
00000727_005,0.11391268169406965,False
00000727_006,0.11461068834040838,False
00000727_007,0.08453346021913205,False
00000727_008,0.11640237505371365,False
00000727_009,0.11235164382637469,False
00000728_000,0.11285561567308083,False
00000729_000,0.12137668309989563,False
00000730_000,0.12510543777114702,False
00000731_003,0.10990586282423609,False
00000731_004,0.10063584869702874,False
00000731_005,0.11406950707435454,False
00000731_006,0.05585185014779431,False
00000731_007,0.07094985734204307,False
00000731_008,0.08274894107018227,False
00000731_000,0.08386078135016967,False
00000731_001,0.10578530559028365,False
00000731_002,-0.08344169408341107,True
00000732_000,0.11465814999649804,False
00000732_001,0.05663667544803058,False
00000732_002,0.1262640830001704,False
00000732_003,0.0442634062747026,False
00000732_004,0.07786414940873049,False
00000732_005,0.08226599471268081,False
00000732_006,0.11187054096831966,False
00000732_007,-0.1342543686779205,True
00000732_008,0.039605902978223695,False
00000732_009,0.05135913802506853,False
00000732_010,0.12055012317226083,False
00000733_000,0.10400103279544132,False
00000733_001,0.12473010761852188,False
00000733_003,0.10216930902828358,False
00000734_000,0.12948735551258356,False
00000735_000,0.11346863334315871,False
00000736_000,0.1140145650099944,False
00000737_000,0.12103051844847951,False
00000738_000,0.1222361806981147,False
00000739_000,0.11423807640874911,False
00000739_001,-0.08546220104776603,True
00000740_000,0.03541685500017805,False
00000740_001,0.08551816754953878,False
00000741_002,0.0721176576737213,False
00000741_004,0.12029777172698897,False
00000741_006,0.12622890593118785,False
00000741_007,0.10638857978089816,False
00000741_008,0.014997209939221434,False
00000741_000,0.10521026415199214,False
00000741_001,0.0664768623005958,False
00000742_000,0.11362700023407657,False
00000742_001,0.1269401760287721,False
00000742_002,0.09543038022812522,False
00000742_003,0.10086913978571421,False
00000742_004,0.05395387516754252,False
00000743_001,0.11863762838228475,False
00000743_002,-0.03978265291584149,True
00000743_003,0.11078993654717156,False
00000743_000,-0.010922310540123048,True
00000744_000,0.11536983393132588,False
00000744_001,0.11136082892532884,False
00000744_002,0.03689235153451842,False
00000744_003,0.11326111973485697,False
00000744_004,0.10479561620686317,False
00000744_005,0.10764919123357591,False
00000744_006,0.10634019552107365,False
00000744_007,0.11405705367606078,False
00000744_008,0.10386513711608814,False
00000744_009,0.0875555814382587,False
00000744_010,0.12040477227031143,False
00000744_011,0.0957391399241388,False
00000744_012,0.10704802640837091,False
00000744_013,0.1372816541545528,False
00000745_000,0.041561402359318544,False
00000745_001,0.08471331542722932,False
00000745_002,0.09335462700554709,False
00000746_000,0.10558566093285099,False
00000747_001,0.04406359930946818,False
00000747_000,0.07541332738478923,False
00000748_000,-0.1811088609828586,True
00000749_000,0.12316806259242602,False
00000750_000,0.10144258478637969,False
00000751_000,0.10050936291871665,False
00000752_001,0.11613094422387826,False
00000752_000,0.10821390473634696,False
00000753_000,0.12328199163893283,False
00000753_001,0.12513434302171023,False
00000754_000,0.11252311449857538,False
00000754_001,-0.038235642139964554,True
00000754_002,0.0393101085675745,False
00000754_004,-0.023517065660028424,True
00000754_005,0.06001253341729673,False
00000754_006,0.06478264012351581,False
00000755_000,0.07416160348508477,False
00000756_002,0.09418948908704894,False
00000756_003,0.08927628206823907,False
00000756_004,0.10190247668840263,False
00000756_005,0.0736553284066705,False
00000756_000,-0.08930277938555498,True
00000756_001,-0.12075032688755483,True
00000757_000,0.12356709194992072,False
00000757_001,0.06966427711751916,False
00000758_000,0.11735151292979945,False
00000758_001,0.08346363225717274,False
00000758_002,0.10531277493950691,False
00000758_003,0.10588051330207099,False
00000759_000,-0.09908514981400796,True
00000760_000,0.11264461203232073,False
00000761_008,0.10257566848800403,False
00000761_009,0.11967267820499167,False
00000761_010,0.028196623314891422,False
00000761_011,0.06761353391288905,False
00000761_000,0.024627684288348717,False
00000761_001,0.08136523643440119,False
00000761_002,-0.05873963769478596,True
00000761_003,0.03949938231234462,False
00000761_004,-0.018462384153148492,True
00000761_005,-0.0990849487516201,True
00000761_006,0.025995729571126502,False
00000761_007,0.013925443886187827,False
00000762_000,0.09469468895892136,False
00000762_001,0.07986373231446064,False
00000763_000,0.12479385640021934,False
00000764_000,0.09395903456691634,False
00000764_001,0.1126443285932674,False
00000764_002,0.12229416016900707,False
00000764_003,0.0750325453101287,False
00000765_001,0.1255247336350131,False
00000765_002,0.10632176918899511,False
00000765_003,0.09133404345284546,False
00000765_004,0.11826130982515648,False
00000765_005,0.13085988974769908,False
00000765_000,-0.1178892516871648,True
00000766_001,0.11690698804579153,False
00000766_002,0.12525974588486866,False
00000766_003,0.07936310692740356,False
00000766_004,0.11325460098124585,False
00000766_005,-0.1625513461932826,True
00000766_006,0.06530259153111784,False
00000766_007,0.07610465460119487,False
00000766_008,0.09989410612136762,False
00000766_009,0.04850500033261579,False
00000766_010,0.04000960245079943,False
00000766_011,0.04617155705976034,False
00000766_012,0.029401206597691687,False
00000766_013,0.06729345734389885,False
00000766_014,0.07577059760232685,False
00000766_015,0.0869372665078878,False
00000766_016,0.07282155880079733,False
00000766_017,0.09434874108300667,False
00000766_018,0.07211276200394962,False
00000766_019,0.08141774097929577,False
00000766_020,0.08601991556595773,False
00000766_021,0.10343035063387396,False
00000766_022,0.10947595249586717,False
00000766_023,0.06481270755635793,False
00000766_024,0.08963317519814812,False
00000766_025,0.06365415725448226,False
00000766_026,0.06357151301637737,False
00000766_027,0.10584954618236081,False
00000766_028,-0.017652328288832564,True
00000767_000,0.11996018732461283,False
00000769_000,0.12779193570326935,False
00000770_000,0.11925297990509837,False
00000770_001,0.09976683897780042,False
00000771_000,0.06695670925074115,False
00000771_001,0.08936272327357342,False
00000772_001,0.11698033317337564,False
00000772_002,0.1287064255804003,False
00000772_003,0.07958144829831504,False
00000772_004,0.12257031823007408,False
00000772_005,0.06710377609410723,False
00000772_006,0.09425330620499206,False
00000772_007,0.10918418718638262,False
00000772_008,0.04079235099073908,False
00000772_009,0.016587559384690975,False
00000772_000,0.1185869863399634,False
00000773_000,-0.1018621940642771,True
00000774_000,0.1158883849937648,False
00000775_000,-0.06369059103041341,True
00000776_000,0.0695856891749082,False
00000777_000,0.12285182258958927,False
00000777_001,0.01341105511288826,False
00000778_000,0.1267554744018805,False
00000779_000,0.11491710918848919,False
00000779_001,0.12345529577053682,False
00000780_000,-0.04818575446110296,True
00000781_003,0.12090997704985978,False
00000781_004,0.12259543331596212,False
00000781_005,0.1008650337390522,False
00000781_006,0.11978692031522375,False
00000781_009,0.07557285184736395,False
00000781_000,0.0691779232387742,False
00000781_001,-0.03316550610044544,True
00000781_002,0.11699722281916963,False
00000782_000,0.12547676975399097,False
00000782_001,0.10234811235779129,False
00000782_002,0.07660310581739016,False
00000782_003,0.12772442776780857,False
00000783_000,0.037444773988412394,False
00000783_001,0.1080939861751879,False
00000783_002,0.008799253123695228,False
00000784_000,0.12394731038018092,False
00000785_001,0.058158933073059305,False
00000785_002,0.04927340517136736,False
00000787_000,0.05131148037104577,False
00000787_001,0.0822670445524713,False
00000787_002,0.09362749653490193,False
00000787_003,0.06960216328523916,False
00000787_004,-0.07939425872079209,True
00000788_001,-0.00017572204317084505,True
00000788_000,0.1191677647444705,False
00000789_000,0.11476323899027108,False
00000790_000,0.11981837194745648,False
00000790_001,0.12037555537751726,False
00000790_002,0.11690687756654866,False
00000791_000,0.136427041491677,False
00000792_000,0.10515495477501902,False
00000792_001,0.1213767036165938,False
00000793_000,0.10927019008259514,False
00000794_000,0.13357035291724423,False
00000795_000,0.08052126471964272,False
00000796_003,0.13050494939287027,False
00000796_004,0.10497705308975397,False
00000796_005,0.07441563544997137,False
00000796_006,0.04623668531192876,False
00000796_008,0.04725935201543824,False
00000796_000,0.07650901374947755,False
00000796_001,0.1165177089766436,False
00000796_002,0.049613683441939616,False
00000797_000,0.013436561626525734,False
00000797_001,-0.00024191740338841417,True
00000797_002,-0.04876399805720055,True
00000797_003,0.023276384339495526,False
00000797_004,-0.045812026118103755,True
00000797_005,0.052130349444158175,False
00000798_000,0.11043292786445336,False
00000798_001,0.1174279682533842,False
00000798_002,0.07877462492273651,False
00000798_003,0.09251876433852707,False
00000798_004,0.06615326731877225,False
00000798_005,-0.03889018697890412,True
00000798_007,0.04783399340182737,False
00000798_009,-0.005020712884346024,True
00000798_010,0.04444988532811467,False
00000798_011,0.04580152121065634,False
00000798_012,0.046071635515788134,False
00000798_013,0.045405592152952756,False
00000798_014,0.08779716358912681,False
00000798_015,0.03782500526082028,False
00000798_016,0.08965697362126102,False
00000798_017,0.06830876707292849,False
00000798_018,0.049518942131286436,False
00000798_019,0.08563626892831733,False
00000798_020,0.08912546591355197,False
00000798_021,0.10130323916462769,False
00000798_022,0.024808807176259107,False
00000798_023,0.05545253569292419,False
00000798_024,0.005375510045080134,False
00000798_025,0.09617652386558329,False
00000798_026,0.012003314804085119,False
00000798_027,0.02057934261540395,False
00000798_028,0.10542934577653529,False
00000798_029,0.06316768848506316,False
00000798_030,0.07047968145303735,False
00000798_032,0.06918059596782478,False
00000798_031,0.11940428757644733,False
00000798_033,0.1113862797197131,False
00000798_034,0.06693496221155348,False
00000798_035,0.11984971127080202,False
00000798_036,0.04745576160536896,False
00000798_037,0.07943219041488825,False
00000798_038,0.015489339512990807,False
00000798_039,0.12935647042091286,False
00000798_040,-0.02412331585044114,True
00000799_000,0.11874648090817796,False
00000800_000,0.07556463985827477,False
00000800_001,0.11369304641036082,False
00000801_000,0.07577546915092925,False
00000802_000,0.12013233840472354,False
00000803_000,0.10914631670841501,False
00000804_000,0.11498385267058203,False
00000805_003,0.038724258443797954,False
00000805_000,0.09278322481695894,False
00000805_001,-0.10021919058071393,True
00000807_000,0.09681149623971691,False
00000808_006,0.13138926189153577,False
00000808_007,0.07644643181714555,False
00000808_008,0.09740832543135353,False
00000808_009,0.07989536180251255,False
00000808_010,0.06537949277253646,False
00000808_011,0.07981152728394042,False
00000808_012,0.07642902114350608,False
00000808_013,0.04438286132556618,False
00000808_014,0.04651311977565448,False
00000808_015,0.04264850259237829,False
00000808_016,0.09846185488511638,False
00000808_000,0.05046475341368922,False
00000808_001,0.003868760531424764,False
00000808_002,0.09447709767002799,False
00000808_003,0.03691762172435198,False
00000808_004,0.10241545935179541,False
00000808_005,0.0562889307933479,False
00000809_001,0.12062179434347226,False
00000809_002,0.11635148027122189,False
00000809_003,0.10087166164344041,False
00000809_004,0.10395047517232653,False
00000810_000,0.12573849270878262,False
00000811_000,0.10117016135389245,False
00000812_000,0.07948874825155311,False
00000813_001,0.09169524162518322,False
00000813_000,-0.0032744071320123247,True
00000814_000,0.04442729875658524,False
00000814_002,0.1071892233766385,False
00000814_004,0.12525326525207398,False
00000814_005,0.054049845823651244,False
00000814_006,-0.029920367051350594,True
00000814_007,0.08652626689717707,False
00000814_008,0.10478847783393813,False
00000815_001,0.10315469061916765,False
00000815_002,-0.008642118404983856,True
00000816_000,0.11720483502123408,False
00000816_001,0.057303565442269055,False
00000817_000,0.1093335355761274,False
00000817_001,0.10614486830752268,False
00000818_000,0.09401554184996119,False
00000819_000,0.0763826761061886,False
00000820_000,0.11831854688486942,False
00000820_001,0.06841738685113075,False
00000820_002,0.10004701242774772,False
00000820_003,0.08960368798861562,False
00000820_004,0.10911759676359678,False
00000820_005,0.0939203445256343,False
00000820_006,0.11338787635620179,False
00000820_007,0.09207959691626721,False
00000820_008,0.09555316749481213,False
00000820_009,0.07611324819320647,False
00000820_010,0.12468518040211751,False
00000820_011,0.1090706249999634,False
00000820_012,0.09060000530232548,False
00000820_013,0.09301664807908033,False
00000820_014,0.04937827855525845,False
00000820_015,0.03315060281653659,False
00000820_016,0.03315060281653659,False
00000820_017,0.05715979382601927,False
00000820_019,-0.01222998658247565,True
00000820_021,0.012558829313643938,False
00000820_022,-0.05846800559213827,True
00000820_023,0.05826994658555351,False
00000820_024,0.013283703106160505,False
00000820_025,-0.05012656908789115,True
00000820_026,0.040159687415305234,False
00000820_027,0.1105621570075293,False
00000820_028,0.01001241942511405,False
00000820_029,0.06615221628144274,False
00000820_030,0.020134994562754638,False
00000820_031,0.051522559176821636,False
00000821_000,0.08714848722829244,False
00000821_001,0.041872313316498155,False
00000822_000,0.10385202873124733,False
00000823_000,0.12332345821912566,False
00000823_002,-0.06868579835478894,True
00000823_003,-0.007623755981480795,True
00000823_004,0.06003337895843325,False
00000823_005,0.10285846619605665,False
00000824_000,0.12470533102805309,False
00000824_001,0.12825305578613466,False
00000825_001,0.11544811936032195,False
00000825_002,0.08955970106988864,False
00000825_003,0.10430931371840019,False
00000825_004,0.13394194391900488,False
00000826_000,0.08986549992481152,False
00000827_000,0.12488779611380407,False
00000827_001,0.09825770728658684,False
00000827_002,0.07082374351914361,False
00000827_003,0.03636886006273021,False
00000827_004,0.040018856579151274,False
00000827_005,0.0851701900191455,False
00000827_006,-0.04682923587498744,True
00000827_007,-0.01716003549038847,True
00000827_008,-0.033038583039405545,True
00000827_009,0.08817667210917834,False
00000827_010,-0.027408575883624664,True
00000827_011,0.08907732336382918,False
00000827_012,0.007894184844232544,False
00000827_014,0.09188641218334159,False
00000827_015,0.09545488024300175,False
00000827_016,0.10900491311589311,False
00000827_017,0.03306517263559916,False
00000827_018,-0.016101249277092222,True
00000827_019,-0.058538190942995505,True
00000827_020,-0.04878174528644785,True
00000827_021,-0.036645364642528544,True
00000828_000,0.01951722770240305,False
00000829_000,0.1121514110635351,False
00000830_000,0.10276900025859642,False
00000830_001,0.11378680327624047,False
00000830_002,-0.013503704038385411,True
00000830_003,-0.11715017782146053,True
00000830_004,-0.07222867150208812,True
00000830_005,-0.12546627827083146,True
00000830_006,-0.1259651405433776,True
00000831_000,0.09534034465544516,False
00000831_001,-0.029460668302813575,True
00000831_002,0.11684261321070899,False
00000831_003,-0.0009251058250658861,True
00000831_004,-0.03366816768028935,True
00000831_005,0.10752905645104177,False
00000831_006,0.03043936480569226,False
00000831_007,0.03360287778462295,False
00000831_008,-0.05298986104807191,True
00000831_009,0.011735841680154069,False
00000831_010,-0.033699770885415314,True
00000831_011,0.0495875893953705,False
00000831_012,0.10665419697999184,False
00000832_001,0.11658845621504837,False
00000832_002,0.08517088664033728,False
00000832_003,0.11281288244207238,False
00000832_004,0.10730617079516896,False
00000832_005,0.12842797901492464,False
00000832_006,0.10749400445623725,False
00000832_007,0.11698767786313641,False
00000832_009,-0.152379702973095,True
00000832_010,0.017870592149062614,False
00000832_000,-0.059083952737561396,True
00000833_000,0.0886850554074961,False
00000833_001,0.13253754261107992,False
00000834_000,0.10849610751527045,False
00000834_001,-0.08336309102039663,True
00000835_000,0.04924296042982024,False
00000836_000,0.10679502129658941,False
00000837_000,0.11681019527395681,False
00000838_000,0.10404268192342242,False
00000839_000,0.07935626791195322,False
00000840_000,0.07114030181796999,False
00000840_001,0.09006042816979337,False
00000841_000,0.13105898998470322,False
00000841_001,0.12156043069648448,False
00000842_000,0.12993524130166206,False
00000843_000,0.12289882318975248,False
00000844_000,0.09283329273616342,False
00000845_002,0.08269599266416211,False
00000845_003,0.11709333191188259,False
00000845_000,0.10501152713622797,False
00000845_001,-0.10318208961645903,True
00000846_000,0.12741389366281242,False
00000847_000,0.11633609339620127,False
00000847_001,0.11412371657315229,False
00000847_002,0.08827616347670897,False
00000848_000,0.1209548849231123,False
00000849_000,0.13160906344136142,False
00000850_000,-0.040562876422726934,True
00000851_000,0.1308740606288999,False
00000852_000,0.13312295390690188,False
00000853_000,0.11979510535364257,False
00000853_001,0.10898403320809946,False
00000853_002,0.11794506348447753,False
00000854_000,0.12795291446413898,False
00000855_000,0.12646162774905823,False
00000857_000,0.10709661048716584,False
00000857_001,0.11761533135022906,False
00000857_002,0.061113872607759134,False
00000857_003,0.08335584172686494,False
00000857_004,0.06896068996151172,False
00000857_005,0.0576907522767402,False
00000857_006,0.09581774159214707,False
00000857_007,0.06193853178010933,False
00000857_008,0.11520986043460951,False
00000857_009,0.009009865839049447,False
00000858_000,0.12357688454422866,False
00000859_000,0.07333830060137825,False
00000859_001,0.10387179480830194,False
00000859_002,0.1068901907892642,False
00000860_000,0.11176668540850493,False
00000860_001,0.08704337974944398,False
00000860_002,0.07178225795175552,False
00000861_003,0.11260761905239869,False
00000861_004,0.09499220399307967,False
00000861_001,-0.04118198984670296,True
00000861_002,0.03181721670172488,False
00000863_000,0.12140425906192454,False
00000864_000,0.12479805967883029,False
00000865_003,0.0317486143024146,False
00000865_004,0.02337261044514094,False
00000865_007,0.07790439852059766,False
00000865_008,0.12409272900749657,False
00000865_009,0.04719826167223684,False
00000865_010,0.12346630422846883,False
00000865_011,0.11911193293430716,False
00000865_000,-0.0037814736160406426,True
00000865_001,0.04598752275012519,False
00000865_002,0.10219867824107604,False
00000866_000,0.09496479906429184,False
00000867_000,0.11829427695794542,False
00000868_000,0.11339516858367993,False
00000869_006,0.10489732302299609,False
00000869_007,0.07103282106129183,False
00000869_008,0.11509583483309177,False
00000869_009,0.09968954585882223,False
00000869_000,0.0998833232429282,False
00000869_001,0.10738173898850767,False
00000869_002,0.03694768023844841,False
00000869_003,0.07673018931739028,False
00000869_004,0.04362059724838885,False
00000869_005,0.06693404420637966,False
00000870_009,0.09277647501096137,False
00000870_010,0.09070859551826765,False
00000870_011,0.045056643140728825,False
00000870_012,0.05901835167869929,False
00000870_000,0.1128029992662905,False
00000870_001,-0.06458451142925736,True
00000870_002,-0.0849911747573453,True
00000870_003,0.009264121446048768,False
00000870_004,0.0780157746327001,False
00000870_005,-0.015912385596993373,True
00000870_006,-0.010070698535982303,True
00000870_007,0.002985439052274552,False
00000870_008,0.034120427636573525,False
00000871_000,0.10536459823654537,False
00000872_000,0.12150169399072724,False
00000872_001,-0.0730878434884572,True
00000872_002,0.12144424545824845,False
00000872_004,-0.0811652150406893,True
00000872_005,0.12600580353653823,False
00000872_006,0.12439614713779457,False
00000872_007,0.03318830138776724,False
00000873_001,0.06399131884563691,False
00000873_002,0.041106714217073514,False
00000875_000,0.07916391180731497,False
00000876_000,0.03335072006881912,False
00000877_001,0.0938881659481165,False
00000877_002,0.06312695607262153,False
00000877_003,0.07054997666776369,False
00000877_004,0.0660092920626702,False
00000877_005,0.05048970453590562,False
00000877_006,0.08720030255432887,False
00000877_007,0.07701550336224855,False
00000877_008,-0.03909776498506956,True
00000877_009,-0.023990471518565037,True
00000877_010,0.06908928181902019,False
00000877_011,0.07558610239194075,False
00000877_012,0.018367984599985898,False
00000877_014,-0.011478991427561147,True
00000877_013,0.05550110079959819,False
00000877_015,0.09430257447308271,False
00000877_016,0.06700523833452526,False
00000877_017,0.09873510870445329,False
00000877_019,0.028719789471283397,False
00000877_018,0.09598776964275058,False
00000877_020,0.08933208345527016,False
00000877_021,0.026820803958373995,False
00000877_022,0.10809392529427914,False
00000877_023,-0.0065303727210450635,True
00000877_024,0.07903436455246227,False
00000877_025,0.08856398525453352,False
00000877_026,0.04817348680435629,False
00000877_027,0.05753365433613156,False
00000877_028,0.016697081352838372,False
00000877_029,0.008634757659738146,False
00000877_030,0.06199942085517207,False
00000877_031,0.09768942005633102,False
00000877_032,0.010678205067302438,False
00000877_033,0.10489501538044155,False
00000877_034,0.1130058530541172,False
00000877_035,0.07039467332553079,False
00000877_036,0.03929293351157115,False
00000877_037,0.0668646663631598,False
00000877_000,0.08635029827479024,False
00000880_000,0.07133188161871962,False
00000881_000,0.045014312479852936,False
00000881_001,-0.036702090230247064,True
00000882_005,0.09297327093842489,False
00000882_006,0.08217703629041179,False
00000882_007,0.09501435224836785,False
00000882_000,0.07716558251362365,False
00000882_002,0.051626136680313794,False
00000882_003,-0.061848888653449174,True
00000882_004,0.09999760774906147,False
00000883_000,0.08014897174796365,False
00000885_000,0.10799647471436724,False
00000885_001,0.06117639319836815,False
00000887_000,0.08995054449447842,False
00000887_001,0.0739062705317457,False
00000887_002,0.0766790372252929,False
00000887_003,-0.1263313650648047,True
00000888_000,-0.014053028122042455,True
00000890_000,0.04595440114014748,False
00000890_001,-0.012051781121534488,True
00000890_002,-0.04944871124382877,True
00000891_000,0.07585115171660184,False
00000891_001,0.09647947789400163,False
00000892_000,0.11469300904760882,False
00000892_001,0.03462279180171096,False
00000892_002,0.06903582067045227,False
00000893_000,-0.16746579367238312,True
00000894_002,0.12876512053900657,False
00000894_003,0.07217565529808484,False
00000894_004,0.051716159364254055,False
00000894_000,0.10916877020594973,False
00000894_001,-0.009083674208137604,True
00000895_000,0.04464485367021337,False
00000896_000,0.13290818632385165,False
00000897_000,-0.029269045510676106,True
00000897_001,0.13103924204563794,False
00000898_001,0.09466626593377758,False
00000898_000,0.1113436105744483,False
00000900_000,0.08179992720030993,False
00000901_001,0.1136386775209795,False
00000901_004,0.09912485380902447,False
00000901_000,0.0681476238150101,False
00000902_003,0.07599692374059341,False
00000902_004,0.11345229598963669,False
00000902_000,0.09859213503350711,False
00000902_001,-0.02785568600827404,True
00000902_002,0.01365710626188038,False
00000903_000,0.012294614135384963,False
00000904_000,0.10546368213505114,False
00000905_000,0.13605012912332037,False
00000906_000,0.08420807206531272,False
00000907_000,0.11010091767520341,False
00000907_001,0.10547372425772256,False
00000907_002,0.08364211542391164,False
00000908_000,0.11139768416631712,False
00000908_001,0.0962035686626248,False
00000909_000,0.07304326072928119,False
00000909_001,0.07699155253960482,False
00000909_002,0.031789556246264006,False
00000910_000,0.1145466285303321,False
00000910_001,0.11754889983563016,False
00000911_000,0.13603960725107117,False
00000911_001,-0.054616288090565956,True
00000911_002,-0.11935904554090637,True
00000911_003,0.10050410832336698,False
00000912_000,0.121526945032783,False
00000912_001,0.08235738324622538,False
00000913_000,-0.10420199524464802,True
00000914_000,0.11156245253233027,False
00000914_001,0.12222445822582939,False
00000914_002,0.11185481957911997,False
00000914_003,0.12833865437557962,False
00000914_004,0.13089030695511888,False
00000914_005,0.10870610842223744,False
00000915_000,0.11884865881774226,False
00000915_001,0.01328401016004399,False
00000915_002,0.10516693232968183,False
00000915_003,0.11318935148212533,False
00000915_004,0.10929140867209397,False
00000915_005,0.12058362325894795,False
00000915_006,-0.13993496115401993,True
00000916_000,0.13395537857999268,False
00000919_000,0.017061118191079305,False
00000920_000,0.03894460652147491,False
00000920_001,-0.05267002401937615,True
00000921_000,-0.061266612192070524,True
00000922_000,-0.06545889337700583,True
00000922_001,0.017238441827050588,False
00000923_000,0.10441183155350614,False
00000924_000,0.1161203022861087,False
00000925_000,0.11147931227828234,False
00000926_000,0.12033050870695694,False
00000926_001,0.12016978224406749,False
00000926_002,0.12882106092739642,False
00000927_000,0.11547023792495653,False
00000927_001,-0.18612802100616987,True
00000927_003,0.062347787555616985,False
00000927_004,0.08605431875149461,False
00000928_000,0.1290602056700651,False
00000929_000,-0.032003272918175174,True
00000929_002,0.08876094376405802,False
00000930_000,0.12808829069848948,False
00000930_001,0.08701409820121259,False
00000930_003,0.12916729291446016,False
00000931_000,0.103468570197016,False
00000932_000,0.11688664552095118,False
00000933_000,0.13192525107811687,False
00000934_000,0.11161560971310519,False
00000935_000,0.12535950903341353,False
00000935_001,0.11248840046560615,False
00000936_000,0.1199936410854221,False
00000937_005,0.08604016482693277,False
00000937_006,-0.06832068727902363,True
00000937_007,-0.014953529075241057,True
00000937_000,0.017241263835370113,False
00000937_001,-0.07704964606235565,True
00000937_002,-0.22159237726729852,True
00000937_003,0.039329123598157545,False
00000937_004,-0.04130568174479288,True
00000938_000,0.053742612963503744,False
00000938_001,0.08647960922080938,False
00000938_002,0.04872686933676518,False
00000938_003,0.02424178036857083,False
00000938_004,0.021740686286334077,False
00000938_005,0.06218124511895068,False
00000938_006,0.05177690647117328,False
00000939_000,0.12210173743581648,False
00000940_000,0.13461064866859523,False
00000941_000,0.1223417267763931,False
00000942_000,0.12392367525153553,False
00000943_000,0.10305263708025497,False
00000944_000,0.0665214389914911,False
00000944_001,0.03213883620973651,False
00000945_000,0.09795662384262677,False
00000946_000,0.1007684155095035,False
00000947_000,0.11261114477700085,False
00000947_001,0.10578267908199313,False
00000947_002,0.0022566615307931803,False
00000947_003,0.11205355433637287,False
00000947_004,0.12434892087871818,False
00000948_000,0.09551793169544753,False
00000949_000,0.1128105944065092,False
00000949_001,0.08614362780504153,False
00000949_002,0.0762473161873039,False
00000949_003,0.1245457694630735,False
00000949_005,0.126847619191306,False
00000949_006,0.11370124323518654,False
00000949_007,0.08726499220854489,False
00000949_008,0.11643582050466011,False
00000949_009,0.10992474616801112,False
00000950_000,0.10001809779796339,False
00000951_000,0.12798878266126557,False
00000952_000,0.10211272478883149,False
00000953_000,-0.057532615688712374,True
00000954_004,0.12387226258423045,False
00000954_005,0.11136296397689094,False
00000954_006,0.11836218939367404,False
00000954_000,0.1102388678159032,False
00000954_001,0.1084578284906974,False
00000954_002,-0.06908429310800468,True
00000954_003,-0.10202196321610446,True
00000955_000,0.11830214331804806,False
00000955_003,0.11312900093521877,False
00000955_004,0.0857245066895222,False
00000955_005,0.11247834247941146,False
00000956_000,0.11268647587364566,False
00000957_000,0.11610799388036197,False
00000957_001,0.10783004810844676,False
00000957_002,0.09037394170877389,False
00000958_000,0.08511258300304708,False
00000959_000,0.07668819249811432,False
00000959_001,-0.012724319688609431,True
00000959_002,0.07988596172206319,False
00000960_000,0.1184319314048215,False
00000961_000,0.12810228383886163,False
00000962_000,0.13291030747815075,False
00000963_007,0.11965837238062837,False
00000963_008,0.041693508009320424,False
00000963_009,0.09011792289222537,False
00000963_010,0.11816002820456273,False
00000963_011,0.03607868543355802,False
00000963_012,0.008884916726071446,False
00000963_013,-0.02431434467137883,True
00000963_014,0.035433425458784584,False
00000963_015,0.0576880008997937,False
00000963_016,0.006346477132952277,False
00000963_017,0.04548592818754249,False
00000963_018,0.024183055286685906,False
00000963_019,-0.006023521574776813,True
00000963_020,0.011888551902637712,False
00000963_021,0.11007546875941787,False
00000963_022,0.08906278558713071,False
00000963_023,0.1012533222534529,False
00000963_024,0.08971722996515252,False
00000963_025,0.07737050534191864,False
00000963_026,0.11464445803260481,False
00000963_027,0.09871205145175116,False
00000963_028,0.10933046001843122,False
00000963_000,-0.04440059266523322,True
00000963_001,0.011312702617283343,False
00000963_002,-0.04755667133325492,True
00000963_003,0.07137579796807592,False
00000963_004,-0.0429647392786332,True
00000963_005,0.018660430259747562,False
00000963_006,-0.047989841080665174,True
00000965_000,0.08434049527508852,False
00000966_000,-0.08486383606768388,True
00000967_001,0.11548302777332947,False
00000967_002,0.12465495866303172,False
00000968_000,0.1282600986797598,False
00000969_000,0.09248515088777715,False
00000970_000,0.1341368838112274,False
00000971_000,0.1274177304906558,False
00000971_001,0.06771234358465705,False
00000971_002,0.1026177588626494,False
00000971_003,0.09636889850457286,False
00000972_000,0.13171184667155428,False
00000972_001,0.12116107133656723,False
00000973_000,0.09319244475897231,False
00000973_001,-0.032935295205712145,True
00000974_000,0.11924643286668951,False
00000974_001,0.12626819478529006,False
00000974_002,0.06162824314565535,False
00000974_003,0.13009267511108502,False
00000974_004,0.09527333159078766,False
00000974_005,0.12304663092602863,False
00000974_006,0.09844788108156138,False
00000974_007,0.09236375625071752,False
00000974_008,0.0893241272281654,False
00000974_009,0.07999300759679079,False
00000974_010,0.039606692076138206,False
00000975_000,0.11509532679822448,False
00000975_001,0.12954889752696025,False
00000976_000,0.12411414306395352,False
00000976_002,0.119787821805385,False
00000976_003,0.1252145691040411,False
00000976_004,0.1324708280537425,False
00000976_005,0.08164762166736916,False
00000977_000,0.10989930798455577,False
00000978_000,0.04867334403197271,False
00000979_002,0.010290211650310244,False
00000979_003,0.03095462490806239,False
00000979_004,0.09373835286265292,False
00000979_005,0.05576620680374722,False
00000979_007,-0.028077065918034494,True
00000979_008,0.1179573594702043,False
00000979_000,-0.07860603185474502,True
00000979_001,0.03915683271813547,False
00000980_000,0.11358485513252975,False
00000980_001,0.07687704521873134,False
00000980_002,0.09101706984136049,False
00000980_003,0.08945207969239799,False
00000980_004,-0.032936144248542076,True
00000980_005,0.012573083040232691,False
00000981_000,0.03859237548695149,False
00000981_001,0.03762964053183632,False
00000981_002,0.10442022201992174,False
00000982_000,0.08112084475688969,False
00000984_000,0.12265843136504723,False
00000985_000,0.08181865994766774,False
00000986_000,0.11641952468531241,False
00000987_000,0.08200291930685066,False
00000988_000,0.044282869445794626,False
00000988_001,0.11670240448262076,False
00000989_000,0.11339189701379176,False
00000989_001,0.07845941423482128,False
00000989_002,0.07194398966185356,False
00000990_000,0.09424373002643949,False
00000991_000,0.11438995331642188,False
00000992_000,0.11282059947314205,False
00000992_001,0.11198386873520655,False
00000993_000,-0.01938460142246634,True
00000994_000,0.12169259204847666,False
00000996_003,0.10930462825894727,False
00000996_004,0.09799961548862224,False
00000996_005,-0.02075436944702147,True
00000996_000,0.09982170571426702,False
00000996_001,0.06314216079802354,False
00000996_002,-0.05815664119804154,True
00000997_000,0.11837859787750266,False
00000997_001,0.12659128391474345,False
00000997_002,0.11137976313852782,False
00000997_003,0.04574116114611532,False
00000997_004,0.11994161555462857,False
00000998_000,0.11548922072198997,False
00000999_000,0.12280188749220494,False
00001000_001,0.06503176578131992,False
00001000_000,0.11708788810748422,False
00001001_000,0.06161507484727696,False
00001001_001,0.05468630607121061,False
00001001_002,0.06652731775000231,False
00001001_003,-0.1907864302373049,True
00001001_004,-0.008950734393624038,True
00001002_000,0.11606319339109733,False
00001003_000,0.10230590230814252,False
00001003_001,0.07631001603596876,False
00001004_000,0.1160946657414989,False
00001004_002,0.0959717496224492,False
00001005_002,0.07595056015706403,False
00001005_000,0.02808511502969746,False
00001005_001,0.01414494808756872,False
00001006_008,0.13156370272640389,False
00001006_009,0.12198820644018116,False
00001006_010,-0.12357947311758766,True
00001006_012,0.0035734939650585162,False
00001006_011,0.095330365417641,False
00001006_013,0.07713559553645821,False
00001006_014,0.10056658623972942,False
00001006_015,0.0892441833702542,False
00001006_016,0.028357530959109423,False
00001006_018,0.08077986987604885,False
00001006_017,0.10221664584497347,False
00001006_019,-0.01819925431325009,True
00001006_020,0.11903082108885532,False
00001006_021,-0.031021700209910685,True
00001006_022,-0.20513696497969613,True
00001006_023,0.051777430926079115,False
00001006_024,0.1127368694887459,False
00001006_025,0.008781557162255205,False
00001006_026,0.02779730874552122,False
00001006_027,0.02219856030945222,False
00001006_028,0.08960801826374554,False
00001006_000,0.09947145874413499,False
00001006_001,0.03192786025079697,False
00001006_002,0.06409500270212487,False
00001006_003,0.04971211944289722,False
00001006_004,-0.005268044320027143,True
00001006_005,-0.07018532517791365,True
00001006_006,0.015048103806705515,False
00001006_007,0.03004425222450685,False
00001007_003,0.12661373968266731,False
00001007_004,0.025122059690794174,False
00001007_000,0.12029824559420554,False
00001007_001,0.06301346951129438,False
00001007_002,-0.06288842516736715,True
00001008_000,0.13297086622094523,False
00001009_000,-0.06336175353789963,True
00001011_001,0.1316650512186961,False
00001011_000,0.12447062372662304,False
00001012_000,0.017129936339461638,False
00001013_000,0.09691858830422267,False
00001013_001,0.13421183883659948,False
00001013_002,0.08441112235233245,False
00001013_003,0.07831314119464045,False
00001014_000,-0.010573233931833959,True
00001014_001,-0.011776491416479407,True
00001015_000,0.12513111478181566,False
00001016_000,0.08523692743022582,False
00001017_000,0.1121888171904622,False
00001018_000,0.11732135722047576,False
00001018_002,0.09356786502442954,False
00001018_003,0.08955390362342697,False
00001018_004,0.06986154727721039,False
00001018_005,0.009180631533108385,False
00001018_006,0.09986850793910312,False
00001018_007,0.09547411833248864,False
00001018_008,0.11227933125256884,False
00001019_001,0.12480834754761727,False
00001019_002,0.12347733741945743,False
00001019_003,0.13213550574599714,False
00001019_004,0.128776313838333,False
00001019_006,0.0893160464914825,False
00001019_000,0.06184476430335828,False
00001020_000,0.1246736115839489,False
00001021_005,0.05785974136215433,False
00001021_000,0.08478956956404127,False
00001021_001,-0.05659354597819122,True
00001021_002,0.07158270951809836,False
00001021_003,0.0045141663539620125,False
00001021_004,-0.02474072071437905,True
00001022_000,0.09402982132476878,False
00001022_001,0.11246155763474253,False
00001022_002,0.08704968763931903,False
00001023_001,-0.12538365697702836,True
00001023_002,-0.08543795260941811,True
00001023_003,-0.03636610443463939,True
00001023_000,0.10315615446232168,False
00001024_000,0.12333321537735076,False
00001025_000,-0.08614261439457216,True
00001026_000,0.06203640541158789,False
00001027_000,0.12663581799575707,False
00001027_001,0.10642233426811687,False
00001028_000,0.0874302461163789,False
00001028_001,0.05789444382302583,False
00001029_002,0.1110034267472042,False
00001029_003,0.11287990669382975,False
00001029_004,0.09654395990453785,False
00001029_005,0.09034037210237722,False
00001029_006,0.02637020036119625,False
00001029_007,-0.02749987324434633,True
00001029_008,-0.004335739390873727,True
00001029_009,-0.012856165890367532,True
00001029_010,0.0480653584777444,False
00001029_011,0.008259150627631995,False
00001029_012,0.07963278567885373,False
00001029_013,-0.023599446005940106,True
00001029_014,-0.03946188564589004,True
00001029_015,0.08858179259092985,False
00001029_016,0.032641580548966265,False
00001029_017,0.07229797798717197,False
00001029_018,0.01552897665658598,False
00001029_000,0.0051657136444625,False
00001029_001,-0.013001068960849627,True
00001030_000,0.05917569276032919,False
00001031_000,-0.1277075563912592,True
00001031_001,-0.09438627824855716,True
00001032_000,0.09360007486350913,False
00001033_000,-0.018467425424213757,True
00001034_000,-0.010096522925865159,True
00001034_001,0.024283110604217117,False
00001034_002,-0.01634160625373926,True
00001034_003,0.01805481345224713,False
00001034_004,0.011990453768780829,False
00001034_005,0.027728958297577266,False
00001034_006,-0.007120172966510574,True
00001034_007,-0.061989959809370165,True
00001035_001,0.09600520215276798,False
00001036_000,0.004542061223232807,False
00001037_000,0.12419714703366697,False
00001038_000,-0.04374587865750379,True
00001039_000,0.12240073757243891,False
00001039_001,0.018057188009378333,False
00001039_002,-0.0030693061983021463,True
00001039_004,0.12370205103228638,False
00001039_005,-0.007103340900257216,True
00001039_006,0.052741136286792556,False
00001039_007,0.10279257057535812,False
00001040_000,0.0849046455653874,False
00001040_001,-0.002781004288117228,True
00001040_002,0.11471899704352556,False
00001041_000,0.10186477358408558,False
00001042_000,0.10466825209771502,False
00001043_000,0.1331528666634184,False
00001043_001,0.11645053056451499,False
00001043_002,0.04906222579935915,False
00001043_003,0.09725811420049896,False
00001043_004,0.043647809483444044,False
00001043_005,0.10886096196885942,False
00001043_006,0.10432492589832659,False
00001043_007,0.09344584511962689,False
00001044_000,0.12887811235669883,False
00001045_002,0.07640845314544537,False
00001045_003,0.04790820522184819,False
00001045_004,0.006226174515016447,False
00001045_000,0.09375605767629874,False
00001045_001,-0.038712974364588204,True
00001047_000,0.12276828234913906,False
00001047_001,0.12155352294218064,False
00001047_002,0.11874316220033782,False
00001047_003,0.1074233223935907,False
00001048_000,0.09210993250564453,False
00001048_001,0.1122273557382037,False
00001048_002,0.03644260488442341,False
00001049_000,-0.08463306157762618,True
00001050_000,-0.002625488474606863,True
00001051_000,0.11563616310910979,False
00001052_001,0.10479012431178508,False
00001052_002,0.11343838757242647,False
00001052_003,0.09888498385856981,False
00001052_004,0.08286422938615601,False
00001052_000,0.07825465907980839,False
00001053_000,0.1024304869693815,False
00001054_001,0.12166825958703398,False
00001054_003,-0.006233899048794234,True
00001054_004,0.11321513028505564,False
00001055_003,0.11700406865533286,False
00001055_004,-0.109666811289589,True
00001055_005,0.06572858770187623,False
00001055_006,0.11280831879731756,False
00001055_007,-0.03399703218385952,True
00001055_001,-0.04745680656529905,True
00001056_000,0.04116566575925423,False
00001057_000,0.03219600353155927,False
00001057_001,-0.2019570035576581,True
00001058_000,-0.03901992606592242,True
00001059_003,0.11817914741779645,False
00001059_004,0.04601487672152538,False
00001059_005,0.10412530940315007,False
00001059_007,0.07662443044879419,False
00001059_008,0.046804695815804265,False
00001059_000,0.021702877513085805,False
00001059_001,-0.04150400590679115,True
00001059_002,0.025595311222003314,False
00001060_000,0.026101044677077245,False
00001061_000,0.11339362275829146,False
00001062_000,0.009766490653130622,False
00001063_000,0.077971169872176,False
00001064_000,0.11080127346997792,False
00001065_001,0.10011160622666276,False
00001066_000,0.07271665286876594,False
00001067_000,0.03683762612502112,False
00001068_003,0.10312869293914129,False
00001068_004,0.10353170899269565,False
00001068_005,0.02980737590972854,False
00001068_000,0.08610431046861644,False
00001068_001,0.0037579025269476873,False
00001068_002,0.08370706760724328,False
00001069_000,-0.051351172296109526,True
00001070_000,0.13341492354436846,False
00001071_000,0.09885926976228226,False
00001072_000,0.11120832662151414,False
00001072_001,0.10967400480473721,False
00001072_002,0.1031077102560799,False
00001072_003,0.13108356212476635,False
00001073_000,0.11946632118552492,False
00001074_000,0.13213175561161367,False
00001074_001,0.12452511159421698,False
00001074_002,0.13533784992664688,False
00001074_003,0.1027972418232736,False
00001075_038,0.11272359550671784,False
00001075_039,0.12943506235424768,False
00001075_041,0.11357528007695261,False
00001075_040,0.12549206623759734,False
00001075_042,0.12980308015782682,False
00001075_043,0.13026539788683966,False
00001075_044,0.09218176711630366,False
00001075_045,0.08360516596329653,False
00001075_046,0.051291018918538545,False
00001075_047,0.09364431762283792,False
00001075_048,0.03505759327672231,False
00001075_000,0.02088745642882861,False
00001075_001,-0.13241943737580175,True
00001075_003,-0.02106336879560844,True
00001075_002,0.090171411518354,False
00001075_004,-0.008456577478610838,True
00001075_005,-0.09210807483041317,True
00001075_006,-0.0362997515197242,True
00001075_007,0.022318104302660513,False
00001075_008,0.034691029006642726,False
00001075_009,0.07918720090839027,False
00001075_010,0.019426680689029585,False
00001075_011,-0.06592004615192681,True
00001075_012,0.07159207547040208,False
00001075_013,0.004148215090848506,False
00001075_015,0.06950099440068774,False
00001075_014,-0.004954906456813846,True
00001075_016,0.00817609546230219,False
00001075_017,0.05495280096319416,False
00001075_019,-0.011226763158249109,True
00001075_018,0.04598350529693651,False
00001075_020,0.09750718326263808,False
00001075_021,0.030780936308141382,False
00001075_022,-0.09319736386743294,True
00001075_023,0.013359835011730103,False
00001075_025,-0.05483770156007761,True
00001075_026,-0.002608302410666008,True
00001075_027,-0.00194201600877697,True
00001075_028,-0.02989904272559063,True
00001075_029,0.018077774720063833,False
00001075_030,-0.006426680013945085,True
00001075_031,0.0019356118625227237,False
00001075_032,0.08663264032594997,False
00001075_033,0.10232449159660845,False
00001075_034,0.010236338495449582,False
00001075_035,-8.301630648610558e-05,True
00001075_036,-0.028903711217400985,True
00001075_037,0.0808287295839688,False
00001076_000,0.09938996528269439,False
00001077_000,0.1108356820014787,False
00001077_001,0.10897652379046557,False
00001077_002,0.0988890014748871,False
00001078_002,0.12063140528264782,False
00001078_000,-0.029310771162721294,True
00001078_001,-0.10675127439707699,True
00001079_000,0.11879317371395298,False
00001080_000,0.11716900944695008,False
00001081_000,0.034822016596828265,False
00001081_001,0.08342589758996694,False
00001081_002,0.11101024092722267,False
00001081_003,-0.007368856906417753,True
00001082_005,0.046495215365777,False
00001082_000,0.04408216289708733,False
00001082_001,0.05693316261396264,False
00001082_002,0.020354587582925077,False
00001082_003,-0.011813092428217709,True
00001082_004,0.0192047695299169,False
00001083_000,0.12263510667533156,False
00001084_000,0.1218306103867019,False
00001084_001,0.0499238887480144,False
00001085_000,-0.09425586377926742,True
00001085_001,0.0967828699100296,False
00001086_000,-0.004476424220070219,True
00001087_000,-0.04766780867482656,True
00001088_001,0.09069787411605285,False
00001088_002,0.1324738298483209,False
00001088_003,0.10992071924226493,False
00001088_004,0.10723953673644576,False
00001088_005,0.10455798844723524,False
00001088_007,0.115589414956561,False
00001088_006,0.13648412365357104,False
00001088_008,0.11948344982059483,False
00001088_009,0.11958498335744089,False
00001088_010,0.014663930029048922,False
00001088_011,0.0477420930013161,False
00001088_013,0.050640663077232084,False
00001088_014,0.10834610282570706,False
00001088_015,0.06529701527454385,False
00001088_016,0.06827618947028463,False
00001088_017,0.020089528861581996,False
00001088_018,0.07724654015410087,False
00001088_020,0.0556648392006327,False
00001088_019,0.10029309611432596,False
00001088_021,0.06899502324409457,False
00001088_022,0.1008152407900354,False
00001088_023,0.11750354410530567,False
00001088_024,0.0523247933612348,False
00001088_027,0.12126746509182657,False
00001088_000,0.11202551381576092,False
00001089_000,0.12284085508313458,False
00001089_001,0.10868550738995952,False
00001089_002,0.08948986677023935,False
00001089_003,0.11426274688372035,False
00001090_000,0.07966797671915826,False
00001091_000,0.1071486723574161,False
00001092_000,0.09819151368932322,False
00001093_005,0.12303912724699045,False
00001093_006,0.1218603870124183,False
00001093_007,0.08034176844255458,False
00001093_008,0.10866115924112019,False
00001093_009,0.09140278098208243,False
00001093_010,0.064068367708005,False
00001093_011,0.10197160369633751,False
00001093_012,-0.056707309352772906,True
00001093_013,0.035560916644737095,False
00001093_000,0.10734375928098017,False
00001093_001,0.05303828624818974,False
00001093_002,0.08829476487768956,False
00001093_003,0.004320731410591694,False
00001093_004,0.01984575471328348,False
00001094_000,0.10043498600465389,False
00001094_001,0.06370163573007548,False
00001094_002,-0.005480496250836353,True
00001095_000,0.13309300678589958,False
00001096_000,0.1245506812214604,False
00001096_002,0.11854155889054196,False
00001097_000,0.1251741983321662,False
00001098_000,0.12897875847712376,False
00001099_000,0.11780188448519857,False
00001100_000,0.12402470282267603,False
00001100_002,0.04871212000303898,False
00001101_005,0.06968930546443203,False
00001101_006,0.10767764788311429,False
00001101_007,0.1155468152453491,False
00001101_008,0.1333540849583642,False
00001101_009,0.07031018117848531,False
00001101_010,0.11281933562734897,False
00001101_011,0.021875982723074727,False
00001101_012,0.06110967533843331,False
00001101_013,0.08530224912976642,False
00001101_014,0.038662682197966425,False
00001101_015,0.03580658909689477,False
00001101_016,0.09309659858092734,False
00001101_017,-0.03012829118670013,True
00001101_018,-0.001991434082335597,True
00001101_019,0.07717391959019015,False
00001101_020,0.07213416892788199,False
00001101_021,0.0975656989752598,False
00001101_022,-0.027739623238265843,True
00001101_000,0.0009345192881444198,False
00001101_001,0.04598918222424331,False
00001101_002,0.057683301492172434,False
00001101_003,-0.0008128262146196441,True
00001101_004,0.07063453160927524,False
00001102_000,0.1049604072620387,False
00001103_002,0.0911636708923837,False
00001103_003,0.11792060305272195,False
00001103_000,-0.03538140333328965,True
00001103_001,-0.06800867874496663,True
00001104_000,0.11784808520986445,False
00001104_001,0.12249548875208072,False
00001104_002,0.11388621418159689,False
00001104_003,0.12060971831197476,False
00001104_004,0.1281831447675577,False
00001104_005,0.12599321416566295,False
00001104_006,0.1344042761287409,False
00001104_007,0.0832582665729657,False
00001104_008,0.08975818108866196,False
00001104_009,0.10829099724501373,False
00001104_011,-0.0904909332308741,True
00001104_012,0.07834183371079095,False
00001104_013,0.08259679565129519,False
00001104_014,0.018508073291106597,False
00001104_015,0.10179515415217927,False
00001104_016,0.09691584295955702,False
00001104_017,0.05990594148229916,False
00001104_018,0.009415404612276468,False
00001104_019,0.10892769442387762,False
00001104_020,0.11556045793400266,False
00001104_021,0.11719432179433442,False
00001104_022,0.10191859193972425,False
00001105_000,0.033249066869633415,False
00001106_000,0.09136028291290132,False
00001106_001,0.01756578244589785,False
00001107_000,0.051880932073585795,False
00001107_001,0.11452467030158903,False
00001107_002,0.12583654493389845,False
00001107_003,0.12074283141481368,False
00001107_004,0.1276147966770534,False
00001107_005,0.09804068982731962,False
00001107_006,0.10593571932474533,False
00001107_007,0.11747805176205822,False
00001107_008,-0.02228773430125064,True
00001107_009,0.06886306663607972,False
00001107_010,0.03177250717166408,False
00001108_004,0.11322578974916198,False
00001108_000,-0.03565723258136766,True
00001108_001,-0.053655619077739414,True
00001108_002,-0.07234503090101685,True
00001108_003,0.04815134495810558,False
00001110_000,0.09914038012256282,False
00001110_001,0.11021592131424807,False
00001110_002,0.12991154144200756,False
00001110_003,0.11116776279781054,False
00001110_004,0.13588916569230214,False
00001111_000,0.05823101121632751,False
00001112_000,-0.059395152628217485,True
00001112_001,-0.07359547668325161,True
00001113_000,0.09705948771814177,False
00001114_000,0.09647227900576155,False
00001115_000,0.08766616659376503,False
00001115_001,0.1251652846220762,False
00001115_002,0.0898345779525414,False
00001116_000,0.12390015721521702,False
00001117_000,0.11439546672105494,False
00001118_000,0.1307228396056861,False
00001119_000,0.12666293938404538,False
00001120_000,0.13135432604297115,False
00001120_002,0.12326589339395022,False
00001120_003,0.10488841371455104,False
00001121_000,0.13286387228651986,False
00001121_001,0.11301494036205412,False
00001122_000,0.06401310634335589,False
00001122_001,0.11194281999327754,False
00001122_002,0.07897856701296213,False
00001122_003,0.03583307590631779,False
00001122_004,0.05722068219340021,False
00001122_006,0.047463058843297545,False
00001122_007,0.0757465569128184,False
00001122_005,0.05749893920129823,False
00001122_008,0.08832050173863865,False
00001122_009,0.03970992066326179,False
00001122_010,0.0821379903928936,False
00001122_011,0.03157632410146599,False
00001122_012,-0.009865869151448825,True
00001122_013,0.015645736106726982,False
00001122_014,0.07963568940670118,False
00001122_015,0.04842656771184123,False
00001122_017,0.04936806262795784,False
00001122_016,0.10450648807833096,False
00001122_018,0.09293815590092425,False
00001122_019,0.11220232310059064,False
00001122_020,0.10419834520245941,False
00001122_021,0.03182369578560279,False
00001123_000,0.09324606789742118,False
00001123_001,0.05648307962325255,False
00001123_002,0.10063986066824343,False
00001124_000,0.11329537131299544,False
00001125_001,0.11581860869441862,False
00001125_000,0.11903158643523604,False
00001126_000,0.10127773415876445,False
00001127_000,0.08850554979161368,False
00001128_000,0.11227263927931447,False
00001128_001,0.09124750556101968,False
00001129_002,0.11537937884447846,False
00001129_000,-0.06631957358921092,True
00001129_001,-0.06520414373785166,True
00001130_000,-0.07524377777093194,True
00001131_000,0.10795732021976712,False
00001132_001,0.11911776101419042,False
00001132_000,0.02842262015138347,False
00001133_000,0.10098094622073656,False
00001134_000,0.06906195488240535,False
00001135_000,0.07902072676526417,False
00001136_000,0.11435941816755324,False
00001136_001,-0.057107185683778594,True
00001136_002,0.0890303165839813,False
00001136_003,0.12453024149869146,False
00001137_000,-0.17860938030906226,True
00001137_001,0.12153535693218098,False
00001137_002,0.10726213616380775,False
00001138_000,0.11195061391814026,False
00001139_000,0.13227572007473848,False
00001140_003,0.11041054180195514,False
00001140_004,0.11551604994836473,False
00001140_005,-0.028841202158021106,True
00001140_000,-0.01703378145302359,True
00001140_001,-0.030328980919707704,True
00001141_000,0.10689060779767323,False
00001142_000,0.13159058866536438,False
00001143_001,0.1259890976981739,False
00001143_002,0.11813653202174662,False
00001143_003,0.09763668207341514,False
00001143_000,0.11529076523498988,False
00001144_000,0.0660853650810625,False
00001145_003,0.1244467619431261,False
00001145_004,0.052453082198160694,False
00001145_000,0.06538099868734465,False
00001145_001,0.06372602500324626,False
00001145_002,0.05824607424867073,False
00001146_000,0.10355576817223133,False
00001147_002,0.1041057209520358,False
00001147_000,0.05628170516713821,False
00001148_000,0.11092896743650438,False
00001148_001,0.11664262226366784,False
00001148_002,0.11628772900479606,False
00001148_003,0.12205785232784738,False
00001148_004,0.0886643336852646,False
00001149_001,0.12557343779869917,False
00001149_000,0.010646124783044053,False
00001150_000,-0.0013095100095952272,True
00001151_003,0.044901160645622884,False
00001151_004,0.09713143269978525,False
00001151_005,0.09557397700273207,False
00001151_006,0.07101678424008884,False
00001151_007,0.08219573826982574,False
00001151_000,-0.10719462386673628,True
00001151_001,0.009310082308259582,False
00001151_002,0.07054509004258669,False
00001152_000,0.10001618993430933,False
00001152_001,0.07825214037029105,False
00001152_002,0.0653691237932813,False
00001152_004,0.06084898343879103,False
00001152_003,0.07271893674395297,False
00001153_000,0.12970304716020292,False
00001153_001,0.11914355508446522,False
00001153_002,0.05359319470036045,False
00001153_003,0.10956039899273273,False
00001153_004,0.11020231506558836,False
00001153_005,-0.03345712508978427,True
00001153_006,0.08595464897141059,False
00001154_001,0.12988727836137492,False
00001154_002,0.12136962546556107,False
00001154_003,0.11793635752098991,False
00001154_004,0.010167774541001984,False
00001154_005,0.07158536233522989,False
00001154_006,0.04112019111919546,False
00001154_007,0.08969048788359207,False
00001154_000,0.08355762711130699,False
00001155_000,0.10438372481040764,False
00001156_000,0.11898680226528496,False
00001156_001,-0.0006147684191568636,True
00001156_002,0.1108412765065202,False
00001157_000,0.1338265371710643,False
00001157_001,0.1279431349989077,False
00001157_002,0.05433434903414952,False
00001157_003,0.0832424545506048,False
00001157_004,0.095899326480468,False
00001157_005,0.09047610896298658,False
00001158_000,0.12554013375224232,False
00001158_001,0.03984225763904914,False
00001158_002,0.09829748230712415,False
00001158_003,0.08171688434188795,False
00001159_000,0.11540821387431466,False
00001159_001,0.11654707943825054,False
00001159_002,0.1110276209036758,False
00001160_000,0.12215086339149989,False
00001161_000,0.13231565353751745,False
00001161_001,0.13460603190210352,False
00001162_000,0.1257597000259788,False
00001163_000,0.11855508176407825,False
00001164_000,0.1112921124561626,False
00001165_000,0.13212104763504756,False
00001165_001,0.04636890477767036,False
00001166_001,-0.15396027615175045,True
00001166_000,-0.08631268137923342,True
00001167_000,0.1160489911486901,False
00001168_000,-0.001644915629491095,True
00001169_001,0.11028146236155534,False
00001169_000,0.11760749774660956,False
00001170_000,0.11039351670951564,False
00001170_001,0.11953803655345163,False
00001170_002,0.10903804974860376,False
00001170_003,0.12440159720525629,False
00001170_004,0.12558458809414869,False
00001170_005,0.11682605226908344,False
00001170_006,0.1174243236862536,False
00001170_007,0.06603518979277057,False
00001170_008,0.10943037738404077,False
00001170_009,0.10094009116312574,False
00001170_010,0.06394315055595545,False
00001170_011,0.09868521167051858,False
00001170_012,0.11683865103813595,False
00001170_013,0.10590854018637175,False
00001170_014,0.0926644159011547,False
00001170_015,0.09595060665802285,False
00001170_016,0.11515212970937239,False
00001170_018,0.11364245557676211,False
00001170_019,0.11364894259550401,False
00001170_017,0.09730528385752119,False
00001170_020,0.11556351055176683,False
00001170_022,0.053059745472441966,False
00001170_021,0.12324049766321132,False
00001170_023,0.12232454921224178,False
00001170_024,0.10188349877496966,False
00001170_025,-0.0033735995653290107,True
00001170_026,0.11322659920348616,False
00001170_027,0.11301729270724081,False
00001170_028,0.12368878330978872,False
00001170_029,0.10112969595290305,False
00001170_030,0.11561810358066132,False
00001170_031,0.11946238430325717,False
00001170_032,0.10519853883950098,False
00001170_033,0.12470264076014881,False
00001170_034,0.1113161372941236,False
00001170_035,0.12295347321631689,False
00001170_036,0.11777539023240141,False
00001170_037,0.12133355458072537,False
00001170_038,0.1297564930314412,False
00001170_039,0.1235011018527628,False
00001170_040,0.07574673663176978,False
00001170_041,-0.04053002232560898,True
00001170_042,0.09398272466835284,False
00001170_043,0.10111171047826761,False
00001170_044,0.10446960314919834,False
00001170_045,0.12466655703435986,False
00001170_046,0.120931698292023,False
00001170_047,0.11883440729271844,False
00001170_048,-0.049418705956282505,True
00001170_049,0.11832528382318219,False
00001170_050,0.09580164213170583,False
00001170_051,0.11960385247366756,False
00001170_052,0.006569435003374591,False
00001170_053,0.10581137230875537,False
00001170_054,0.10572244857800311,False
00001170_055,-0.03487379461607676,True
00001172_000,0.13148094861357423,False
00001173_000,0.12994900791661373,False
00001175_000,0.10609546902933958,False
00001176_000,-0.09508080627283844,True
00001178_000,0.10019036323048192,False
00001179_000,-0.13184726425576454,True
00001179_001,0.053796288782687385,False
00001180_000,0.05179439477365416,False
00001181_000,-0.2239230947102654,True
00001182_000,0.10711207201956813,False
00001182_001,0.10259700008772626,False
00001182_002,0.12232678070852726,False
00001182_003,0.0857918926647972,False
00001182_004,0.1055153117500891,False
00001182_005,0.134736697559442,False
00001182_006,0.10314322100542112,False
00001182_007,0.12854377286582985,False
00001182_008,0.12263615192504396,False
00001182_009,0.13512650115361774,False
00001182_010,0.12516820658866268,False
00001182_011,0.13668372349601304,False
00001183_001,0.06778188290494414,False
00001183_000,-0.026757737359029976,True
00001184_000,0.08474869946617142,False
00001185_000,0.11376712046945647,False
00001186_000,0.1269967229815699,False
00001187_000,-0.05974191046309352,True
00001187_001,0.10752618639137929,False
00001187_002,0.134542034540567,False
00001187_003,0.12057271018663346,False
00001187_004,0.06856919008054713,False
00001187_005,0.13489766634995126,False
00001187_006,0.13204923923511735,False
00001188_000,0.09480219640685172,False
00001189_000,0.13317157096545457,False
00001190_000,0.09255026173571207,False
00001190_001,0.10626770506912075,False
00001190_002,0.060605206875882445,False
00001190_003,0.12115533762980263,False
00001192_000,0.09066657376229587,False
00001193_000,0.12081798359016455,False
00001194_000,-0.05382885155647843,True
00001194_001,0.10598354064759019,False
00001194_002,0.13221179272508488,False
00001194_003,0.10997595253629083,False
00001194_004,0.09592496287347207,False
00001194_005,0.024621053646234292,False
00001194_006,0.09606142741505075,False
00001195_000,0.10733321486253322,False
00001196_000,0.09996615435880363,False
00001197_000,0.0774144914708817,False
00001198_000,0.050723661927039365,False
00001199_000,0.1136705107093669,False
00001199_001,0.13263721092998448,False
00001199_002,0.09814801690966668,False
00001199_003,0.1099428229592202,False
00001199_004,0.11224723022013133,False
00001199_005,0.11369038972966017,False
00001199_006,0.12563578437788592,False
00001199_007,0.08056626265027766,False
00001199_008,0.013751537774263745,False
00001200_000,0.05032283122886971,False
00001200_001,0.0723102181118021,False
00001200_002,0.06363288285072943,False
00001200_003,0.08754293119335,False
00001200_004,0.06888694628538489,False
00001200_005,-0.11852562874692751,True
00001200_006,0.07707626039023224,False
00001200_007,0.0891891500073031,False
00001200_008,0.02272384072650563,False
00001200_010,0.06963635425285492,False
00001200_011,0.04824396297737782,False
00001200_009,0.008708482186687627,False
00001200_012,0.03251576264075362,False
00001200_013,0.06335530019346036,False
00001200_014,0.05599328148480709,False
00001200_015,0.11163198274571196,False
00001200_016,0.04505343423235869,False
00001200_017,0.080690381321818,False
00001200_018,0.09577364839276797,False
00001200_019,0.09066655278474939,False
00001200_020,0.10860735315001857,False
00001200_021,0.07976167610834572,False
00001200_022,0.06969446026850873,False
00001200_023,0.08002569924908104,False
00001201_000,0.1090749992495415,False
00001202_000,0.11382995207642238,False
00001202_001,0.11008543294943679,False
00001202_002,0.09869255299696317,False
00001202_003,0.12329011703908888,False
00001202_004,0.1237763261810288,False
00001202_005,0.10036985476602789,False
00001203_005,0.07932539769979152,False
00001203_006,0.08870024092410494,False
00001203_007,0.07108249045625886,False
00001203_008,0.015608745023063975,False
00001203_009,0.06879850458555248,False
00001203_010,0.07482672040600746,False
00001203_011,0.05776446185572176,False
00001203_012,0.05505626926049201,False
00001203_015,0.07271078360863248,False
00001203_016,0.06970766551644014,False
00001203_017,0.10456201173695029,False
00001203_018,-0.010740424739000387,True
00001203_000,0.10826057974844855,False
00001203_001,-0.023768930033810642,True
00001203_002,0.09809135057360613,False
00001203_003,-0.02470645606278543,True
00001203_004,0.07305300788268881,False
00001204_001,-0.008141155648860643,True
00001204_000,0.1062457827280247,False
00001205_004,0.1299964231978386,False
00001205_005,0.09812947781953851,False
00001205_006,0.11744628036373378,False
00001205_008,-0.05512336122921169,True
00001205_000,0.0991385979181661,False
00001205_001,0.09539565039110898,False
00001205_002,0.06536381922515966,False
00001206_000,0.11914554161220314,False
00001206_001,0.1212137433683278,False
00001206_002,0.0904610353882675,False
00001206_003,0.12401422728700362,False
00001206_004,0.11062014402310971,False
00001206_005,0.11659277155503611,False
00001206_006,0.13172500186039326,False
00001208_000,0.10419755671288744,False
00001208_003,0.10819346647000694,False
00001209_001,-0.11257536152850556,True
00001210_004,0.07283846456119947,False
00001210_005,0.1071845856762021,False
00001210_006,0.036025470874107124,False
00001210_007,0.1057512373552491,False
00001210_000,0.06336842116780161,False
00001210_001,0.09944824104026129,False
00001210_002,-0.012325406172686182,True
00001210_003,0.010145660945779122,False
00001211_000,0.10907387620172826,False
00001212_000,0.09735065454265329,False
00001213_000,0.111405796257599,False
00001213_001,0.12943963129319647,False
00001213_002,-0.009364718820460305,True
00001213_003,0.10122778502107072,False
00001213_004,0.08292243492509027,False
00001214_000,0.12146245852225096,False
00001215_000,0.11215585960412577,False
00001215_001,0.11036739119881589,False
00001216_000,0.08654414555412515,False
00001217_000,0.09817294518528485,False
00001218_000,0.1127792877966377,False
00001219_000,0.032786701247515204,False
00001220_000,0.1309357166071296,False
00001220_001,0.10339174255932065,False
00001221_000,0.10140043772275764,False
00001221_001,0.10156964530660922,False
00001221_002,0.11371876134682424,False
00001221_003,0.09030955496084969,False
00001221_004,0.015465184552995781,False
00001222_004,0.08216032832851727,False
00001222_005,0.0747009094293099,False
00001222_006,0.08803526882913221,False
00001222_007,0.10819136619738051,False
00001222_008,0.10041084463520483,False
00001222_009,0.059825655072838047,False
00001222_010,0.1025806345267068,False
00001222_011,0.08484521912262694,False
00001222_012,-0.06074124656280544,True
00001222_000,0.08059714417967717,False
00001222_001,0.10155359364500366,False
00001222_002,0.055038241423156054,False
00001222_003,-0.017194309867026303,True
00001223_000,-0.16861849177099064,True
00001223_001,0.046983810256747915,False
00001224_000,0.0806299919580431,False
00001224_001,0.047229266047452256,False
00001225_000,-0.030840452007673824,True
00001225_001,0.10897603089648256,False
00001226_000,0.10861594962669996,False
00001226_001,0.09448131565137124,False
00001226_002,0.10394896153874167,False
00001226_003,0.06796689469632305,False
00001226_004,0.09761721320137334,False
00001227_000,0.11095053927102633,False
00001228_000,0.12213635142504603,False
00001228_001,0.005595098826696787,False
00001228_002,0.07994954486537775,False
00001229_000,0.10707148091891006,False
00001230_001,0.12225818772902758,False
00001230_002,0.12425703842141594,False
00001230_004,0.1054237819283671,False
00001230_005,0.08887923692992394,False
00001230_006,0.09022961479789643,False
00001230_007,0.05271218765668784,False
00001230_008,0.11293873253933001,False
00001230_000,0.0912604412001492,False
00001231_000,0.095697440397642,False
00001231_001,0.03213719216340083,False
00001231_002,0.11445590412547663,False
00001232_000,0.11889339781027869,False
00001232_001,0.1254440690712435,False
00001232_002,0.07051668100092479,False
00001232_003,0.11772732548190595,False
00001232_004,0.07405933198152809,False
00001232_005,0.06692475123308755,False
00001232_006,0.039806870528768135,False
00001235_000,0.12631031361206146,False
00001235_001,0.12456871763927396,False
00001236_000,0.049307243354257735,False
00001237_000,0.10062578137518108,False
00001237_001,0.08092185330261426,False
00001238_001,0.11047093766256366,False
00001238_002,0.055288884908939406,False
00001238_000,0.07599375104355327,False
00001240_000,0.11369793968721914,False
00001241_000,0.11089234609102305,False
00001242_000,0.11277340753879167,False
00001243_000,-0.10593495025870925,True
00001243_001,0.12243479545965863,False
00001244_000,0.11708021153960868,False
00001245_000,0.11744460190525696,False
00001245_001,0.12144233206679983,False
00001246_000,-0.0064210886564615155,True
00001247_000,0.12977436242386137,False
00001247_001,0.0833137058347273,False
00001247_002,0.08086780742651284,False
00001247_003,0.029679338581307446,False
00001247_004,0.12765843903786822,False
00001247_005,0.10295124782707893,False
00001247_006,0.02910981939886137,False
00001247_007,0.10255649331540967,False
00001247_008,0.0011890267709840363,False
00001247_010,0.040828989365258084,False
00001247_011,0.014933253266005309,False
00001247_012,0.07928586684038386,False
00001247_013,0.01427601845073817,False
00001247_014,0.0414556312527502,False
00001247_015,0.09265966754713217,False
00001248_018,0.10271641151688055,False
00001248_019,0.037843029184355725,False
00001248_020,0.10068609860993838,False
00001248_022,0.11631902813168776,False
00001248_023,0.04480905686090447,False
00001248_025,0.05763702720382968,False
00001248_026,0.06284709995052262,False
00001248_027,0.09172835192851797,False
00001248_028,0.09557222795219572,False
00001248_029,-0.011732750502321365,True
00001248_030,0.052956014847200195,False
00001248_031,0.10450030805589605,False
00001248_033,0.09531843020673048,False
00001248_035,0.10988493951399031,False
00001248_036,0.07507197847668906,False
00001248_037,0.10600800129483029,False
00001248_038,0.09244217364835039,False
00001248_000,-0.062177295073308825,True
00001248_001,0.016929256125962633,False
00001248_002,-0.06203661497063784,True
00001248_003,-0.07813172696291071,True
00001248_004,-0.0900412007417285,True
00001248_005,-0.08672230430581329,True
00001248_007,0.06799828821506465,False
00001248_006,-0.0817234506146799,True
00001248_008,-0.06910020103857573,True
00001248_009,-0.09507484861258608,True
00001248_010,-0.08687203468980564,True
00001248_011,-0.061095551946382054,True
00001248_012,-0.0770445703283481,True
00001248_013,-0.03964971741185297,True
00001248_014,-0.07120555791763628,True
00001248_015,-0.078845783544229,True
00001248_016,-0.0804428708483812,True
00001248_017,-0.10182682937138465,True
00001249_000,0.06373159154822622,False
00001249_001,0.03119783933599074,False
00001249_002,0.07408454825126365,False
00001249_003,0.07501374378438425,False
00001249_004,-0.019085579557454824,True
00001249_005,-0.003596137569119029,True
00001249_006,0.06141464887351228,False
00001249_007,-0.07131370228854894,True
00001249_008,0.05702315859882573,False
00001249_009,0.08408030314494441,False
00001249_010,-0.10627073020358302,True
00001250_000,0.11060848798525763,False
00001250_001,0.11567265774461322,False
00001250_002,0.06724444683430403,False
00001250_004,0.0767367730806629,False
00001250_005,0.10603322415400457,False
00001250_006,0.0901666078458826,False
00001250_007,0.06194535669361484,False
00001250_009,0.07012175580514629,False
00001250_008,0.04923814934143811,False
00001250_010,0.09062750752582255,False
00001250_011,-0.06354708217102689,True
00001250_012,0.06584941399846972,False
00001250_013,0.05313892483662075,False
00001250_014,0.03835108162593881,False
00001250_016,0.06224386949161487,False
00001250_017,0.06812259482275201,False
00001250_015,0.1048288007599415,False
00001251_000,0.015021737503464694,False
00001251_001,0.11095625783764107,False
00001252_000,0.11483143322088984,False
00001252_002,-0.11079480353149151,True
00001253_002,0.10788018834065438,False
00001253_003,-0.005082313170009067,True
00001253_004,-0.01209616430020033,True
00001253_000,-0.007607952296846632,True
00001253_001,0.012876080654841415,False
00001254_000,0.11393665984683732,False
00001255_000,0.11375123847443513,False
00001255_001,0.12175238106870484,False
00001255_002,0.11184158290639434,False
00001255_003,0.12465065450072133,False
00001255_004,0.12508522087647544,False
00001255_005,-0.04941174989053676,True
00001255_007,0.06254259942035123,False
00001255_008,-0.03139082438559715,True
00001255_009,-0.10008908839383424,True
00001255_010,0.0533799072622661,False
00001255_011,0.10985363981660312,False
00001255_012,-0.2151673575243046,True
00001255_013,-0.048786411339233005,True
00001255_014,-0.18813730599661382,True
00001255_015,-0.11515707495585314,True
00001255_016,0.11063861177291323,False
00001255_017,-0.11360896658346942,True
00001255_018,-0.04763213758515683,True
00001255_019,-0.041930671312909396,True
00001255_020,0.10096314195432299,False
00001255_021,0.0528207837267729,False
00001255_022,0.11356004356819288,False
00001255_023,-0.08769465459938486,True
00001255_024,0.02398001409628775,False
00001255_025,0.05040790687451502,False
00001255_026,0.017244209495150264,False
00001255_027,-0.1936474758604202,True
00001255_028,0.07327499013402816,False
00001255_030,-0.13593289677519327,True
00001255_029,0.10528461581967646,False
00001255_032,-0.13228711174568086,True
00001255_031,0.017805875255977377,False
00001255_033,-0.13416847251379693,True
00001255_034,0.06083078307962558,False
00001255_035,-0.048552330235192454,True
00001255_036,-0.16276246760861768,True
00001255_037,0.08854932907470853,False
00001256_000,0.09997465242214598,False
00001256_001,0.056885942317904115,False
00001256_002,0.10488241501532419,False
00001256_003,0.13011236608295335,False
00001256_004,0.060868685929308275,False
00001256_006,0.0963870644243427,False
00001256_007,0.10475280538100562,False
00001256_008,0.10109850142971183,False
00001256_009,0.10778170850245128,False
00001256_010,0.09703935925843016,False
00001257_000,0.10955968937646915,False
00001259_000,0.11217219731045308,False
00001261_000,0.11637165385099735,False
00001261_001,0.08762328951489962,False
00001262_000,0.1294615138468927,False
00001263_000,0.11880827970022606,False
00001264_000,0.12032055180253814,False
00001264_001,0.12195082633662563,False
00001265_000,0.12005564720398576,False
00001265_001,0.10177424083304848,False
00001266_000,0.04936962562818509,False
00001267_000,0.11247441575089656,False
00001267_001,0.06075779966213607,False
00001268_000,0.12792036091341247,False
00001268_001,0.08658909079114963,False
00001268_002,0.11450114714622217,False
00001268_003,0.0794227066574803,False
00001268_004,0.1193667135253294,False
00001268_005,0.11612073103503096,False
00001268_006,0.11664819525008452,False
00001269_000,0.10442818780077517,False
00001270_000,0.12375523178723508,False
00001270_001,-0.07184341477137568,True
00001270_002,0.06700881842026407,False
00001270_004,0.04280015491875905,False
00001270_003,0.10926732209268009,False
00001270_005,0.08419797256963679,False
00001271_000,0.03558187683938485,False
00001271_001,0.054736289531187865,False
00001271_002,0.06770855154072725,False
00001272_000,-0.07628540585767263,True
00001273_000,0.10262345856144195,False
00001274_001,0.12249455501829892,False
00001275_000,0.1043012601632155,False
00001276_000,0.048333301377295745,False
00001277_000,-0.17995896428605374,True
00001277_001,0.11050462402293787,False
00001278_000,0.06489002056653337,False
00001278_001,0.08094912779564872,False
00001278_002,0.051342205455947976,False
00001278_003,0.007219105371221779,False
00001278_004,0.12036237321731952,False
00001278_005,0.07664461172971065,False
00001278_007,0.028509708932101085,False
00001278_006,0.05584943571903861,False
00001278_008,0.09175925343133046,False
00001278_009,0.11575717187390921,False
00001278_011,0.03802909348792771,False
00001278_010,0.08546651805326344,False
00001278_012,0.07181968811213807,False
00001278_013,0.053867339063676245,False
00001278_014,0.0647525957971185,False
00001278_015,-0.053659229474181114,True
00001278_016,-0.024173357325435574,True
00001278_017,0.04071103196365983,False
00001278_018,0.07254494186307603,False
00001278_019,0.06528503473265118,False
00001278_020,0.035317367079211015,False
00001279_000,0.1223606419699052,False
00001279_001,-0.1921621280889606,True
00001280_001,0.11200569148630979,False
00001280_002,0.11076654446907191,False
00001280_004,0.11746990924257533,False
00001281_000,0.07862340050939465,False
00001283_000,0.12143381806749792,False
00001284_000,0.05777023693639621,False
00001284_001,-0.09559295245602728,True
00001285_000,0.02838295066575708,False
00001285_001,0.0484616419345032,False
00001285_002,0.08495405016458973,False
00001285_003,0.03726659370692226,False
00001285_004,0.021262656637998312,False
00001286_000,-0.08990678572592137,True
00001286_001,0.06663234926063855,False
00001286_002,0.05840977595810248,False
00001286_003,0.051800719425287856,False
00001286_004,-0.014590614401528978,True
00001286_005,0.02336862609776269,False
00001286_006,-0.010960227117515986,True
00001286_007,-0.0036494556641086806,True
00001286_008,-0.01766393924866394,True
00001286_009,0.03331352639933749,False
00001288_000,0.0704365651903508,False
00001289_000,0.12858745273789018,False
00001290_000,-0.001955977272685594,True
00001291_000,0.08069017109712229,False
00001292_000,0.1161746933533403,False
00001292_001,0.036325921325433996,False
00001293_000,0.09284257571130072,False
00001294_000,-0.0700386331110131,True
00001295_000,0.05163606496406958,False
00001296_001,0.11789943231735583,False
00001297_000,0.10702375202317205,False
00001297_001,0.1317487327132036,False
00001297_002,0.12195849435177053,False
00001298_000,0.11928907976835906,False
00001298_001,0.10103364887016653,False
00001298_002,0.06350198393343287,False
00001298_003,0.11724249102255219,False
00001298_004,0.077285153561086,False
00001298_005,0.10519034421324996,False
00001298_007,0.10543550639318672,False
00001298_006,0.09632656560413477,False
00001298_008,0.07209207963390268,False
00001298_009,0.11033055160081795,False
00001299_000,0.05219196426670103,False
00001300_000,0.05929453396281703,False
00001301_000,0.08644150281834123,False
00001301_001,0.040480658082343135,False
00001301_002,0.09004974536551136,False
00001301_003,0.0660825427262377,False
00001301_004,0.002208231633765434,False
00001301_005,0.03942900036266167,False
00001301_006,0.05110504192015708,False
00001301_007,0.11281134150172528,False
00001301_008,0.059042308166421364,False
00001301_009,0.06996654945486525,False
00001301_010,0.027140209208723343,False
00001301_011,0.08359871758460202,False
00001301_012,0.10170204764787205,False
00001301_013,0.08212831649337465,False
00001301_014,0.020552585233554688,False
00001301_015,0.06576214123268681,False
00001301_016,0.05733001286369943,False
00001301_017,0.09768507624845857,False
00001301_018,0.09953193030019641,False
00001301_019,0.07598794702154216,False
00001301_020,0.06481718395009883,False
00001301_021,0.061895602425963314,False
00001301_022,0.04467631985750897,False
00001301_023,0.024399918252490327,False
00001301_024,0.07639148949775754,False
00001301_026,0.05930819299642531,False
00001301_025,0.08451121390317229,False
00001301_027,0.094571320077522,False
00001301_028,0.08765974822218758,False
00001301_029,0.1043609704838489,False
00001301_030,0.07417090143255423,False
00001301_031,0.07020420911805947,False
00001301_032,0.02438421720277828,False
00001301_033,0.05685889531620819,False
00001301_034,0.03268283255803833,False
00001301_035,0.05157814852782844,False
00001301_036,0.05667355897909793,False
00001301_037,0.070413970775767,False
00001301_038,0.08661572378950089,False
00001301_039,0.0656652161810668,False
00001301_040,0.05364683145104282,False
00001301_041,0.055404259997978045,False
00001301_042,0.011106217486788361,False
00001301_043,0.06616012766105206,False
00001301_044,0.07515906320626731,False
00001301_045,0.05049331401826973,False
00001301_046,0.08331904479574398,False
00001301_047,0.029710260513089226,False
00001301_048,0.016913807693863414,False
00001302_000,0.12256228432335892,False
00001303_000,-0.06326794274546654,True
00001303_001,0.03976739586982353,False
00001303_002,0.08738359819390035,False
00001303_003,-0.22061659855967386,True
00001303_004,-0.004813554097942374,True
00001304_000,0.09222294277847914,False
00001304_001,0.1122342894279022,False
00001304_002,0.08166533226984873,False
00001304_003,0.1269711384961586,False
00001304_004,0.11012287108441093,False
00001304_005,0.09464594244180558,False
00001304_006,0.0932640524471226,False
00001304_007,0.11322939483438965,False
00001305_001,0.1095494669532297,False
00001307_000,0.11850825145065319,False
00001307_001,0.07281616675256897,False
00001308_000,0.11871427732770984,False
00001308_001,0.11048791954080728,False
00001308_002,0.08971777075713705,False
00001309_000,0.10049111651967757,False
00001309_001,0.12783278142153875,False
00001309_002,0.12216526569017194,False
00001309_003,0.11730018882674298,False
00001310_000,0.13165435473660642,False
00001310_001,0.027471500922756797,False
00001311_000,0.03719705286049185,False
00001312_000,0.09038653607390945,False
00001313_000,-0.001075884513568659,True
00001314_000,0.13114359148793236,False
00001314_001,0.10582469130634431,False
00001315_000,0.10906896579968733,False
00001315_001,0.11876701675825707,False
00001315_002,0.11191454346101204,False
00001315_003,0.06689189170434467,False
00001315_004,0.0894714123348403,False
00001315_005,-0.0033117567853561125,True
00001315_006,0.011850123380611699,False
00001317_000,0.10933810535979638,False
00001317_002,0.13071649701212695,False
00001317_003,0.1192089300552584,False
00001317_004,0.0710679691699801,False
00001317_005,0.08765499224405349,False
00001317_006,0.09133200218694515,False
00001317_007,0.08339094539570557,False
00001318_001,0.12735229647703722,False
00001318_002,0.1016519450034612,False
00001318_003,0.06412394218742662,False
00001318_004,0.07352011373403872,False
00001318_000,0.11041778788061357,False
00001319_000,0.1276374130629107,False
00001319_001,0.12434456816375045,False
00001319_002,0.10311607198941963,False
00001320_001,0.0037065526454354014,False
00001320_002,0.00619921373466753,False
00001320_003,0.00741255411400199,False
00001320_004,0.10058554243247336,False
00001320_006,0.07383899215570694,False
00001321_000,0.042924309724398646,False
00001322_000,0.07197397755626134,False
00001322_001,0.12063219546935988,False
00001322_002,0.12282515220563128,False
00001322_003,0.047488369792804574,False
00001322_004,-0.1430335160812518,True
00001323_000,0.12553445906405153,False
00001323_001,0.03197670286311699,False
00001323_002,0.12620438700962855,False
00001324_000,0.10711036280097663,False
00001325_000,0.08215077923711417,False
00001326_002,0.07291678353078107,False
00001326_003,0.02763372972279049,False
00001326_004,0.11152442000436186,False
00001326_000,0.10149627357085245,False
00001327_002,0.12896585792416154,False
00001327_003,0.02398528925337301,False
00001327_004,0.02435172814376141,False
00001327_005,0.05515779195405407,False
00001327_000,0.086948532000863,False
00001327_001,0.015813289132810326,False
00001328_000,0.08280613427251043,False
00001330_000,0.06484535547952852,False
00001330_001,-0.05817479365098088,True
00001330_002,-0.042099823941456616,True
00001330_003,-0.03503290411871174,True
00001330_004,0.06736730417227021,False
00001331_000,0.10372127771037354,False
00001332_000,0.09172497900350407,False
00001332_001,0.09706220365320067,False
00001332_002,0.00791732396174294,False
00001332_003,0.061573426896806005,False
00001333_000,0.019908584417990316,False
00001333_001,0.07803434397686321,False
00001334_000,-0.08270380546361211,True
00001334_001,0.09714328240078396,False
00001334_002,-0.017425156635379135,True
00001334_003,-0.021177835241931176,True
00001335_000,0.13854978288806086,False
00001335_001,0.1170077899558793,False
00001335_002,0.12654230564038815,False
00001335_003,0.10150882757459939,False
00001335_004,0.11189503947338442,False
00001335_005,0.08284806031129721,False
00001335_006,0.06506836936081672,False
