image_id,anomaly_score,anomaly_flag
00000013_005,0.036887914941148625,False
00000013_026,0.03145769348134042,False
00000017_001,0.09950426334662466,False
00000030_001,0.1259699299567975,False
00000032_001,0.12005410164910946,False
00000040_003,0.12667793325123206,False
00000042_002,0.02625414624613459,False
00000057_001,0.07638636601690646,False
00000061_002,0.11817550906342067,False
00000061_019,0.06645566695174582,False
00000061_025,0.0792191940021521,False
00000079_000,0.12000367447044252,False
00000080_005,-0.016897851933349695,True
00000083_000,0.11767836290820727,False
00000084_000,0.109784940272864,False
00000096_006,0.1312169834743081,False
00000099_003,-0.05733885944000727,True
00000099_006,-0.14390688024830078,True
00000103_001,0.1300464659367297,False
00000116_013,0.05962839894322847,False
00000116_019,0.11553719954881453,False
00000116_032,0.09945517624924188,False
00000116_040,0.10743301703587954,False
00000118_011,0.10140276417291505,False
00000121_004,0.05237107962289622,False
00000127_007,0.07461284930624779,False
00000132_002,0.04257230190392375,False
00000154_001,0.11838803200376985,False
00000165_008,0.11663450786581953,False
00000175_001,0.015989864514131924,False
00000175_002,0.012672536810770851,False
00000181_001,0.09600029161950702,False
00000181_017,0.09601005097696991,False
00000181_035,0.07991655953215204,False
00000188_001,0.10290705778405107,False
00000194_004,0.1301796846737413,False
00000206_000,0.12391967761929829,False
00000231_005,0.10838715336949883,False
00000232_000,0.06793072257743915,False
00000239_003,0.06842593052668738,False
00000242_000,0.09063304954737617,False
00000243_001,0.11927075689052435,False
00000246_003,0.043765386251394645,False
00000246_004,0.07360355489671122,False
00000246_011,0.10714897752062419,False
00000246_016,0.07194774506680063,False
00000246_018,0.0992270910442728,False
00000248_020,-0.012352340547108098,True
00000250_005,0.1124721561132756,False
00000251_000,0.08144508518784038,False
00000265_004,0.09164401137319428,False
00000268_001,0.03777065114924044,False
00000269_001,0.11432708810449027,False
00000272_003,0.1228150458836646,False
00000276_000,0.04529185865230373,False
00000277_002,0.10440228361489623,False
00000278_000,0.10861221459407239,False
00000289_001,-0.07164842107602276,True
00000318_004,0.1064539295211071,False
00000324_001,0.1307854393754913,False
00000334_005,0.1304853280333665,False
00000359_002,0.08499139110653925,False
00000359_006,0.12675439027735597,False
00000360_008,0.015907066442636675,False
00000362_001,0.12387577466024435,False
00000370_003,0.11356129996779651,False
00000372_002,0.06692410092075218,False
00000376_007,0.12128579924921218,False
00000390_000,0.11692469895447283,False
00000415_002,-0.02750873000398457,True
00000417_001,0.027271831238645183,False
00000422_003,0.09933853120399538,False
00000422_005,0.114723089740705,False
00000432_000,0.1156191784027692,False
00000439_000,0.11432452912015817,False
00000443_000,0.11841899252491289,False
00000444_001,-0.012281364686870355,True
00000450_001,0.041854554805698274,False
00000459_004,0.07111508796969268,False
00000459_037,0.0008635856350432403,False
00000467_013,0.030297275786934308,False
00000468_005,0.004786187522632934,False
00000468_007,-0.11935667299637442,True
00000468_015,0.08230721560193449,False
00000468_045,0.09175674582528076,False
00000473_000,0.12352127738253887,False
00000479_000,0.121568345343875,False
00000490_000,0.12360256539810055,False
00000491_004,-0.16518951803356985,True
00000508_000,0.10839239491539154,False
00000521_000,0.11242874972139444,False
00000524_001,0.11990442975589904,False
00000531_001,0.12564657955920472,False
00000531_003,0.11602904303996309,False
00000531_005,0.10781722685822676,False
00000545_000,0.13193008834467967,False
00000545_004,0.12263609442188528,False
00000549_002,0.12445511074474519,False
00000549_003,0.13400203396407873,False
00000554_000,-0.05168111506067763,True
00000556_000,0.12470831446602976,False
00000569_005,0.11749158307795621,False
00000580_001,-0.045752688039046197,True
00000580_007,0.10506788851191873,False
00000583_016,0.07421831900369763,False
00000598_000,0.0883250450417381,False
00000599_000,-0.05822320831209338,True
00000612_000,0.06172927707348397,False
00000618_007,0.01897169925560621,False
00000621_011,0.05304058618525531,False
00000623_009,0.07495502603176696,False
00000627_010,0.10841116588901722,False
00000627_017,0.09983476278756526,False
00000627_033,0.06613764742169304,False
00000627_036,0.0004173735606685103,False
00000632_011,0.1257010512619242,False
00000632_012,0.13194138638162572,False
00000634_008,0.1252311230053602,False
00000642_000,0.13060848654448565,False
00000643_001,0.03424694224861258,False
00000649_000,0.11981660789312981,False
00000652_005,0.10429861852628841,False
00000662_001,0.12852483603042747,False
00000676_003,0.08655454530732126,False
00000682_001,0.12698580160092648,False
00000709_000,0.034397111713029116,False
00000727_002,0.0795637061206717,False
00000727_004,0.039882223161361585,False
00000733_003,0.10670412872506624,False
00000737_000,0.12651852266640456,False
00000742_000,0.11465012203319702,False
00000743_003,0.10696372184686453,False
00000744_003,0.11791332865597876,False
00000751_000,0.09979567943207912,False
00000758_000,0.10357321726115737,False
00000764_000,0.08410536308922756,False
00000766_002,0.1189099579117347,False
00000779_001,0.11305823988295532,False
00000781_006,0.12981286293701916,False
00000790_000,0.12973865456589667,False
00000797_004,0.02285675348539351,False
00000805_001,-0.07158889262173573,True
00000807_000,0.08184328969449367,False
00000809_001,0.11571256993995888,False
00000814_005,0.07173339889032138,False
00000816_000,0.10899707834824807,False
00000820_003,0.087994267064823,False
00000832_005,0.1130643743661176,False
00000835_000,0.07689428406294996,False
00000861_002,0.050642655582661456,False
00000865_004,0.027991693983699106,False
00000869_006,0.11797586766079965,False
00000872_006,0.12554010584714625,False
00000877_017,0.09085280822941505,False
00000877_023,-0.014877278100360325,True
00000882_005,0.08773426949910196,False
00000887_003,-0.10318188426965369,True
00000901_003,0.11425399277260423,False
00000906_000,0.0803688829141353,False
00000910_000,0.11998467674433017,False
00000915_004,0.1085182571989099,False
00000938_004,0.05678277688955963,False
00000946_000,0.10517556855785754,False
00000954_005,0.1151306113039462,False
00000957_000,0.12511979386311106,False
00000957_001,0.11566910687352838,False
00000963_011,0.07035961044943728,False
00000974_002,0.06843980623354284,False
00000974_008,0.09369814617444122,False
00000981_002,0.11464787583313635,False
00000996_001,0.06813223781199979,False
00000996_002,-0.04765959526263064,True
00000997_000,0.1061723153242406,False
00000997_004,0.11763046108882452,False
00001006_002,0.08670070030265564,False
00001006_012,0.02894232521393625,False
00001006_026,0.03999746204880822,False
00001006_028,0.09822294678058041,False
00001018_000,0.13009068520752992,False
00001034_004,0.036675281957424255,False
00001043_004,0.06106492372460276,False
00001045_003,0.07152471583062175,False
00001045_004,0.055605723803637486,False
00001047_002,0.13049887092089985,False
00001047_003,0.12206064612723178,False
00001075_003,0.0030257518957081397,False
00001075_004,0.01616479563343387,False
00001075_015,0.0881555444605242,False
00001075_046,0.06636678168982024,False
00001077_002,0.09999316631182331,False
00001086_001,0.11282135572647783,False
00001087_000,-0.02917716198027387,True
00001088_010,0.03333253639153816,False
00001088_018,0.09014479925319596,False
00001091_000,0.11606621143576484,False
00001093_008,0.10544626563812226,False
00001096_001,0.11675333485233841,False
00001100_002,0.0663094724756716,False
00001101_002,0.0678986280188506,False
00001101_018,0.010128147737049675,False
00001101_022,0.002714043127517274,False
00001104_011,-0.04989642699063557,True
00001104_012,0.08175244225307943,False
00001106_000,0.09997611293543401,False
00001120_000,0.12452037253873849,False
00001138_000,0.10354470948627581,False
00001143_002,0.10791919999269212,False
00001146_000,0.09369699500459483,False
00001148_001,0.1055980323811449,False
00001149_000,0.03057847466609831,False
00001150_000,0.04008673631477111,False
00001153_004,0.10282451610563148,False
00001160_000,0.11139165042060895,False
00001170_054,0.12136622096550542,False
00001173_000,0.11999813263098086,False
00001187_002,0.13115533075888952,False
00001187_006,0.12888792942501753,False
00001194_006,0.1149051671866016,False
00001203_005,0.0773435799611627,False
00001206_002,0.08157846192256057,False
00001208_004,-0.012371955414511082,True
00001214_000,0.12884831880817715,False
00001230_007,0.0667036883469656,False
00001248_005,-0.05201226902831424,True
00001248_017,-0.07554402101217506,True
00001249_002,0.08987784010462929,False
00001249_010,-0.07513543306497072,True
00001253_003,-0.028078360522620582,True
00001255_017,-0.08892547562606135,True
00001255_018,-0.02718231326761822,True
00001255_033,-0.109311561901831,True
00001256_007,0.12349433068119792,False
00001260_000,0.12064029212579552,False
00001270_005,0.097364041308107,False
00001272_000,-0.06292174584879306,True
00001278_005,0.07716391612502344,False
00001278_012,0.08917634675627967,False
00001280_002,0.10173141705997263,False
00001280_004,0.11683705986571347,False
00001294_000,-0.07910723272255804,True
00001297_001,0.12130077479128154,False
00001301_008,0.07972013537686223,False
00001301_013,0.10362680001284114,False
00001301_020,0.060007758870691486,False
00001301_021,0.06263844928485057,False
00001301_036,0.06960416958916488,False
00001301_047,0.05307938001506429,False
00001301_048,0.03785281070096003,False
00001303_000,-0.02924965485859743,True
00001335_001,0.11006635493717448,False
00001338_002,-0.033397884252762466,True
00001347_002,0.0885741328512537,False
00001362_000,0.11067491543532276,False
00001363_000,0.08667551262551543,False
00001373_002,0.09206747904605056,False
00001373_009,0.11728450186383382,False
00001373_010,0.08336296352836697,False
00001373_021,0.01765006540102687,False
00001373_026,0.10055005627018493,False
00001373_052,-0.017141376814746367,True
00001385_000,-0.011278138329504861,True
00001385_004,0.0913347223621166,False
00001394_001,0.08892969984667881,False
00001402_000,0.11452256894400004,False
00001404_001,0.04576890458013977,False
00001409_002,0.0911490525618262,False
00001426_000,0.12612284133386015,False
00001429_007,0.03463092648526772,False
00001437_003,0.033616593130536054,False
00001437_042,0.023401281751881664,False
00001437_043,0.08192466212564475,False
00001445_003,0.12111326689256263,False
00001450_000,0.1227316570581713,False
00001483_014,0.1069456651112442,False
00001483_020,0.06927216075579495,False
00001483_022,0.07503009490031975,False
00001483_023,0.01879463871613335,False
00001485_003,0.08590357324516534,False
00001487_000,0.1339992912195182,False
00001497_000,0.06381685395857101,False
00001500_001,0.061748155739620336,False
00001501_008,0.12169574154676405,False
00001504_009,0.1250868883623325,False
00001517_005,0.10546316397497169,False
00001518_000,0.04327744084267293,False
00001521_000,0.09094379931946639,False
00001526_007,0.0827607819435573,False
00001529_004,0.05102113470884284,False
00001543_000,0.03179742625268683,False
00001547_005,0.1256367967821847,False
00001558_003,0.07970045508819062,False
00001558_005,0.11323105890100055,False
00001558_008,0.08537054075406764,False
00001558_018,0.09686678617615829,False
00001562_001,0.11875712836014518,False
00001581_001,0.12447374658682542,False
00001582_004,0.09691213160414414,False
00001583_001,0.13157625136530227,False
00001586_000,0.11677736865898186,False
00001589_001,0.10949655116053086,False
00001592_000,0.08760695849022715,False
00001595_003,-0.21562919170603267,True
00001609_002,0.1010977820483675,False
00001616_000,0.10093967965796846,False
00001626_000,-0.057666053040470566,True
00001629_000,0.11029631293999037,False
00001634_005,0.1233264487573032,False
00001637_002,0.07601197789973824,False
00001640_000,-0.15682396354900585,True
00001643_000,0.08565636057361092,False
00001650_011,0.0894933061890138,False
00001654_003,0.0955151082901941,False
00001657_000,-0.08989316759558097,True
00001661_000,0.11410738468244608,False
00001677_000,0.11023169358975676,False
00001678_004,0.04407878583262659,False
00001684_025,0.10420606316812087,False
00001686_001,-0.22032135075157055,True
00001689_004,0.09425951838910135,False
00001689_014,0.07594696046583455,False
00001692_000,0.017237932424237656,False
00001697_000,0.09598501059052794,False
00001698_004,0.03222224803869389,False
00001700_008,0.09945603842278672,False
00001715_002,0.1293172894851493,False
00001717_000,0.11788410236498031,False
00001718_002,0.07532152231630534,False
00001734_007,0.06131056079155417,False
00001736_013,0.0925857873436795,False
00001748_007,0.10092273152267867,False
00001775_001,0.05679221865436629,False
00001782_000,0.10068338563363599,False
00001788_007,0.08533075415056213,False
00001790_001,0.10428626915220757,False
00001792_001,0.03594642721809438,False
00001797_002,0.11872157997262012,False
00001799_001,0.0976228936799266,False
00001816_001,0.10722123858125865,False
00001821_000,0.11295141152478999,False
00001828_000,-0.13179697391957745,True
00001833_005,0.12223559001967782,False
00001836_004,-0.09813577776548632,True
00001836_016,0.11587439874826755,False
00001836_048,0.01625408610542073,False
00001836_069,0.11908765735796029,False
00001836_074,0.10222701561824699,False
00001836_076,0.10190220958089458,False
00001836_100,0.10782099395887096,False
00001847_004,0.0627843691683963,False
00001855_007,0.02121962310978326,False
00001855_023,-0.14355590382376948,True
00001855_030,0.018779832957162845,False
00001872_014,0.1331852696051094,False
00001900_038,0.10595077166662503,False
00001906_002,0.10439237702263515,False
00001907_000,0.13326913385038924,False
00001912_002,0.12053515519926905,False
00001913_000,0.09646761309142954,False
00001931_001,0.10780968277268749,False
00001931_022,0.10904168364911393,False
00001935_000,0.07352374571256409,False
00001936_000,0.06357581258070805,False
00001943_000,0.08357355607668732,False
00001946_003,0.1054621609295644,False
00001946_027,0.08669999143812784,False
00001950_001,0.10865921637253667,False
00001951_000,-0.054161515833777485,True
00001958_004,-0.0032946550077831427,True
00001958_014,0.06194929642388397,False
00001968_000,-0.06395236137321447,True
00001970_003,0.11593502749106777,False
00001972_001,0.10117720508097838,False
00001974_011,-0.07985040647863362,True
00001977_000,0.08697225173424467,False
00001977_003,0.12618621185748236,False
00001982_000,0.12233753772541556,False
00001984_011,0.125262551617982,False
00001989_001,-0.004996481250089557,True
00001989_002,-0.05193481674616296,True
00001989_012,0.12047961092741694,False
00001990_002,0.11648525640973384,False
00001992_012,0.10095298477625325,False
00001993_000,0.0598573028735101,False
00001996_001,0.0961835496719598,False
00001998_000,0.11965428745047108,False
00002003_005,0.08573431566036321,False
00002003_006,0.09073006996346794,False
00002003_008,0.08724528816930716,False
00002015_000,0.07737771207975125,False
00002015_005,0.0031358832764413758,False
00002032_004,-0.021525165309286942,True
00002032_014,-0.022330556018149372,True
00002046_003,0.1355030997392076,False
00002048_009,0.0936151605507704,False
00002048_010,0.07814597586099054,False
00002048_013,0.12109400554693861,False
00002048_015,0.10644235013401909,False
00002054_002,0.1131858264722011,False
00002058_004,-0.07490477182092237,True
00002058_032,0.02967170306461303,False
00002066_014,0.06037631204696631,False
00002094_000,0.11548562844747406,False
00002106_001,-0.025008598053707254,True
00002107_000,-0.06062502792286584,True
00002115_001,0.05845336864957679,False
00002117_008,0.06538879829317268,False
00002119_001,0.08973196494863556,False
00002122_000,0.03972926390768977,False
00002122_002,0.03520366278977638,False
00002156_000,0.024977962688053912,False
00002156_004,0.1280158543247677,False
00002163_000,0.09810316295879784,False
00002165_003,0.11232047867004702,False
00002173_000,-0.021034575007537026,True
00002183_000,0.12908515930357173,False
00002193_000,0.11109869864496752,False
00002208_009,0.12375466411456398,False
00002212_002,-0.003884570181802216,True
00002218_004,0.08604905671132429,False
00002221_000,0.10856189443263464,False
00002243_007,0.10308593313017189,False
00002251_003,0.12127888203445664,False
00002259_000,0.12965628296695592,False
00002271_001,0.08646389254005549,False
00002278_000,0.11262801942900202,False
00002288_007,0.1040015608331813,False
00002290_000,0.11916822209069333,False
00002290_003,0.0657596322424579,False
00002299_009,0.12304535197200794,False
00002300_004,0.12442460124244226,False
00002300_016,0.09864924282528659,False
00002300_044,0.03721231003160125,False
00002316_001,-0.009967687239364253,True
00002317_000,0.1137029426266492,False
00002331_001,0.1239614857283643,False
00002339_009,0.07499147593305788,False
00002344_000,0.13211680727426633,False
00002345_000,0.04620208464054709,False
00002351_001,0.11711279668764751,False
00002354_000,-0.1316959084396666,True
00002355_002,0.11271455978901362,False
00002355_006,0.12066029334134065,False
00002359_008,0.0406574020610182,False
00002359_018,0.054658185023961525,False
00002360_005,0.12189593571272117,False
00002371_007,0.10830722114546276,False
00002381_006,0.06900133171191519,False
00002382_000,0.11909216929114275,False
00002387_006,-0.02750619645150232,True
00002395_007,0.10952101217127852,False
00002395_016,0.05821180853593827,False
00002395_021,0.07263996765362513,False
00002395_029,0.03570558766612303,False
00002395_036,0.09177420320099505,False
00002397_001,0.10454294555864913,False
00002400_000,0.10297639762482985,False
00002403_000,0.11090510149930077,False
00002405_003,0.047413266635111084,False
00002407_001,0.12338061797720223,False
00002411_013,0.13270898083296073,False
00002412_000,0.04558522727726183,False
00002424_010,0.1287276390527255,False
00002425_000,0.12032734441825516,False
00002425_001,0.13004303706107917,False
00002437_000,0.1035603625086085,False
00002437_047,0.08379812768143646,False
00002457_002,0.08355961149899654,False
00002466_006,0.12119853965629196,False
00002469_000,0.0783326924449913,False
00002479_002,0.04795867673701515,False
00002482_004,0.11074987475511155,False
00002484_002,0.11464387483974997,False
00002486_000,0.11200077468285624,False
00002491_004,0.11962890995692188,False
00002491_007,0.05439035179596169,False
00002492_001,0.06939710628983914,False
00002492_005,-0.008442096859688997,True
00002502_000,0.12565882741423934,False
00002505_001,0.09955905843646395,False
00002505_018,0.07696931490215658,False
00002510_010,0.005536639673523469,False
00002524_013,0.12472653575824244,False
00002524_032,0.12104311751829805,False
00002524_033,0.10819571006239165,False
00002529_020,-0.14486646400295544,True
00002529_026,0.04332806277856771,False
00002533_003,0.02355086155117858,False
00002537_002,0.11616390240451602,False
00002543_000,0.032746806505589476,False
00002547_006,-0.08175561592735081,True
00002547_007,0.11468573404998067,False
00002548_002,0.052188133209616294,False
00002552_000,0.12483675082188289,False
00002553_000,0.12183035418743521,False
00002570_001,0.12311426316974655,False
00002570_004,0.05686984832385683,False
00002570_007,0.07782861525067353,False
00002571_000,0.13216564254518465,False
00002594_005,0.00922547293230408,False
00002597_000,0.11282722515764454,False
00002608_001,0.05458751378792265,False
00002611_010,0.06591118858738049,False
00002615_000,0.0904363636199697,False
00002623_000,-0.07301513525504155,True
00002625_003,0.11050418824124336,False
00002627_000,0.10195892746208757,False
00002632_000,0.09930170380374448,False
00002633_005,0.13324795996874383,False
00002638_000,0.0974892302279099,False
00002639_008,0.11710438478579127,False
00002639_010,0.11563031267823598,False
00002649_013,0.043532278020038284,False
00002659_001,0.09637098222320384,False
00002673_007,0.048663890639466134,False
00002673_019,0.03305577644014451,False
00002674_000,0.12941641201302662,False
00002678_007,0.016212757095180774,False
00002688_002,0.07121507637394514,False
00002702_001,-0.0299454964948348,True
00002702_002,0.08349915484224524,False
00002704_005,0.13448122564534531,False
00002704_015,0.1102657672056615,False
00002706_004,0.029518024721465475,False
00002712_000,0.07515837747827547,False
00002714_001,0.0861660111580666,False
00002716_000,0.11492396940993355,False
00002718_004,0.09649349174846034,False
00002719_001,0.11340388673483365,False
00002720_004,0.12877734201807872,False
00002725_000,0.08872589763892186,False
00002735_001,0.08506074757091697,False
00002739_000,0.12372587815994823,False
00002739_001,0.11518526734956741,False
00002740_001,0.09743001181241884,False
00002745_000,0.1093001213172195,False
00002748_001,0.10054639417116396,False
00002749_000,0.08509563479070542,False
00002760_000,0.12452717018234227,False
00002763_002,0.10731315384747736,False
00002765_003,0.11946671924281926,False
00002775_007,0.11751139055099336,False
00002777_000,0.11289658993209889,False
00002790_003,0.0662156786390451,False
00002798_001,0.10868487592982767,False
00002799_000,0.09619840587753897,False
00002800_003,0.05283607806234869,False
00002803_002,0.006902132567206787,False
00002806_003,0.0016392309139249273,False
00002816_001,0.13301027373820373,False
00002817_012,0.10406797238379911,False
00002835_003,0.11761627899191607,False
00002843_003,0.10145387759588542,False
00002847_004,0.12805563412382848,False
00002854_000,0.1270109236329422,False
00002856_014,-0.0749055458545953,True
00002856_026,0.08347860312713634,False
00002860_002,0.10088553216712809,False
00002860_016,0.10836877329961259,False
00002860_024,0.05479827730459458,False
00002878_004,0.06463206640132013,False
00002883_001,0.08188434647208348,False
00002892_001,0.10718150387416386,False
00002892_007,0.06592449712420867,False
00002898_001,0.11228442661503191,False
00002913_000,-0.020900790440666728,True
00002913_001,0.05251847801098536,False
00002919_004,0.029511715514097592,False
00002923_000,0.08568520297729659,False
00002927_002,-0.12710644137636007,True
00002927_003,0.020726164336499875,False
00002939_000,0.017605962565754918,False
00002957_002,0.119836267685002,False
00002961_000,0.12384170276959061,False
00002980_001,0.13276126561043544,False
00002980_002,0.07449626002536242,False
00002981_003,0.005588874755282469,False
00002986_002,0.022556123822806695,False
00003006_000,0.10172780972055206,False
00003007_000,0.11957604285375628,False
00003011_001,0.10765485506915728,False
00003011_004,0.07691411821158228,False
00003022_006,0.07924731805796686,False
00003028_004,0.09127060236197077,False
00003028_038,0.11436580407444424,False
00003028_051,0.08181437379044659,False
00003029_020,0.07203649952152347,False
00003030_003,0.0920770198730258,False
00003040_000,0.05221367217344203,False
00003043_000,0.08354574572734019,False
00003045_003,0.10797974333022853,False
00003053_001,-0.03517428875640549,True
00003053_003,0.0335743967174536,False
00003056_003,0.1255358807805942,False
00003064_032,0.10410339340777996,False
00003064_045,0.07625248074297236,False
00003064_046,0.0955656464336434,False
00003064_050,0.09647600050229505,False
00003076_000,0.12135445724777238,False
00003076_001,0.12369413814110797,False
00003079_000,0.08593644916733628,False
00003084_001,0.10743125267004605,False
00003094_005,0.061777735406183754,False
00003098_004,0.12042568329963055,False
00003109_000,0.011118230815810537,False
00003109_007,0.09511286637241462,False
00003109_011,0.05478558046937998,False
00003122_015,0.11242875374371908,False
00003122_017,0.12578144692481186,False
00003124_000,0.10216621828366501,False
00003129_000,0.11019996129118609,False
00003129_001,0.0954551166901772,False
00003129_004,0.11913947703081296,False
00003129_009,0.09414657746709987,False
00003129_011,0.127705265396708,False
00003135_000,0.12237589760523232,False
00003140_007,-0.005059790867164127,True
00003159_001,0.06034821612728164,False
00003169_001,0.11593917721296043,False
00003177_002,0.1278067613955039,False
00003186_004,0.11280328796731615,False
00003186_005,0.10283260168776065,False
00003190_018,0.05192056642959331,False
00003191_001,-0.00032237423282632793,True
00003198_002,0.11951608473697006,False
00003198_005,-0.11522537038474023,True
00003198_009,0.11339919189740422,False
00003205_002,0.10304726746679282,False
00003212_000,0.11295960950690942,False
00003221_002,0.12129587694231803,False
00003230_000,0.11958453120208268,False
00003230_012,0.12073487966815866,False
00003239_001,0.12424485478058128,False
00003269_007,0.009730296836682584,False
00003282_001,0.12322509414791027,False
00003292_007,0.10242968483616832,False
00003292_009,0.08747849744892167,False
00003294_000,0.09204521235910423,False
00003295_000,0.08348304687315722,False
00003296_000,0.10493381532177759,False
00003296_002,0.09715955267368331,False
00003303_000,0.12030561762276454,False
00003306_000,0.11956003535541304,False
00003319_000,0.11037168218865234,False
00003319_001,0.09452248834820626,False
00003332_000,0.0697419752895812,False
00003343_000,0.1195826142873111,False
00003361_005,0.11190734953614395,False
00003364_001,0.07040713504008062,False
00003371_001,0.11309322787142229,False
00003381_001,0.05881593295728821,False
00003382_008,0.07689064667634643,False
00003392_015,0.03811835963169319,False
00003392_039,0.039912200254631436,False
00003393_001,0.08672128460037648,False
00003393_008,0.08601599079780503,False
00003393_020,0.11369424733692879,False
00003393_021,0.0992652170659451,False
00003393_050,0.08075757280194856,False
00003395_005,0.12519398138446114,False
00003407_007,0.061110534489755564,False
00003421_007,0.07953086158125622,False
00003426_007,0.10770375705041968,False
00003426_008,0.10193294645649809,False
00003426_029,0.09993035272572276,False
00003426_034,0.09483409894871431,False
00003438_001,-0.11469715806455383,True
00003446_000,0.09769157723604144,False
00003459_017,0.043552964302560004,False
00003459_023,0.09489870065017658,False
00003461_000,0.09606536347477668,False
00003465_004,-0.19594825750363143,True
00003466_000,0.12705115926280303,False
00003478_008,0.02861224615850183,False
00003482_001,0.08723588732165322,False
00003499_001,-0.07999674154963055,True
00003501_002,0.0972767116136884,False
00003503_000,0.11454426167300902,False
00003510_014,0.06649646226086497,False
00003513_003,0.1220777382767207,False
00003513_008,0.09196410117780435,False
00003516_003,0.11232758664270165,False
00003520_002,0.10765619475288091,False
00003523_012,0.08597628696385123,False
00003523_027,0.08834461367651686,False
00003527_003,0.1171864477919704,False
00003527_013,0.12300519884113703,False
00003529_002,0.10768457317485552,False
00003534_011,0.040465626458525805,False
00003534_027,-0.06052382863027406,True
00003534_036,0.040105411578937045,False
00003535_010,0.02583459431840146,False
00003535_021,0.018931128023819688,False
00003550_000,0.11311693322794758,False
00003573_003,0.0675887956084335,False
00003574_012,0.12005809388665811,False
00003610_020,0.10845311574805483,False
00003621_000,0.12477761171331975,False
00003631_000,0.11151527144882106,False
00003635_002,0.08671527695705733,False
00003635_004,0.10973753200636516,False
00003640_001,0.06183356354416086,False
00003649_001,0.008543131233851808,False
00003659_011,0.12255263670167438,False
00003659_013,0.06319970625309512,False
00003673_000,0.11244687750953902,False
00003675_000,0.12260651888371676,False
00003678_001,0.07391736831289664,False
00003681_005,0.09158210860668703,False
00003685_004,0.12326666467982578,False
00003688_002,0.04882813743538306,False
00003689_002,0.10786622259264078,False
00003717_001,0.12061900243193846,False
00003719_006,0.12464220140681542,False
00003722_019,0.12020684651932179,False
00003733_001,-0.003047377899680126,True
00003741_002,0.1047350880663393,False
00003754_001,0.10409251546879017,False
00003758_002,0.08103404575475853,False
00003770_001,-0.029722790520992026,True
00003770_002,0.11495643942056877,False
00003771_000,0.12272969230301578,False
00003778_000,0.10576025233050462,False
00003787_002,0.11078884317852,False
00003789_000,0.09863500102151346,False
00003789_002,0.12514840454920234,False
00003794_000,0.102142744496795,False
00003801_002,0.11202966314662394,False
00003822_001,0.12252163227344004,False
00003834_000,0.08399495271582441,False
00003837_002,0.13387512357220915,False
00003837_008,0.11937646490878812,False
00003838_000,0.12084044095466895,False
00003839_001,0.12353657990272116,False
00003843_000,0.056207988237247875,False
00003856_000,0.042392153558068746,False
00003867_010,0.035444904656612874,False
00003867_012,0.09683679667338718,False
00003868_001,0.10858194801816934,False
00003868_006,0.11873987922228052,False
00003875_000,0.10263243088587254,False
00003875_011,0.120954382747535,False
00003890_000,0.10776682995465792,False
00003894_009,0.12060115290981033,False
00003895_000,0.09717820157692997,False
00003896_005,0.07873767804717191,False
00003899_002,0.06044873543332896,False
00003900_000,0.11018982167618996,False
00003917_000,0.10701754261405438,False
00003919_000,0.05714796133597966,False
00003919_001,0.08972795240471904,False
00003923_018,0.08996937734177057,False
00003940_004,0.08575526236627168,False
00003940_006,0.1140978557935432,False
00003951_000,0.10430159672273426,False
00003957_002,-0.041241846111991,True
00003970_002,0.08224543757964276,False
00003989_020,0.08704358263085155,False
00003989_024,-0.01835423360933186,True
00003995_000,0.11067572847327739,False
00003996_000,0.11082888415866615,False
00003996_016,0.048634006496969695,False
00004001_001,0.07153871972407566,False
00004006_026,0.06520694204631017,False
00004006_053,0.09606531010316538,False
00004007_008,0.13070804129272473,False
00004008_000,0.03492868120491771,False
00004009_000,0.12583645805520283,False
00004048_012,-0.043674585058689264,True
00004061_000,0.11310565857813909,False
00004065_008,0.02089503730075848,False
00004065_011,0.10869612008687612,False
00004066_002,0.07934119849040516,False
00004066_005,0.07611018449546414,False
00004067_000,0.05295824337767824,False
00004069_002,-0.03995178897117235,True
00004074_000,-0.0382784789421573,True
00004075_000,0.08336647205282227,False
00004082_011,0.12233505158167551,False
00004086_000,0.12160890721464185,False
00004088_001,0.09576254856511746,False
00004090_000,0.007039162202566285,False
00004090_001,0.09239070537365318,False
00004090_002,0.10813479181570212,False
00004091_000,0.10375718711144188,False
00004092_000,0.12062711398922793,False
00004102_001,0.09033810430237882,False
00004103_001,0.11395933842506856,False
00004111_000,0.11597338634026544,False
00004121_004,-0.014594594751227374,True
00004125_000,0.08579511569863313,False
00004132_006,0.12597323518736764,False
00004135_000,0.10295649042098881,False
00004144_002,0.04197824438264652,False
00004144_006,0.10396383298350875,False
00004145_000,0.12403714468371052,False
00004153_001,0.06220934047318055,False
00004156_002,0.1166626372660618,False
00004158_001,0.10955842878672867,False
00004163_003,0.09147716181311732,False
00004163_006,0.10910910953651903,False
00004168_004,0.0932517397755151,False
00004169_000,-0.1361259218045312,True
00004188_008,0.11415306685385435,False
00004188_011,0.13118385497504603,False
00004192_000,0.1028322460224671,False
00004195_004,0.02064836785184576,False
00004203_000,0.11669585977126934,False
00004205_014,0.08820146337700102,False
00004209_002,0.10702969993069883,False
00004251_000,0.12340142134740467,False
00004267_000,0.12896399866369224,False
00004268_007,-0.02110383907556379,True
00004270_000,0.10114370938479661,False
00004273_000,0.12280137719791179,False
00004281_000,0.11467426193265584,False
00004298_000,0.00762951668051548,False
00004328_003,0.10276804126183076,False
00004338_002,0.09575402304865155,False
00004339_001,0.10068611456433285,False
00004339_003,0.12379822948406821,False
00004340_005,0.07433663161685927,False
00004341_000,0.1180529527373756,False
00004342_006,0.1093236670265475,False
00004342_008,0.09649944414809047,False
00004342_016,0.025658831482600508,False
00004342_020,0.12680541744507812,False
00004342_024,-0.01837092593819667,True
00004342_051,0.012969374340622064,False
00004344_023,0.06964555633211861,False
00004344_037,0.08236906339379807,False
00004344_042,0.07299609552630704,False
00004344_043,0.10625288500774793,False
00004360_002,0.10351671275738972,False
00004360_010,0.08891783697158262,False
00004360_023,0.07857987568924801,False
00004366_003,0.09301441658618154,False
00004374_000,0.11582287114584461,False
00004381_014,0.07154342709796851,False
00004381_015,0.1081142965808426,False
00004381_038,0.0704933803267711,False
00004381_039,0.08791978409966172,False
00004381_045,0.11430097341009077,False
00004392_000,0.11366812708751572,False
00004395_000,0.10157691203545055,False
00004401_000,0.11891296062367318,False
00004402_006,0.10606392501013578,False
00004402_008,0.02392726806208134,False
00004415_000,0.10898274454246276,False
00004418_002,0.11708822484117332,False
00004427_001,-0.051724948779495405,True
00004428_002,0.11644655003382004,False
00004435_014,0.10604088854299182,False
00004435_020,0.056664485994928404,False
00004442_002,0.12044268244727246,False
00004461_015,0.04230143810145759,False
00004461_017,0.12592479122593453,False
00004464_001,0.09799815235944392,False
00004469_000,0.11521580325938124,False
00004490_006,0.09512725739467615,False
00004507_000,0.09086324979366345,False
00004508_003,0.10181316441875882,False
00004509_000,0.11040192431643914,False
00004519_016,0.1263720453763158,False
00004526_007,-0.03178553712606702,True
00004533_025,0.030942170757791154,False
00004549_001,0.117960354717847,False
00004555_000,0.11492162739784062,False
00004556_000,0.10363043550453349,False
00004574_000,0.08995842100272039,False
00004577_009,0.12326824965626687,False
00004579_004,0.1031848641627196,False
00004584_000,0.060459190066106394,False
00004592_000,0.11285144680730463,False
00004594_002,0.09746810858573512,False
00004604_001,0.09076861655606583,False
00004605_019,0.13479905160276084,False
00004606_000,0.12017708265719962,False
00004613_003,0.023772448067988505,False
00004614_000,0.10905581002977094,False
00004633_000,0.10815854066455105,False
00004639_002,0.13122772791591747,False
00004656_002,0.10149522472526418,False
00004659_000,0.09233916663851272,False
00004661_000,0.012055336490210733,False
00004682_001,-0.0342591294667417,True
00004682_003,0.1139550867823072,False
00004699_001,-0.07848180723914233,True
00004717_000,0.11331575830331642,False
00004736_000,0.05606160184984016,False
00004737_008,0.12080861183523361,False
00004737_010,0.08476007230927424,False
00004737_016,0.10841657647006292,False
00004745_002,0.08421653824927738,False
00004746_018,0.08439523017685802,False
00004746_025,0.10195753524400253,False
00004750_000,0.1069009324894043,False
00004750_004,0.07855990601527207,False
00004761_002,0.04648080259886567,False
00004787_002,0.0700162242079293,False
00004795_000,0.07493371958443196,False
00004798_008,0.07739410133177066,False
00004800_003,0.08525944208386793,False
00004808_022,0.07900179064730767,False
00004808_031,0.06605373687310168,False
00004809_000,0.09630304760265124,False
00004809_003,0.09505220040074991,False
00004809_005,0.120002370918526,False
00004815_000,0.06438147040723718,False
00004819_003,0.12084200080983137,False
00004822_007,0.0017689181716741276,False
00004822_025,0.07228832132379942,False
00004822_039,0.04532093875108206,False
00004822_048,0.1277415841863685,False
00004822_053,0.06024994888220825,False
00004824_000,0.09570982374927595,False
00004824_003,0.09996081291848186,False
00004824_015,0.1211267206243028,False
00004832_003,0.08413446844492539,False
00004832_004,0.07591500189630146,False
00004840_000,0.11859566776789643,False
00004843_004,0.11582141494933418,False
00004844_000,0.01460238199775965,False
00004850_008,0.10995763670834224,False
00004856_000,0.10024148011983552,False
00004858_016,0.06346306863965467,False
00004858_045,0.10495208311796844,False
00004858_052,0.11075648004669997,False
00004858_058,0.04987202760745635,False
00004858_070,0.09893208060812253,False
00004858_082,0.10196775940341246,False
00004858_084,0.041625014341718,False
00004858_086,0.12255410837322683,False
00004866_000,0.10079092708919357,False
00004867_000,0.09856542838204752,False
00004878_000,0.09567559538495107,False
00004893_020,-0.001836270584419486,True
00004893_022,0.1205822105579556,False
00004893_036,0.11691630139239334,False
00004893_054,0.1371285404290472,False
00004893_058,0.10642686684753622,False
00004893_074,0.09191155238797677,False
00004898_004,0.11379988304843874,False
00004902_000,-0.02111693574493445,True
00004904_013,0.1048475260728654,False
00004911_028,0.08872785261722438,False
00004911_033,0.08831463438520626,False
00004915_001,0.0668240030671679,False
00004925_003,0.07628262922815127,False
00004929_000,0.07248664989161974,False
00004931_019,0.06590241310506012,False
00004937_002,0.11305966680717267,False
00004948_001,0.11977715014331741,False
00004959_005,0.12578944487823063,False
00004959_007,0.05556857171721391,False
00004962_000,0.045680179579882296,False
00004973_001,0.0990687394947053,False
00004975_004,0.10067905569376023,False
00004978_005,0.1261247398424632,False
00004980_000,0.07355514141042535,False
00004992_000,0.10172830490337814,False
00004992_007,0.10837147284975768,False
00004995_000,0.09871179422829546,False
00004998_000,0.11604875197863324,False
00005002_002,0.12017623023329232,False
00005026_000,0.0801702698168954,False
00005026_015,0.12364305108387652,False
00005029_003,0.10229997520439565,False
00005049_001,0.1139270547627193,False
00005051_003,0.11650650479342756,False
00005053_001,0.0915913069015773,False
00005064_000,0.06358224103385984,False
00005066_009,0.09706077136209834,False
00005066_011,0.12394278660573732,False
00005066_020,0.13008391453671342,False
00005066_052,0.029788353415522106,False
00005066_058,0.08065419270220803,False
00005066_065,0.027127120049058595,False
00005067_006,0.1069984797863675,False
00005069_021,0.06388380509860364,False
00005089_020,0.10240103469071277,False
00005089_048,0.12848659703609,False
00005094_003,0.0633117506311413,False
00005107_000,0.11680817944646843,False
00005119_002,0.08853612476988748,False
00005132_000,0.12224347033059568,False
00005138_012,0.07918461489834455,False
00005140_001,-0.03632135113484547,True
00005147_000,0.12025992806012131,False
00005171_000,0.09905214116729144,False
00005177_000,-0.007760755145588272,True
00005191_002,0.12679426216311457,False
00005200_001,0.0985177017636249,False
00005200_007,0.10842370119420847,False
00005202_000,0.10009225596829824,False
00005204_001,-0.11429522819857485,True
00005215_000,0.13351821979600348,False
00005218_002,0.06632587829770642,False
00005218_012,0.10776647126931921,False
00005218_013,0.1092045965973017,False
00005218_020,0.09620771113499327,False
00005220_005,0.10707710618434729,False
00005220_007,0.12538867102893064,False
00005222_000,0.11188661300023994,False
00005225_000,0.11982080935356865,False
00005226_001,0.028108651131984186,False
00005236_000,0.11559834845195871,False
00005243_000,0.12146952589134757,False
00005248_001,0.11043081743653876,False
00005254_008,0.10871237051384997,False
00005259_003,0.12265786621523522,False
00005262_002,0.057873576744962574,False
00005267_001,0.1327153145406051,False
00005270_001,0.12352560188075207,False
00005274_001,0.0738265048321145,False
00005288_003,0.020374381475756986,False
00005295_000,0.12773342733021326,False
00005298_005,-0.11465000310275142,True
00005298_013,-0.004251684063536154,True
00005306_000,0.09124073900085877,False
00005311_005,0.07005795144443994,False
00005314_000,0.09727557660649239,False
00005315_000,0.055928815009353205,False
00005361_000,0.06867302955869559,False
00005365_002,0.03763222358672308,False
00005372_005,0.11768895907871979,False
00005372_009,0.06630028983600111,False
00005378_000,0.06744121651829948,False
00005378_001,0.0689485142787557,False
00005379_000,0.06844378203192936,False
00005391_000,0.12596844955874448,False
00005391_002,0.00835377036098689,False
00005395_007,-0.07738756858680895,True
00005400_006,0.0704966046857341,False
00005400_008,0.07203981167006113,False
00005401_007,0.1174207799535581,False
00005403_000,0.09533789479430044,False
00005403_027,0.11475634293954545,False
00005418_009,0.11052376721082918,False
00005421_001,0.08884094338537107,False
00005434_001,0.09834624047850643,False
00005448_001,0.11438007880421919,False
00005448_004,0.0904358665780311,False
00005448_008,0.09048300278890531,False
00005448_019,0.0967369327934694,False
00005456_000,0.04162512690942444,False
00005456_008,0.10733375847633625,False
00005460_000,0.12202498689732316,False
00005460_011,0.11548726862241615,False
00005476_002,0.10273083098608565,False
00005478_000,0.03403469514157709,False
00005483_001,0.0571554047758806,False
00005493_001,0.07767492117782365,False
00005496_000,0.08512481648650067,False
00005499_003,0.11470461698560969,False
00005502_015,0.10522675626236078,False
00005504_000,0.050152968930952446,False
00005504_011,0.08427390223055714,False
00005504_013,0.08632242190380085,False
00005515_005,0.09439260146087675,False
00005520_010,-0.06081728021583577,True
00005525_000,0.07700413079982443,False
00005532_024,0.07542693069834505,False
00005532_046,0.10080857262714976,False
00005537_012,0.10483639807304296,False
00005538_001,0.06702662007966803,False
00005562_001,0.04460729385457368,False
00005586_000,0.11665689459973022,False
00005586_001,0.04465864826775834,False
00005595_000,0.10983655973265466,False
00005602_003,0.032745928415550074,False
00005612_000,0.13187902850061894,False
00005638_003,-0.011377871934378225,True
00005641_001,0.10367749658687364,False
00005643_001,0.08920248976083939,False
00005646_019,0.01019385474777279,False
00005665_001,0.08633361387635369,False
00005671_000,0.07224964057819055,False
00005680_003,0.03699101387598558,False
00005681_018,0.054454577472046795,False
00005681_032,0.00707684958166499,False
00005682_006,0.09632770074378083,False
00005682_009,0.0937527436091597,False
00005682_011,0.04855296971251344,False
00005684_000,0.11039359909945429,False
00005694_004,0.10067513746272466,False
00005698_001,0.10778479559235116,False
00005701_000,0.11602979680723996,False
00005712_002,0.12063786856871134,False
00005712_015,0.08893024969021684,False
00005712_020,0.07457902619292417,False
00005712_024,0.011627980970435381,False
00005721_003,0.11877644869420473,False
00005722_000,0.08625210760635477,False
00005722_004,0.11373615340300403,False
00005722_014,0.1262907872963162,False
00005723_007,0.10638552108296656,False
00005726_007,0.09852398082130082,False
00005741_002,0.12577582367155427,False
00005742_001,0.09537615670774507,False
00005742_009,0.06204476461776903,False
00005746_003,0.09886443023546498,False
00005749_000,-0.2172191361358885,True
00005750_000,0.1172412759434267,False
00005750_020,0.012445075608242595,False
00005759_000,0.07711549464594902,False
00005759_005,0.11963388340433673,False
00005759_007,0.09179773969887639,False
00005759_010,0.09943491281941491,False
00005763_000,0.07210545890377301,False
00005768_007,0.12376461682735435,False
00005770_001,0.07974104311555746,False
00005773_003,0.09985517767790908,False
00005778_031,0.1327715225346297,False
00005797_000,0.013373035191918015,False
00005801_002,0.10448409621644361,False
00005801_005,-0.046948512312774415,True
00005807_001,0.10881958082296311,False
00005810_000,0.11138258890500963,False
00005815_005,0.10962919330235271,False
00005832_035,0.04891678994370868,False
00005835_004,0.09171810221563143,False
00005845_002,0.09195205479235702,False
00005852_004,0.11673041061405343,False
00005853_006,0.11696441853602041,False
00005876_000,0.09639320981307808,False
00005889_000,0.11069608356161603,False
00005892_017,0.1153178954113181,False
00005895_024,0.10674663162961057,False
00005908_000,0.08767000063654967,False
00005909_003,0.125166190336504,False
00005916_004,0.08622970443061018,False
00005920_005,0.11403679734346417,False
00005936_007,0.09630019617579094,False
00005944_000,0.0662733301652963,False
00005963_023,0.112639209368878,False
00005966_010,0.13327671900389348,False
00005970_006,0.11547428516700975,False
00005982_002,-0.009158085908825608,True
00005982_010,0.06823693126866148,False
00005986_004,0.0944921748589646,False
00005986_009,0.08860018441346823,False
00005994_000,0.11894202432416573,False
00006008_001,0.11127031554783123,False
00006011_003,0.10064308738386146,False
00006015_002,-0.029813109558859963,True
00006024_007,0.07167037960454453,False
00006024_009,0.08069939984007857,False
00006024_010,0.10310139357833831,False
00006027_000,-0.06963058364747565,True
00006035_003,0.07156511030907103,False
00006039_001,0.06584206591151304,False
00006040_004,0.0946022174399771,False
00006040_008,0.09504372160260488,False
00006055_003,0.09415957309510814,False
00006058_002,0.1124355095552877,False
00006098_001,0.09184673161593493,False
00006102_003,0.10426090160683821,False
00006102_007,0.09068650342963686,False
00006102_022,0.12147994270064344,False
00006121_000,0.12515702020078973,False
00006144_001,0.11639071515411675,False
00006159_003,0.1277740556298932,False
00006160_001,0.08907421173695779,False
00006180_001,-0.21221123921415375,True
00006192_002,0.09802398272156582,False
00006195_002,0.09299832467826968,False
00006195_007,0.1269979688346341,False
00006199_010,0.06275519697335841,False
00006199_016,0.10335866529165422,False
00006210_005,0.126082600579827,False
00006212_005,0.11828832877090639,False
00006215_000,0.1141918781716113,False
00006215_004,0.10261072551274758,False
00006237_011,0.10100990011690164,False
00006237_018,0.06761830146888942,False
00006249_003,0.09074008354444846,False
00006255_006,0.12371916566140834,False
00006258_000,0.10775306065075735,False
00006269_000,0.10368314734351747,False
00006270_006,0.11767259435895117,False
00006271_014,0.09662886035939616,False
00006271_018,0.11474521766236595,False
00006271_026,0.11069775180028685,False
00006271_037,0.11279170877012662,False
00006271_066,0.10677591869073433,False
00006271_095,0.08672309124242866,False
00006271_096,0.08734959272469234,False
00006281_002,0.0591171655197858,False
00006294_006,-0.21577139870283202,True
00006296_006,0.09531495409170193,False
00006296_012,0.044053052109832125,False
00006296_029,0.051008477251236084,False
00006298_004,0.12834717952863428,False
00006300_000,0.12127129330575792,False
00006302_000,0.09957105474206096,False
00006304_011,0.03266420593476721,False
00006315_008,0.09292729215359269,False
00006318_006,0.11055752000028324,False
00006323_009,0.09126346366409038,False
00006329_014,0.09856033625247868,False
00006332_006,0.08578185279218048,False
00006338_002,0.10912760513889219,False
00006338_003,0.08872896975347261,False
00006344_002,-0.11389841625154429,True
00006351_000,0.11500946125583428,False
00006352_000,0.11995432838126896,False
00006370_000,0.0926750714851377,False
00006372_002,0.10803070080932325,False
00006372_005,0.07121483550263819,False
00006383_009,0.10963236491959644,False
00006391_000,-0.04632152717477067,True
00006406_000,0.1138683139839079,False
00006409_000,0.0377079243978099,False
00006411_008,0.12184283663146495,False
00006413_002,0.10960537403552173,False
00006413_003,0.09548349008115636,False
00006417_000,0.12702566184688463,False
00006424_000,0.11902947666356889,False
00006425_006,0.0450326356528169,False
00006434_003,0.10017508006748105,False
00006439_000,0.11812822732013839,False
00006446_004,0.07823629294247036,False
00006449_001,0.1119706166797464,False
00006450_010,0.10133322770803604,False
00006462_010,0.12371185065588519,False
00006468_003,0.10286220844730276,False
00006479_001,-0.0035863256280894706,True
00006481_009,0.12236512353559359,False
00006481_019,0.06826725511394222,False
00006481_024,0.07213751010008185,False
00006484_000,0.12115654945399928,False
00006499_007,0.13405439773871203,False
00006500_002,0.110122108540951,False
00006504_005,-0.07766731287842144,True
00006504_006,-0.09189835886051445,True
00006514_000,0.05521125914823394,False
00006517_003,0.07875932922709605,False
00006519_005,0.07559608782583666,False
00006519_009,0.09794591481960052,False
00006519_024,0.07864936469189582,False
00006519_026,0.07623156400810543,False
00006522_001,0.0918929437543331,False
00006522_005,0.08829340835644234,False
00006525_000,0.09223873222812473,False
00006527_001,0.08219880857575101,False
00006535_002,0.10752147368901954,False
00006537_000,0.10601026402591673,False
00006569_000,0.08966664916875244,False
00006574_000,0.10071554304611202,False
00006583_003,0.12189854213603168,False
00006588_005,0.025050671520456425,False
00006593_000,0.08601741614965064,False
00006605_018,0.12728606208165805,False
00006618_000,0.12216338316954062,False
00006624_002,0.08709519076700711,False
00006626_005,0.09179514965059377,False
00006626_006,0.11064983010769786,False
00006632_004,0.09270395174921148,False
00006637_000,0.07463316225955408,False
00006642_014,0.12431278306405308,False
00006642_043,0.09480922128628089,False
00006653_000,0.12140575226830497,False
00006653_006,0.11691636509979886,False
00006660_000,0.12171512449343541,False
00006667_001,0.11371333342014783,False
00006667_004,0.10390071361599507,False
00006670_000,0.1125609849098344,False
00006673_000,0.10864685305255167,False
00006676_001,0.06510528637269991,False
00006681_000,0.10745177608108064,False
00006684_000,0.13208134584057513,False
00006691_000,0.1081476678649077,False
00006695_002,0.01650146326884644,False
00006695_004,0.035071688495232956,False
00006706_001,0.11065861442905905,False
00006713_005,0.11565085954756549,False
00006718_000,0.10641205417091243,False
00006720_005,0.058608970809432226,False
00006720_006,0.03712411721371833,False
00006720_015,0.07317615716524906,False
00006725_002,0.00501185201269938,False
00006725_004,-0.0548503570821256,True
00006727_001,0.11864212708059135,False
00006731_002,0.10472028067299366,False
00006736_009,0.09795891550425934,False
00006738_006,0.10775795874647587,False
00006739_004,0.11205034502729583,False
00006741_000,0.11976449225027258,False
00006752_003,0.10775408983344015,False
00006752_006,0.08740718757393517,False
00006754_003,0.11733249721385858,False
00006762_004,0.11794794154026844,False
00006763_002,0.08715144003972247,False
00006767_001,0.12628162395729903,False
00006769_003,0.05158167543806763,False
00006769_010,0.11612655453340082,False
00006787_000,0.10216259013994822,False
00006788_002,0.03517047904950288,False
00006794_004,0.07757784062150991,False
00006802_000,0.09658266708869795,False
00006808_035,0.0927075396518256,False
00006818_007,0.04698830885752325,False
00006821_005,0.11844729161114498,False
00006841_002,0.12396849262262977,False
00006841_007,0.09547172592682573,False
00006843_000,0.07166883690392273,False
00006854_000,0.09875075532279287,False
00006856_006,0.10140314316777665,False
00006866_001,0.12468590117323375,False
00006875_008,0.08943595191529224,False
00006875_016,-0.004543859646135018,True
00006903_001,0.1006362975985004,False
00006905_001,0.08918512044908367,False
00006906_020,0.07745159510310273,False
00006906_021,0.09384916269820426,False
00006925_004,0.1200991622031598,False
00006925_007,0.05353113101906626,False
00006926_010,0.12755677922100228,False
00006936_003,0.1302330156178682,False
00006936_004,0.12479477194119343,False
00006941_007,0.09610319161294817,False
00006942_000,0.0871274025957754,False
00006944_002,0.09805573422508368,False
00006948_000,0.11857441987488421,False
00006949_001,0.04111349354944871,False
00006952_006,0.08870408955103526,False
00006952_008,0.11199082698571738,False
00006952_011,0.10500378474089278,False
00006953_003,0.12317287413809092,False
00006959_002,0.05041019415818171,False
00006966_000,-0.08893331009225713,True
00006968_004,0.12351251703292809,False
00006970_004,0.13210378923335198,False
00006973_002,0.07518146762582234,False
00006973_006,0.09844003839712728,False
00006973_008,0.05063635283818574,False
00006980_000,0.1232310022769017,False
00006981_007,0.11030142432434453,False
00006981_012,0.07995063225663235,False
00006985_006,0.1289147435259212,False
00006992_000,0.10197673038679428,False
00006996_004,0.09803562497576451,False
00007001_000,0.10806737306294723,False
00007007_001,0.08668405467523543,False
00007007_016,0.07395656852317783,False
00007008_004,0.10159869997112686,False
00007018_007,0.08343030604301666,False
00007018_013,0.019766432884464724,False
00007018_027,0.07342565486945318,False
00007026_000,0.11769435619105562,False
00007034_012,0.0086620540970071,False
00007034_016,-0.011976799262254478,True
00007034_021,0.0233119048676525,False
00007034_039,-0.029557421794502825,True
00007034_048,0.0842885592417148,False
00007040_000,0.04588847060832962,False
00007056_007,0.07682234924470399,False
00007058_001,0.12909055380061435,False
00007060_020,0.12254257680165248,False
00007061_006,0.0929952226530017,False
00007075_001,0.08330387708554043,False
00007078_002,0.12289699605222465,False
00007090_004,0.12817190772761328,False
00007093_006,0.11625787876356825,False
00007093_020,0.11942426084761976,False
00007098_006,0.11182553365285008,False
00007109_006,0.05526543068692108,False
00007109_013,0.09275485271208939,False
00007109_014,0.08155316637349724,False
00007109_021,0.13120563892991455,False
00007113_000,0.1293546578521908,False
00007120_015,0.06217857774835717,False
00007121_003,0.09823611365293794,False
00007124_000,0.1083517003864643,False
00007126_000,0.1242748413643972,False
00007131_000,0.09012633598732595,False
00007133_008,0.08914349967425733,False
00007138_011,0.12748150033943112,False
00007144_000,0.11611489231807587,False
00007151_000,0.1278181510883083,False
00007154_001,0.13268148976939176,False
00007157_011,0.005049190658190372,False
00007157_032,0.06535658883162915,False
00007161_000,0.0765260561187262,False
00007168_001,0.11599404624857368,False
00007169_003,0.09133136793297891,False
00007179_001,0.0374227644971179,False
00007193_007,0.12274317303505067,False
00007193_012,0.13101830050946567,False
00007195_003,0.07492637868420504,False
00007207_003,0.0930300103441209,False
00007212_006,0.07917758245430584,False
00007216_000,0.09517850950926543,False
00007221_000,0.11760981070526039,False
00007229_000,0.0951706411192742,False
00007244_001,0.03534521082666098,False
00007245_001,0.10893143227600799,False
00007258_000,0.11267899212526139,False
00007273_000,0.10696108546725708,False
00007285_004,0.10105035652505073,False
00007286_005,0.11859166509319069,False
00007286_013,0.02953531543029464,False
00007298_002,0.09497582641786467,False
00007302_000,0.12441727188748775,False
00007304_002,-0.047704406087067386,True
00007316_000,0.12456945666728336,False
00007322_012,0.06063150528635264,False
00007322_015,0.07402227345292406,False
00007322_016,0.08377461705940603,False
00007322_019,0.0688759463287536,False
00007322_021,0.0015086880829959792,False
00007322_030,-0.011088364557636732,True
00007328_012,0.08512519285472625,False
00007330_001,0.11729759048836569,False
00007335_000,0.11531026386287296,False
00007339_003,0.11956936292019621,False
00007340_000,0.07717518418401975,False
00007340_005,0.10778532814915182,False
00007352_000,0.10727478216471259,False
00007354_020,0.09501239852283383,False
00007356_002,0.11921751888758442,False
00007372_000,0.12976031957059997,False
00007374_001,0.11861846098849399,False
00007390_012,-0.033583152241667524,True
00007395_000,0.11356954767242716,False
00007405_002,0.1171589862844068,False
00007406_003,0.10735022017753659,False
00007407_001,0.11863249081155303,False
00007410_000,0.09974594898086903,False
00007417_005,0.12138303516779003,False
00007428_006,0.12264034446629479,False
00007430_002,0.095955028275851,False
00007438_000,-0.23450977046239752,True
00007441_000,0.07807287013049607,False
00007442_008,-0.16742806984337266,True
00007442_016,0.10266220819419436,False
00007444_003,0.12796115395007363,False
00007460_000,0.10875663789310142,False
00007482_014,0.09048216553205796,False
00007483_000,0.12931319737276215,False
00007485_000,0.10809110923508053,False
00007491_000,0.11691245309122239,False
00007498_000,0.11855460755078812,False
00007500_001,-0.15895619391880322,True
00007501_003,0.0973280845537366,False
00007506_001,0.10321974132000011,False
00007506_007,0.06643922498585997,False
00007519_003,0.11824188415842812,False
00007520_004,0.10781560617249386,False
00007523_013,0.09654417530108467,False
00007526_022,0.12068666840959813,False
00007526_029,0.07737588759921676,False
00007526_034,0.07030445147482889,False
00007531_000,0.13126259742448454,False
00007534_004,0.08732443086432096,False
00007540_000,0.12964693961391882,False
00007548_000,0.11879009657737394,False
00007551_007,0.07175478913620031,False
00007558_006,0.08323201261699648,False
00007564_002,0.12541166638708962,False
00007566_001,0.12086814357947451,False
00007576_015,0.08931747265472056,False
00007589_001,0.11484249783849976,False
00007620_001,0.012243885350007033,False
00007620_009,0.08300668856412785,False
00007621_003,0.1175375195751302,False
00007622_000,0.04548479530623928,False
00007624_014,0.05186319200610656,False
00007624_020,0.08407991486742583,False
00007658_002,0.11079586663367613,False
00007658_004,0.09305764694546104,False
00007666_000,-0.16140207974524745,True
00007668_008,0.12133460405257518,False
00007670_002,0.07139687363730629,False
00007670_008,0.014187314408063423,False
00007670_014,0.04476819363952911,False
00007676_012,0.11320218118709124,False
00007678_001,0.12617980802947865,False
00007679_010,0.023344226611547225,False
00007712_002,0.12617605486214079,False
00007716_003,0.116976574401017,False
00007717_001,0.12200077181488939,False
00007728_001,0.08496145896088214,False
00007728_016,0.03957361735529469,False
00007729_000,0.11339290567160448,False
00007729_003,0.10272245030710542,False
00007730_001,0.11880886552457004,False
00007731_004,0.09931645114471865,False
00007735_027,0.06626834303476603,False
00007735_041,0.09884441347016198,False
00007745_002,0.12779163442774455,False
00007775_000,0.10005643826835497,False
00007779_004,0.10910899559759923,False
00007781_000,0.11618554504886092,False
00007803_000,0.11419300498496071,False
00007806_000,0.1221149206637242,False
00007808_001,0.10854523587739873,False
00007810_006,0.12571751633241218,False
00007810_008,0.12398062602119686,False
00007816_001,-0.023264026590313347,True
00007816_006,0.0021918512186491212,False
00007816_007,0.03747880848946111,False
00007827_000,0.09069521178790252,False
00007830_002,-0.18283081182775418,True
00007830_003,-0.018220290291197982,True
00007857_001,0.07646898890080206,False
00007861_000,0.10841775761810285,False
00007864_002,0.106606233691729,False
00007864_011,0.13318936078305876,False
00007870_002,0.12876634737559822,False
00007882_002,0.020576173823284527,False
00007885_004,0.1004208032314628,False
00007886_012,0.12065272720709619,False
00007890_000,0.1081230360166911,False
00007903_002,0.08202471406836681,False
00007906_000,0.11854415443884014,False
00007916_005,0.058988868808955486,False
00007917_001,0.11203047177597214,False
00007920_004,0.08604258564159384,False
00007932_011,0.009679933951277753,False
00007945_000,0.12056367997418527,False
00007955_000,0.1305243947525378,False
00007963_002,0.11843167122794024,False
00007969_000,0.12663680804100785,False
00007969_001,0.07369929008282056,False
00007972_000,0.11932370949959431,False
00007976_000,0.11351866774868324,False
00007980_001,0.1253913029562761,False
00007992_002,0.12280333091365092,False
00008002_000,0.1206523123911512,False
00008004_009,0.10991736969614413,False
00008005_001,0.13351503134149084,False
00008007_001,0.06643909350206778,False
00008008_017,0.07357646069506013,False
00008008_025,0.016030728711612152,False
00008008_030,0.0352543430052486,False
00008008_031,0.07949847972130092,False
00008008_053,-0.03700053376078727,True
00008008_054,0.061953460359338686,False
00008008_059,0.11214166133131753,False
00008008_065,-0.0676981586408325,True
00008008_068,-0.04734883394942513,True
00008009_000,0.13047707916948348,False
00008009_040,0.07377581291622348,False
00008010_000,0.12157336625497195,False
00008013_001,0.07683262942464358,False
00008015_000,0.10314055543678746,False
00008024_000,0.11972409691554337,False
00008036_000,0.1194323083032664,False
00008036_004,0.11075097142147966,False
00008040_003,0.12048120021352565,False
00008046_015,0.10061343231662823,False
00008051_003,0.12497744054638371,False
00008051_012,0.1195994942551421,False
00008051_014,0.09233245194911427,False
00008051_016,0.10866117732791802,False
00008056_003,0.12585338944075475,False
00008056_009,0.1257276150876619,False
00008062_001,0.09357261310472403,False
00008062_006,0.10428865870595166,False
00008067_006,0.05929714957341953,False
00008067_018,0.05343210673031773,False
00008067_026,0.08334075068056984,False
00008081_000,0.11599067785804607,False
00008081_006,0.10037657797320632,False
00008084_002,0.11376861673810501,False
00008095_003,0.11391049357925637,False
00008105_001,0.08326336873437984,False
00008111_000,0.08894663959083349,False
00008127_001,0.09531739018363428,False
00008128_000,0.12003199704427175,False
00008142_003,0.11278715533759942,False
00008147_010,0.07844837293211582,False
00008154_000,0.12084108524248804,False
00008168_009,0.1231114306529496,False
00008177_000,0.0671861233512962,False
00008183_000,0.12368411682186342,False
00008188_001,0.12590495936841783,False
00008190_006,0.1033046634701778,False
00008195_000,0.09985908976402508,False
00008198_003,0.10094497903006516,False
00008211_000,0.11310785731044976,False
00008216_002,0.09966793385114359,False
00008230_018,0.13039268341872995,False
00008230_022,0.05120098395193806,False
00008232_012,0.08113717782679564,False
00008233_003,0.11742113597859716,False
00008253_001,0.12909463542963334,False
00008258_001,0.11617539284907064,False
00008267_000,0.09912010688336337,False
00008276_001,0.06407390532785234,False
00008287_002,0.10967503923471611,False
00008291_000,0.13158330442033384,False
00008295_009,-0.0010063548861874994,True
00008295_012,-0.10878442657205811,True
00008295_021,0.08310864793128758,False
00008297_001,0.08291981265740528,False
00008303_000,0.07769950972650658,False
00008304_007,-0.10725898169505121,True
00008309_003,0.11880074015941833,False
00008309_015,0.053689797811422635,False
00008322_000,0.08704991090008757,False
00008328_005,0.11812188168557514,False
00008335_000,0.12239764839060502,False
00008339_001,0.10338355159913204,False
00008342_013,0.07707630054820519,False
00008343_000,0.12216369223722912,False
00008346_000,0.008272931348024537,False
00008348_001,0.12978641245938383,False
00008357_000,0.10274780591579225,False
00008381_003,0.09791458364993438,False
00008385_000,0.13108862481165146,False
00008387_002,0.10571514796279374,False
00008391_000,0.12451467420454754,False
00008397_003,0.06376931580006062,False
00008399_006,0.12857639116146208,False
00008401_004,0.06219349376055999,False
00008402_005,0.11257892937228059,False
00008405_000,0.12823620224012477,False
00008415_000,0.13064615483922354,False
00008426_001,0.11464753469468802,False
00008433_001,0.11518702608595338,False
00008438_000,0.09365766763039413,False
00008445_003,0.09001556981534586,False
00008451_004,0.060545983368842315,False
00008451_012,0.09940628265921347,False
00008451_016,0.09146057225484672,False
00008463_001,-0.17687138608516872,True
00008466_000,0.1188799992654691,False
00008468_022,-0.007806022491418041,True
00008468_065,0.11046990613743313,False
00008470_008,0.0942558660198679,False
00008480_000,0.12718801837472493,False
00008489_003,0.09800744002098177,False
00008498_000,0.10378746620042828,False
00008499_004,0.11624793268380207,False
00008515_005,0.06423828424279088,False
00008518_001,0.09952816628837363,False
00008518_002,0.06380206693570417,False
00008522_002,0.09639300553605606,False
00008522_017,0.12425339708415234,False
00008522_025,0.08302764537637908,False
00008535_012,0.1284106133934369,False
00008551_000,0.12959465144480303,False
00008554_010,0.12599256504671524,False
00008556_000,0.10895712389150414,False
00008565_000,-0.04873378597864031,True
00008566_009,0.08937563051621683,False
00008566_012,0.016007094670588917,False
00008570_002,0.09929483776254655,False
00008573_000,0.12417430139008395,False
00008584_000,0.11973229192182994,False
00008592_002,0.12078123996586476,False
00008626_019,0.08188610932020668,False
00008626_024,0.11343305038862123,False
00008626_029,0.08444020080819381,False
00008636_003,0.10353681740416493,False
00008675_005,0.11359827865053124,False
00008678_005,0.04972745009713975,False
00008687_000,0.10247145985087464,False
00008690_000,0.12768467138651857,False
00008691_006,0.0866264066560899,False
00008694_002,0.04134892431332399,False
00008697_002,0.12188770923999742,False
00008701_004,0.11351256374712215,False
00008701_011,0.06266553643679645,False
00008701_035,0.10083420237037577,False
00008701_049,0.10175452707364702,False
00008707_002,0.04761353108860272,False
00008708_008,0.13520703646505589,False
00008708_010,0.0706012333640702,False
00008713_002,0.07185494104472784,False
00008716_000,0.10167339340395487,False
00008720_000,0.11837465160673077,False
00008724_000,0.10885217120112922,False
00008727_013,0.07678160589134764,False
00008729_002,0.0696794105506584,False
00008734_001,-0.07678473235747674,True
00008741_007,0.10377937517792252,False
00008748_006,0.11154012653245199,False
00008748_012,-0.037286701900406616,True
00008749_002,0.05497217605887966,False
00008756_000,0.1236113358656285,False
00008763_001,0.0603527714481813,False
00008763_004,0.12594239703470583,False
00008769_000,0.13326777039534077,False
00008774_002,0.08863593027062111,False
00008777_002,0.12304611115217029,False
00008796_000,0.047329072277665696,False
00008797_000,0.12336604611908158,False
00008802_008,0.11768774292008827,False
00008806_009,0.09243497564437386,False
00008835_002,0.1078095062406974,False
00008841_001,0.03165754411321481,False
00008841_016,0.09292030943929575,False
00008841_017,0.0627677167318153,False
00008841_028,0.06421395365414806,False
00008841_051,0.03888881154413787,False
00008841_054,0.11975152704095882,False
00008842_003,0.11888960818258842,False
00008860_004,0.03005786759348089,False
00008865_000,0.12299868928651525,False
00008866_004,0.11572794145582482,False
00008866_005,0.09778019704970403,False
00008871_001,0.12438085222910361,False
00008885_009,0.12557023493469432,False
00008888_014,0.12036199859016883,False
00008888_047,0.08014842463046018,False
00008888_050,0.12953974787906292,False
00008897_001,0.11315075982524692,False
00008903_000,0.09262413005899134,False
00008911_006,0.10332526420673888,False
00008911_022,0.08845139245913636,False
00008911_028,0.09827977896487555,False
00008925_001,0.1267491397310354,False
00008944_003,0.09480734582794698,False
00008962_001,-0.01007891992377774,True
00008964_002,0.09255206861928439,False
00009006_000,0.1222953625018599,False
00009012_008,0.0905338175688708,False
00009016_003,0.1174016857208916,False
00009021_003,0.12874353718887716,False
00009024_000,0.10983288180950412,False
00009026_000,0.1148073709525238,False
00009043_000,0.12353699070858742,False
00009051_002,0.06134349228304847,False
00009053_000,0.12497191561720283,False
00009067_003,0.0811621161510313,False
00009067_005,0.1002241821387348,False
00009079_001,0.1041333964256288,False
00009101_000,0.052571399637123206,False
00009107_004,0.03003562332664489,False
00009138_000,0.11529651851852901,False
00009138_004,0.1033545305987551,False
00009138_022,0.12317017062471775,False
00009140_002,0.11167028892646846,False
00009147_000,0.1235933133071761,False
00009156_000,0.12231122929018218,False
00009161_000,0.13201336830719923,False
00009189_007,0.055706152793803865,False
00009193_001,0.12168804162373409,False
00009218_000,0.11520862858159209,False
00009218_018,-0.01764995156754723,True
00009218_030,0.10883680671194373,False
00009225_000,0.13073697517032362,False
00009229_020,0.09894009327435632,False
00009231_004,0.11778711888642723,False
00009231_007,0.11259716473532266,False
00009231_008,-0.037323238361967714,True
00009231_011,0.12094434337565085,False
00009234_002,0.10881405942365108,False
00009239_011,0.08285379039910135,False
00009242_000,0.12203100451016935,False
00009248_000,0.11297962385664201,False
00009256_005,0.06983345786180845,False
00009281_006,0.03510412661722995,False
00009281_012,0.05329539496898095,False
00009281_014,0.12653344247611076,False
00009297_013,0.04619386771962386,False
00009305_000,0.03884018231044306,False
00009321_008,0.11645059987921547,False
00009321_009,0.057399484800129186,False
00009321_013,0.094503375634655,False
00009325_002,0.12428510982177554,False
00009328_000,0.126630122774625,False
00009334_000,0.09387295451167477,False
00009336_006,0.10337549815036601,False
00009341_000,0.09738724027888157,False
00009342_008,0.06834965378467084,False
00009349_014,0.1101737064815328,False
00009358_004,0.12467322925226454,False
00009363_000,0.12861823177031417,False
00009365_024,0.12281869297241627,False
00009365_026,0.08375332346074393,False
00009366_000,0.08286389720428411,False
00009368_008,0.0967779489848643,False
00009378_008,0.09921194469862804,False
00009380_010,-0.057281002601231146,True
00009386_006,0.08164513213777053,False
00009397_012,0.12049409296202984,False
00009401_001,0.09615441954757431,False
00009403_005,0.1270231374031241,False
00009403_010,0.1026026346042962,False
00009404_000,0.12471268012620629,False
00009428_000,0.045001408076755345,False
00009435_000,0.08758946736585521,False
00009437_006,-0.011122880461945095,True
00009437_010,0.09585543940189734,False
00009437_011,0.08689602895442133,False
00009438_000,-0.044665422844936575,True
00009446_000,0.10443040435866752,False
00009453_003,0.13124830392930215,False
00009453_004,0.12510555106821997,False
00009458_000,0.12147833102424116,False
00009465_002,0.10503818203373061,False
00009473_001,0.021994669168387326,False
00009482_000,0.12429654307417948,False
00009488_000,0.12476866496428224,False
00009501_000,0.13536709243875794,False
00009507_008,0.05498461773181723,False
00009507_017,0.13052457795620215,False
00009517_000,0.1203311906920656,False
00009518_000,0.1215775409609704,False
00009524_008,-0.009190372501348909,True
00009526_000,0.10356797915254456,False
00009526_003,0.1129958631924094,False
00009527_005,0.10099610719405117,False
00009531_000,0.11965813910020895,False
00009549_001,0.08372873651529261,False
00009551_010,0.043807308134486245,False
00009552_000,0.10973155583233923,False
00009566_000,0.11269270371545442,False
00009566_003,0.1357728321597984,False
00009574_001,0.11168488675531191,False
00009574_017,0.11842045708031923,False
00009574_024,0.12663426035950798,False
00009574_030,0.12071855681419025,False
00009584_000,0.13056635141176798,False
00009595_000,0.11856825396649412,False
00009599_000,0.09323014319709383,False
00009600_003,0.11882808419800084,False
00009600_009,0.10569559806788853,False
00009606_011,0.11044798196514577,False
00009608_014,0.0586840073628061,False
00009608_035,0.10517085172448132,False
00009608_042,0.12249735550014107,False
00009613_003,0.12011249455037054,False
00009613_006,0.08972117004625046,False
00009632_000,0.129003247632468,False
00009633_000,0.12148574483028834,False
00009640_005,0.054502811981952115,False
00009642_000,0.052044452409471365,False
00009643_000,0.11615834013598297,False
00009664_000,0.07613857199040525,False
00009665_002,0.08305490797722226,False
00009691_010,0.09236639826266657,False
00009702_002,0.058429115781379604,False
00009709_010,0.12598609233126473,False
00009710_004,0.07296068966293506,False
00009710_010,0.09382494949768,False
00009716_000,0.11053806925049986,False
00009717_001,0.08744113641155532,False
00009723_000,0.13295642897043064,False
00009727_002,0.1254778732352526,False
00009727_017,0.022357827893665083,False
00009727_021,-0.025058646766819348,True
00009727_025,0.011080567629004001,False
00009727_029,0.054378230149567,False
00009727_037,-0.0939379070590669,True
00009736_008,0.08379501015801255,False
00009736_016,0.05330303235787909,False
00009746_000,0.12853224453697648,False
00009759_002,0.053671057620119145,False
00009768_002,0.09809913398270392,False
00009769_001,0.09574169567592794,False
00009771_000,0.06926193229572752,False
00009796_000,0.09067889074707375,False
00009798_000,0.0348220092997939,False
00009798_014,0.08074001165795563,False
00009798_019,0.04990265293938051,False
00009798_025,0.103121934212908,False
00009804_000,-0.10744322245557236,True
00009806_000,0.12646396762636003,False
00009819_000,0.13189761520989196,False
00009829_000,0.12016602677000443,False
00009838_001,0.05114208344420773,False
00009842_003,0.12544213589115505,False
00009845_026,0.12427601376634528,False
00009845_055,0.12838279655111168,False
00009855_001,-0.00047925633518897115,True
00009860_000,0.12187151659337131,False
00009863_007,-0.010789905843203718,True
00009867_005,0.09907717921032477,False
00009871_000,0.08224303578455783,False
00009876_000,0.12954732883251696,False
00009882_001,0.026768502915510695,False
00009889_003,0.09599828368555818,False
00009889_040,0.046997805907768475,False
00009890_002,0.115431951526069,False
00009892_001,0.10971308392016643,False
00009892_016,0.08414785765267208,False
00009892_040,0.07418370290660664,False
00009892_049,0.09982860408421318,False
00009910_000,0.0788477780354383,False
00009911_005,0.10241483981959087,False
00009912_000,0.06785179170166478,False
00009912_001,0.019460012693162165,False
00009916_001,0.11124646586951831,False
00009917_006,0.05044551470250874,False
00009925_012,0.060252157426724406,False
00009925_028,0.10788479055696049,False
00009925_041,0.11353654235771354,False
00009925_042,0.13400991862515826,False
00009931_000,0.08352513024346109,False
00009932_001,0.03787067748244599,False
00009934_001,0.10118528895742496,False
00009938_003,0.08545475166543742,False
00009953_002,0.024219245607022488,False
00009953_025,0.08476986641773049,False
00009953_026,0.09827488257856176,False
00009953_035,0.09732966881457933,False
00009959_006,-0.09708019917482169,True
00009962_003,0.12897653793367508,False
00009973_003,0.12008265138415869,False
00009992_002,0.126196850281537,False
00009993_000,0.09366702550966238,False
00009993_004,0.11972729755929423,False
00009995_016,0.08172686555854314,False
00009996_014,0.12219179534864699,False
00009997_000,0.06979424350797309,False
00010007_010,0.07741683907047597,False
00010007_029,0.07139157388237094,False
00010007_055,0.09804677320331606,False
00010007_057,0.055958562577742677,False
00010007_087,0.08261835176219634,False
00010007_125,0.0826787244255297,False
00010007_133,0.10569799743464153,False
00010007_157,0.10972118910340833,False
00010007_164,0.08682043059151423,False
00010007_169,0.04732980081271182,False
00010007_177,0.08768402271562731,False
00010012_011,0.08794407879969929,False
00010012_013,0.10431410573134231,False
00010012_017,0.09884194097705401,False
00010012_034,0.028945223848465595,False
00010020_009,0.12111537910221287,False
00010032_007,0.013995051140482606,False
00010032_010,0.09518582231563583,False
00010049_001,0.0946993736703543,False
00010058_001,0.12745934999245306,False
00010060_038,0.06817237617603245,False
00010060_042,0.06333597430592597,False
00010065_000,-0.08057347915762958,True
00010092_000,0.12326571566697697,False
00010092_027,0.05175588886052901,False
00010092_036,0.07892223423561778,False
00010092_039,-0.015663486190076292,True
00010092_042,0.027996065260065817,False
00010092_051,0.12158892340036731,False
00010093_001,0.1154182819655149,False
00010103_010,0.11041223821021956,False
00010104_005,0.12224199164652316,False
00010108_000,0.07634127846259658,False
00010119_000,0.126352828924926,False
00010120_004,-0.003997018306186928,True
00010120_020,0.1229394126551232,False
00010123_003,0.10818075118541931,False
00010133_000,0.11369230381756507,False
00010162_000,0.12707680311352854,False
00010165_003,0.12002601308049232,False
00010166_000,0.12144711884665177,False
00010172_000,0.08108941930382191,False
00010176_000,0.12550954692341604,False
00010188_005,0.10102980991303057,False
00010198_011,0.12104373215158559,False
00010204_000,0.10355415449205807,False
00010222_008,0.1321067933342207,False
00010225_000,-0.004374846720507808,True
00010250_000,0.022946177036287818,False
00010270_006,0.003692177340715752,False
00010274_000,0.112383061919969,False
00010284_000,0.12216987807031782,False
00010293_001,0.12368818096852296,False
00010294_006,0.05571936833367813,False
00010294_008,0.06725525583898878,False
00010294_009,0.1029951563611125,False
00010294_050,0.0960316865145106,False
00010294_052,0.07282343046088624,False
00010297_002,0.1178948140310041,False
00010305_000,0.11650678496103717,False
00010306_006,0.12361217052543316,False
00010314_002,0.1145844818753814,False
00010315_004,0.02254089604280274,False
00010334_005,0.10683230591749904,False
00010335_000,-0.06625855553674198,True
00010340_001,0.112135414186178,False
00010346_001,0.0871785049960554,False
00010350_018,0.04759072431213324,False
00010352_025,0.05470315786169272,False
00010352_035,0.05133965903094301,False
00010352_046,0.11949649096374404,False
00010358_000,0.0961515709833165,False
00010365_008,0.09431003212646805,False
00010367_010,0.08220739307465014,False
00010373_000,0.06436645014716369,False
00010380_008,0.11561574826709847,False
00010380_009,0.06495057391020936,False
00010384_013,-0.12732699318674956,True
00010384_029,0.10794987832152536,False
00010398_000,0.11627457928081308,False
00010398_001,0.07722737750119152,False
00010403_000,0.12150194453096064,False
00010417_001,0.125556867211498,False
00010426_000,0.10978407056493322,False
00010427_015,0.12186662626603018,False
00010432_000,0.12652185837862578,False
00010433_003,0.06934441422304444,False
00010443_000,0.09335335412022172,False
00010444_002,0.05831157619150096,False
00010445_001,0.10887248036314129,False
00010447_004,0.09429446045883044,False
00010448_000,0.07861301062717813,False
00010449_004,0.10927522181632654,False
00010449_005,-0.04943037941104533,True
00010452_000,0.0744830823740627,False
00010454_002,0.08102411348565774,False
00010460_000,-0.11926140006369401,True
00010475_040,0.058829481620129465,False
00010478_001,0.07736978812447687,False
00010478_011,0.08572943944767036,False
00010479_009,-0.02916079394630533,True
00010479_010,0.09393554372500157,False
00010481_017,0.09330761469577187,False
00010481_021,0.11163005976594781,False
00010505_019,0.055510014055232926,False
00010506_001,0.1003097586553956,False
00010507_000,0.03903185030505374,False
00010509_004,0.12388217460003959,False
00010512_001,0.13371905458208905,False
00010513_001,0.09725673897357695,False
00010521_002,0.05498308984140732,False
00010530_010,0.12101421730843337,False
00010530_020,0.12632385125950957,False
00010530_029,0.12874664084938264,False
00010531_009,0.08046565916436138,False
00010531_010,0.057541576169860165,False
00010531_022,0.1271309230233038,False
00010531_069,0.04334606094285043,False
00010533_000,0.13148553371633737,False
00010544_032,0.07939324057044994,False
00010548_000,0.031764967757925866,False
00010548_003,-0.04879985523897179,True
00010548_007,-0.02982523207205734,True
00010548_009,0.10136791943794787,False
00010550_000,0.03651683327426597,False
00010552_005,0.04512790441832559,False
00010555_003,0.12438159299296236,False
00010563_010,0.12898791429232354,False
00010563_016,0.07739417622796213,False
00010579_000,0.13204193525079783,False
00010582_009,0.10620368860048118,False
00010583_015,0.12166435025340633,False
00010583_016,0.06642815821595693,False
00010585_015,0.10580761248611903,False
00010585_018,0.10620574866664795,False
00010601_004,0.10546886955687046,False
00010607_004,0.09519254603005911,False
00010613_009,0.12337501753666458,False
00010613_014,0.0938442653868472,False
00010618_001,0.0742685873937467,False
00010620_001,0.03168402900825196,False
00010623_000,0.0839688597598548,False
00010625_002,-0.022754861426707684,True
00010634_001,0.12171674941922722,False
00010634_004,0.10215113845986318,False
00010640_001,0.05071661052237464,False
00010642_000,0.0028411845195053798,False
00010652_004,0.09054047993508474,False
00010664_002,0.08252248317369082,False
00010664_003,-0.04005293880785121,True
00010672_004,0.11047193417176326,False
00010687_000,0.11469763093492524,False
00010695_007,0.11864001723624606,False
00010695_013,0.1135745947863302,False
00010697_009,0.11177611158854128,False
00010698_014,-0.003816423126243751,True
00010698_030,0.04789577704325154,False
00010698_035,0.08778320627025915,False
00010700_002,0.07428999575105233,False
00010718_002,0.029388594483789887,False
00010723_006,0.09412209533228699,False
00010723_009,0.1285108089538025,False
00010734_000,0.1163106134574694,False
00010737_023,0.09245634203817632,False
00010740_002,0.05331184693570423,False
00010741_015,0.057573641259007435,False
00010749_000,0.09079110011237251,False
00010752_003,0.12531704433531266,False
00010752_007,0.12530569974452072,False
00010758_015,0.11579635604308436,False
00010767_008,0.08331860433402621,False
00010767_011,0.07816593469358585,False
00010771_002,0.10667380965468903,False
00010772_007,0.10368882488341463,False
00010773_013,0.057924307632658656,False
00010775_004,0.0661527827682794,False
00010775_009,0.02810522993276976,False
00010780_002,0.08675309593697644,False
00010785_003,0.08818536534252835,False
00010790_006,0.06336399654376917,False
00010790_007,0.10015255996081418,False
00010790_035,-0.0020074634651442436,True
00010798_000,0.033770694804437895,False
00010805_012,-0.22007716365425212,True
00010805_015,-0.22989841179914816,True
00010805_018,-0.2092681444730896,True
00010805_036,-0.17948367488301098,True
00010805_037,-0.23451317210115386,True
00010812_000,0.00036409650238372615,False
00010814_006,0.06163871963614315,False
00010815_003,0.11004523490971141,False
00010815_006,0.12978270725544233,False
00010815_009,0.07314460836804437,False
00010815_021,0.11279055814439393,False
00010815_022,0.06756417458485797,False
00010815_023,0.06633141016621474,False
00010828_009,0.08509694817369379,False
00010828_032,0.09674504664421402,False
00010835_000,0.12064541326547112,False
00010836_000,-0.0513603974015413,True
00010841_009,0.09208756359954307,False
00010842_001,0.12202126222347004,False
00010843_000,-0.24345891976903467,True
00010846_000,0.11507227763140448,False
00010850_000,0.1158869511206132,False
00010850_001,0.10880082563497373,False
00010864_015,0.12636506058913966,False
00010870_000,0.10866686610084386,False
00010887_026,0.07854651305682031,False
00010888_007,0.113413614810001,False
00010905_013,0.06629329598172373,False
00010910_000,0.12031489535699486,False
00010914_009,0.07694412706027515,False
00010926_000,0.1147113533209595,False
00010936_012,0.08614900140926507,False
00010940_000,0.10239897873243703,False
00010953_000,0.12857245498138425,False
00010953_011,0.027117652561181704,False
00010959_000,0.09884485784349772,False
00010967_011,0.08438182350571521,False
00010973_008,0.0705381949357966,False
00010990_002,0.04195302462682732,False
00010992_009,0.11610241643702507,False
00010995_001,-0.12425632972065581,True
00010996_003,0.010556565847988142,False
00011010_009,0.11934491300107086,False
00011019_000,0.11696221722363614,False
00011021_006,0.033952049740420376,False
00011021_022,0.03333508720647399,False
00011041_000,-0.035785650479913,True
00011048_001,0.1253676170746072,False
00011051_000,0.11743442494442052,False
00011053_001,0.12115695652277214,False
00011054_000,-0.043000226552482146,True
00011062_005,0.09773854843340918,False
00011062_007,0.06514645361960042,False
00011065_007,0.13302121707273368,False
00011087_001,0.00466670501857902,False
00011104_004,0.11690103496706306,False
00011104_011,0.10781111719957764,False
00011110_000,0.10334392025704481,False
00011115_000,0.1266414848783453,False
00011116_000,0.11738382142876569,False
00011121_000,0.12995468167648894,False
00011121_001,0.11278410014694296,False
00011125_000,0.09588070019693001,False
00011130_008,0.05435847627389817,False
00011135_000,-0.031484319882443934,True
00011136_020,0.06541317657388707,False
00011140_012,0.06487876857035546,False
00011140_014,0.06125210788570101,False
00011140_015,0.04318321364326161,False
00011144_022,0.10882445041551536,False
00011151_004,0.10129506350148842,False
00011153_000,0.11609804256313938,False
00011154_002,0.027568978355071938,False
00011161_000,0.019800208369573358,False
00011163_000,0.07959534362112769,False
00011167_008,0.10077857728013717,False
00011167_013,0.12251028942919068,False
00011174_008,0.11531052035649836,False
00011178_003,0.1308514852079718,False
00011193_001,0.10151484412882045,False
00011193_003,0.08389530444171933,False
00011199_000,0.020647035236302624,False
00011211_009,0.12126681734932182,False
00011225_000,0.05327495707085994,False
00011226_028,0.04078702755295438,False
00011226_031,0.03539123416481732,False
00011234_000,0.12787123787695115,False
00011237_017,0.06238351946435078,False
00011237_087,0.06291779911208045,False
00011249_000,0.11043429073320671,False
00011251_010,0.09265342971501461,False
00011272_002,0.12244890223006877,False
00011291_002,0.11133181438053802,False
00011304_001,0.12726382308429557,False
00011306_000,0.008855160792703765,False
00011315_001,0.12225390972775574,False
00011327_001,0.1187025025164199,False
00011328_004,0.11004488192134076,False
00011328_005,0.09249624779766502,False
00011355_009,-0.054649249990970206,True
00011355_012,0.030624428487323885,False
00011355_018,-0.05549880247521077,True
00011365_002,0.058273209238051404,False
00011375_000,0.12788532719724305,False
00011379_000,-0.1963270260392851,True
00011379_024,-0.09333719304697663,True
00011379_028,-0.20033487953678997,True
00011379_029,0.006190379434841187,False
00011379_033,0.1002460197998637,False
00011379_037,-0.14750145093470912,True
00011379_039,-0.19089853616977082,True
00011380_020,0.12287148555071647,False
00011385_002,0.09221534195347214,False
00011387_000,0.12739708807707373,False
00011391_013,0.11519163598945381,False
00011391_044,0.11775716753256793,False
00011391_062,0.07562625918212729,False
00011394_004,0.12347678272350654,False
00011395_000,-0.11435563933444493,True
00011396_001,0.09671339416983632,False
00011402_016,0.10920329832253134,False
00011405_000,0.10836020004544461,False
00011408_000,0.08546744207305063,False
00011411_000,0.11280981266217344,False
00011424_004,-0.0074296317488316,True
00011424_006,0.10636159053703625,False
00011425_003,0.08370193790183039,False
00011428_006,0.12414288801517664,False
00011431_000,-0.16992345891606386,True
00011432_001,0.10566057158991293,False
00011436_004,-0.04472435440940781,True
00011442_000,0.12366770994646192,False
00011446_003,0.09196929519540281,False
00011446_009,0.0987090813505977,False
00011454_003,0.08343689469562626,False
00011460_021,-0.014592658690535165,True
00011460_044,0.006857885023794197,False
00011460_051,0.08978875649915857,False
00011463_000,0.12255730661542552,False
00011470_009,0.06197387426304035,False
00011481_011,0.04049150700873394,False
00011485_004,0.10051106166413765,False
00011495_004,0.126527652793265,False
00011497_000,0.12109654410007153,False
00011504_015,0.10522972854438645,False
00011504_028,0.11932274492170841,False
00011514_006,0.10472311403453338,False
00011520_002,0.08414705716985549,False
00011523_000,0.1059056402793333,False
00011538_002,0.1294883533214204,False
00011544_021,0.11142653025389249,False
00011548_019,0.12214245001961838,False
00011553_008,-0.23209270486602218,True
00011553_015,-0.22514942925258608,True
00011553_031,-0.18153776368478547,True
00011558_001,0.11483868923880963,False
00011558_007,0.12361314709209809,False
00011558_008,0.08965107763990621,False
00011559_000,-0.002722637820467,True
00011571_012,0.05973616711245233,False
00011575_000,0.1284675987836893,False
00011579_007,0.06714883133652094,False
00011580_000,0.08619854353597423,False
00011588_000,0.11878137132533689,False
00011591_000,0.11766389189872029,False
00011597_003,0.11974955935563047,False
00011598_007,0.1237263062102355,False
00011598_013,0.05100799384244098,False
00011598_015,0.08431821013262164,False
00011598_038,0.0335719496126442,False
00011606_009,0.07732382869731891,False
00011606_014,0.0875920792720617,False
00011619_007,0.08323792093636895,False
00011619_008,0.07856263951462555,False
00011622_000,0.11329543864373887,False
00011622_007,0.03677298227335879,False
00011632_003,0.048263743717390395,False
00011632_022,0.05561611097992497,False
00011632_030,0.08161235878404355,False
00011640_000,0.11403082192685493,False
00011654_004,0.13513842746700133,False
00011655_000,0.09075384601203751,False
00011669_001,0.07671567177096017,False
00011678_000,0.12107999305417838,False
00011681_000,0.11986014247610571,False
00011683_037,0.04514308405817541,False
00011683_038,0.11155607322319733,False
00011683_049,0.0574875631506534,False
00011683_059,0.07092372161646493,False
00011693_000,0.09155593622127628,False
00011695_003,0.12567724663336055,False
00011700_001,0.06259852604918331,False
00011702_029,0.05120718629704535,False
00011702_043,-0.1449525779773636,True
00011702_045,0.10707936748445002,False
00011702_070,0.10110921968845188,False
00011702_075,0.11758223136314305,False
00011717_000,0.10800556816712215,False
00011719_022,0.09642809946801395,False
00011723_001,0.05261564556096904,False
00011723_013,-0.004259217006863936,True
00011723_025,0.12177212052510544,False
00011723_029,0.015343910591576748,False
00011723_040,0.05179939917810106,False
00011731_002,-0.06772870181517288,True
00011731_006,0.025510890849634538,False
00011740_001,0.04239782712967455,False
00011744_000,0.1023737600539601,False
00011749_000,0.047184192471629804,False
00011751_003,0.016130912367937067,False
00011752_016,0.09268553847200478,False
00011753_000,0.12843422107611463,False
00011768_000,0.07229189249468282,False
00011770_004,0.005557571420779728,False
00011771_000,-0.09267406985709026,True
00011771_002,0.09142676081214257,False
00011785_000,-0.04326876944586722,True
00011785_002,-0.02393023258823912,True
00011786_000,0.11764056604044781,False
00011793_004,0.02319182836199163,False
00011794_004,0.07016827283189614,False
00011802_000,0.11463474515748068,False
00011804_000,0.12071331451954914,False
00011804_012,-0.05258890816511319,True
00011808_014,0.07803574560342386,False
00011808_018,0.10989321832125415,False
00011808_019,0.07030856405673475,False
00011810_007,0.1218681216869616,False
00011811_000,0.12985539577414895,False
00011814_009,0.11278463590915788,False
00011822_002,0.08311892674439192,False
00011831_007,0.0898315428875911,False
00011831_008,0.10673200230449459,False
00011831_010,0.10684860234298726,False
00011832_002,0.10587545272190063,False
00011837_008,0.11021471215484885,False
00011837_015,0.050188332760230436,False
00011838_000,0.10332575698418478,False
00011839_000,0.11045506886641421,False
00011845_008,0.13017369070869012,False
00011847_001,0.09546104048549792,False
00011857_013,0.07604790715899329,False
00011872_000,0.13228787717307816,False
00011873_008,0.11956198717035293,False
00011874_000,0.12165298108123124,False
00011884_001,0.08555294157299731,False
00011890_001,0.1260174219874906,False
00011891_000,0.11979175403018011,False
00011896_004,0.10570814241100984,False
00011898_000,0.11720715082981387,False
00011904_000,0.10707149525583626,False
00011906_002,0.07814344011758284,False
00011925_004,0.07347754978827004,False
00011925_008,0.09079012047696722,False
00011925_009,0.08307870735304096,False
00011925_010,0.07148605719849505,False
00011925_014,0.0823403767451984,False
00011925_019,0.08055220350478826,False
00011925_049,0.051294167437932414,False
00011925_054,0.07681800403424416,False
00011939_001,0.1243534611981007,False
00011944_000,0.04982014602663387,False
00011948_007,0.08148080497151383,False
00011949_000,0.0714406937635611,False
00011955_000,0.07033487720857245,False
00011959_005,0.09714986881222515,False
00011959_007,0.107726397547523,False
00011962_000,0.0782003252367694,False
00011966_022,0.12150873412929425,False
00011967_006,0.08112561902811866,False
00011972_000,0.10772576449599991,False
00011973_013,0.05851280316573809,False
00011985_008,0.0692059638882409,False
00011988_001,-0.03536469726066804,True
00011993_000,0.11171369405326464,False
00012010_008,0.09643554979402302,False
00012011_000,0.02212824821474102,False
00012018_015,0.0700015368726638,False
00012020_002,0.059322418019113254,False
00012020_012,0.12376209716763459,False
00012021_000,0.03688255603524343,False
00012021_026,0.07752355608894063,False
00012021_037,0.10813687273183664,False
00012021_053,0.03816377477595878,False
00012021_058,0.09098911655776465,False
00012021_072,0.05938720968340355,False
00012021_082,-0.015012627386623012,True
00012023_000,0.12357236162866825,False
00012043_004,0.08509641423704228,False
00012043_007,0.0993090322409178,False
00012045_006,0.05651485538855949,False
00012045_008,0.06775615966576048,False
00012045_018,0.11596979937038976,False
00012045_039,0.11095386436584842,False
00012045_049,0.12228163502680683,False
00012050_000,0.12720342130769746,False
00012054_000,0.09771505915215578,False
00012055_000,0.11356038229238974,False
00012060_006,0.014285505010692479,False
00012079_003,0.10508157568807458,False
00012082_001,0.04662717556138973,False
00012086_007,0.1204290254236205,False
00012086_011,-0.008743578200599234,True
00012087_042,0.09484486657112218,False
00012089_010,0.11293158518740798,False
00012092_001,0.10840309682695942,False
00012093_002,0.09579947984628584,False
00012094_022,0.10402951355585799,False
00012094_024,0.10160950824961917,False
00012094_048,0.11283649087747233,False
00012098_000,0.11985827883744421,False
00012107_000,-0.04868387299362331,True
00012113_000,0.04513847517852376,False
00012116_001,0.10876205399645722,False
00012116_003,0.07301848025558344,False
00012120_000,0.044703531996158063,False
00012130_002,0.12659788696762075,False
00012132_002,0.06505860054193352,False
00012132_003,0.09856239135255124,False
00012134_002,0.05465261855954373,False
00012136_000,0.06605364883544662,False
00012139_000,-0.08995359655405333,True
00012141_004,0.0891087037844639,False
00012144_014,0.042444959394966064,False
00012144_022,0.1163552823685381,False
00012144_028,0.11187484243376905,False
00012146_002,0.08342296672350402,False
00012146_005,-0.0328109374841673,True
00012146_006,-0.06346030740949915,True
00012158_025,0.10308794663154663,False
00012159_003,-0.14712558490323235,True
00012161_008,0.11271332265713568,False
00012161_014,-0.008593268676772792,True
00012163_002,0.1181752609682547,False
00012166_000,0.05474313531365138,False
00012174_000,0.04494615233325633,False
00012175_001,0.0684871369599212,False
00012176_012,0.12882010704102964,False
00012178_005,0.10476239959867245,False
00012184_000,-0.11576358859684432,True
00012184_005,0.06097866521169093,False
00012189_000,0.10859214941032758,False
00012215_001,0.03449395682946749,False
00012222_001,0.09058174105450284,False
00012227_001,0.11192053598858953,False
00012238_002,0.11098109590800992,False
00012260_000,0.11964969311688206,False
00012270_006,-0.05847940960384346,True
00012273_001,0.0387853731581872,False
00012276_015,-0.14639013920666444,True
00012276_017,-0.19395139673547301,True
00012278_004,0.12082174228871351,False
00012280_014,0.09325313964688692,False
00012283_000,0.12453382721891498,False
00012284_000,0.10251000627325485,False
00012291_012,0.07568035727835737,False
00012291_013,0.08068382754360298,False
00012294_010,0.12881931383499878,False
00012298_011,0.12432818950319119,False
00012304_002,0.11537975782197091,False
00012304_006,0.02900068124909655,False
00012304_008,-0.08160783797643567,True
00012320_003,0.06078618409124725,False
00012320_004,0.12383635008999944,False
00012322_000,0.12594359464647936,False
00012324_000,0.12275664057267849,False
00012340_000,0.10460345233598833,False
00012348_003,0.03707228492602471,False
00012364_003,0.04393189523361446,False
00012364_015,0.0248645460134303,False
00012364_024,0.060329115500984964,False
00012364_056,0.10025646383921372,False
00012365_000,0.004696141390469422,False
00012370_001,0.0917633445315883,False
00012378_000,0.1190745888322759,False
00012406_001,0.10475317907634707,False
00012413_007,0.1038023654358271,False
00012414_000,0.10134535619705032,False
00012428_003,0.052949565256699194,False
00012430_000,0.09184405062946716,False
00012431_000,0.0995603877915393,False
00012431_005,0.08851510144635644,False
00012437_000,-0.07387801674746497,True
00012443_000,0.11944948546641548,False
00012470_003,-0.21245196917165454,True
00012470_005,-0.036807265259002686,True
00012470_016,-0.11001379960249502,True
00012475_000,0.07180110476919571,False
00012478_000,0.022806385972484577,False
00012484_001,0.12933031251338123,False
00012484_002,0.10959057547353335,False
00012487_000,0.11245102186280437,False
00012491_000,0.12818783504336023,False
00012502_011,0.08000913814599964,False
00012505_005,-0.004362777312930444,True
00012511_004,0.09573296433800538,False
00012535_000,0.0605051005968526,False
00012543_011,0.06076095018833344,False
00012566_000,0.054783066077974396,False
00012573_000,0.08250073951746578,False
00012573_012,-0.05338090128698736,True
00012573_015,-0.04818479840842238,True
00012576_011,0.10859853626670962,False
00012576_014,0.10034229172827958,False
00012579_001,0.02175736622526314,False
00012589_002,0.08045320184123034,False
00012591_001,-0.2206617824071977,True
00012594_001,0.10581990440158251,False
00012596_000,0.07241734512474535,False
00012603_003,0.1062672494876033,False
00012603_008,0.09347533336425662,False
00012620_001,0.02232984860116405,False
00012622_024,0.11528869083864146,False
00012625_003,0.037452487271442736,False
00012625_006,0.05623796258531666,False
00012626_012,0.12929564797591137,False
00012628_015,0.04558639470941572,False
00012628_016,0.11681309830437725,False
00012628_060,0.08860178371127869,False
00012628_063,0.10749370028899513,False
00012635_012,0.10979599913696031,False
00012640_014,0.12689238419039273,False
00012640_015,0.07738638821271093,False
00012643_003,0.05423585513621093,False
00012646_010,0.07638262374600446,False
00012648_004,0.12823724907019574,False
00012659_002,0.10469618188281443,False
00012659_004,0.04655844182606056,False
00012659_036,0.10038658993774402,False
00012667_000,-0.052539186540432214,True
00012671_002,0.11570474164413996,False
00012681_007,0.09411213532341806,False
00012681_043,0.0339184428825664,False
00012681_049,0.04923679814590892,False
00012687_011,-0.004770904800864728,True
00012692_001,0.12439001350527867,False
00012704_015,0.1263743808309451,False
00012709_000,0.12578521420622246,False
00012717_000,0.11255133646007653,False
00012722_006,0.12360193354888721,False
00012723_000,0.10771349509668515,False
00012733_000,0.07335124235327795,False
00012741_005,0.09078090547406703,False
00012741_018,0.1277226943618337,False
00012748_000,0.09837637741126926,False
00012752_002,0.0981404573286313,False
00012756_000,0.10194759123313923,False
00012774_000,0.0026568755487876294,False
00012782_001,0.12785664432251226,False
00012794_001,0.07718468040655585,False
00012811_000,0.11719186819324717,False
00012815_001,0.10411397791900157,False
00012825_000,0.0877075679940692,False
00012833_000,0.10373977030079395,False
00012834_024,0.058429991537292,False
00012834_035,0.01532548202806483,False
00012834_075,0.09769834962842094,False
00012834_083,0.10918595860038638,False
00012834_105,-0.018013145438327216,True
00012834_113,0.02624266152530358,False
00012834_148,0.061260849966268516,False
00012863_001,0.039363502886490376,False
00012863_019,0.1015403803144489,False
00012863_023,0.12421745718164495,False
00012863_037,0.11877088331257851,False
00012863_040,0.10784016376478045,False
00012866_000,0.03117073441245838,False
00012870_000,0.12241489554131496,False
00012874_002,0.10787064455593964,False
00012874_003,0.11097057873491983,False
00012874_017,0.12427151552419058,False
00012874_033,0.11698678553912595,False
00012880_007,0.13063398702998957,False
00012880_015,0.11720551801919321,False
00012882_000,0.09417761216287757,False
00012883_000,-0.06670841317489484,True
00012884_008,0.07466006672580294,False
00012891_001,0.11475278368314484,False
00012891_008,0.12765535597107186,False
00012892_012,0.11669814820046809,False
00012903_005,0.017493719415539455,False
00012905_000,0.10346932076706028,False
00012907_017,0.12147436260807731,False
00012913_006,0.08809437323748837,False
00012931_007,0.07302156675681687,False
00012931_033,0.020273299269067124,False
00012932_000,0.12619994741660295,False
00012935_009,0.10218078455445573,False
00012935_022,0.09192195205841724,False
00012962_000,0.12616270017569342,False
00012973_019,0.11958290909904978,False
00012987_000,0.12828055460327065,False
00012987_009,0.05326668574168664,False
00012990_001,0.01668971631203292,False
00012990_002,0.1038023987966174,False
00012993_006,0.10424721224364553,False
00012993_015,0.10511098096593319,False
00013002_004,-0.013229875166569594,True
00013003_005,0.09856037127700606,False
00013003_041,0.10787153087903029,False
00013031_005,0.09389256024526482,False
00013031_006,0.05951076943863759,False
00013031_012,0.07505415303264429,False
00013037_001,-0.00895611168399113,True
00013040_001,0.036951022287086355,False
00013047_001,0.05681928140953002,False
00013055_007,0.11466527416081262,False
00013062_004,0.11473928003778677,False
00013066_000,0.10003386927288516,False
00013071_004,0.00975508555455823,False
00013073_005,-0.03689688543496061,True
00013078_000,0.10245540049781898,False
00013104_001,0.09883538024470645,False
00013107_001,0.05602848652316622,False
00013111_016,0.050344382911157115,False
00013111_038,0.12172162446055224,False
00013111_063,0.1326577562953703,False
00013111_065,0.13612822395204965,False
00013112_001,0.12221898053081381,False
00013119_002,0.11435340123088727,False
00013128_004,0.039941319364612704,False
00013131_000,0.1305896524887885,False
00013144_000,0.11076780223299654,False
00013144_004,0.049584888726879606,False
00013152_005,0.08431432778827008,False
00013154_000,0.07971340400007193,False
00013158_004,0.1084909873475543,False
00013175_012,-0.008238024415869738,True
00013176_005,0.09910440186224634,False
00013187_003,0.03522454816853071,False
00013192_004,0.08332683008370562,False
00013197_001,0.07393098090223327,False
00013198_000,0.0977191732382241,False
00013205_004,0.049139113392689504,False
00013209_012,-0.013435929877099406,True
00013209_013,0.02354004535932047,False
00013213_001,0.07779917307529749,False
00013214_001,0.12522252861539818,False
00013226_000,0.1076595820951261,False
00013244_011,0.11477414648496576,False
00013249_002,0.12444182832486345,False
00013249_003,0.019980707884406146,False
00013249_033,-0.20643020108814503,True
00013249_037,-0.07185283282999855,True
00013249_039,-0.0701044300262329,True
00013249_043,-0.16330514584550104,True
00013257_001,0.1273847866319499,False
00013260_009,0.0639666963314538,False
00013261_009,0.11931082208097682,False
00013262_003,0.038999774797792874,False
00013271_000,0.07387361935506054,False
00013282_004,0.12231043852607237,False
00013285_015,0.09669020533974498,False
00013294_001,0.06669599804509774,False
00013303_000,0.122575547950251,False
00013305_006,0.12252764610542821,False
00013341_003,0.10661828987682781,False
00013342_002,0.12056339958159795,False
00013346_005,0.11995423535536565,False
00013346_008,0.036490200649714255,False
00013352_000,0.07139200789811134,False
00013360_000,0.05913298048629301,False
00013369_000,0.11101077236481038,False
00013370_003,0.06169641766158657,False
00013374_000,0.11341921487738016,False
00013384_001,0.11932106640708157,False
00013392_001,0.034800106627350114,False
00013397_000,0.06360070149614033,False
00013420_000,0.11911572439671214,False
00013424_004,0.0730326121019923,False
00013429_000,-0.13057944848453773,True
00013429_002,0.12842752754635112,False
00013440_001,0.1285501224491722,False
00013443_000,0.11224730106920894,False
00013447_010,0.08459940488539208,False
00013471_003,0.05604209547145683,False
00013471_010,0.12720693107703535,False
00013476_000,0.10548217540814342,False
00013494_000,0.1291247775394524,False
00013505_002,0.10416877184263851,False
00013511_002,0.059443137652282485,False
00013520_000,0.12090710240953101,False
00013529_000,0.1266692535078337,False
00013539_001,0.1276531752620867,False
00013557_016,0.11634706068396888,False
00013564_000,0.11388251189191101,False
00013572_000,0.06418715753371512,False
00013572_006,0.030594409852588378,False
00013572_007,0.1264458117273019,False
00013572_009,0.12167425345853594,False
00013572_013,-0.049874412539334334,True
00013576_005,0.10089376784858328,False
00013582_000,0.09659385405368348,False
00013592_003,0.08424024172997124,False
00013594_027,0.1222051540611549,False
00013594_042,0.0720046591263434,False
00013594_047,-0.06547803867993995,True
00013601_008,0.11402662083274806,False
00013601_017,0.09530861163851295,False
00013606_000,0.09815100816959144,False
00013608_006,0.09618480658969736,False
00013608_011,-0.031418920020980456,True
00013613_007,0.03486251309314692,False
00013613_013,0.09541878925195924,False
00013613_021,0.11330735848804746,False
00013613_027,0.11565038034422997,False
00013615_019,-0.026010479441781253,True
00013615_034,0.07929549397262597,False
00013615_042,0.052573113536474425,False
00013615_043,-0.011491545453358731,True
00013615_056,0.05017780037645786,False
00013616_000,0.12727992524438758,False
00013616_027,0.03580730643597835,False
00013616_044,0.09648538289295289,False
00013623_000,-0.030654985533996038,True
00013623_008,0.04769841464301078,False
00013625_005,0.12178816656364261,False
00013625_006,0.09522929001343533,False
00013625_023,0.08054732827075217,False
00013625_034,0.06019649906621333,False
00013625_040,0.08402260123652694,False
00013625_048,0.045003719218271565,False
00013629_000,0.10727615411151259,False
00013634_000,0.08396619134604438,False
00013635_001,-0.07259426379896539,True
00013641_013,0.07501432832192162,False
00013642_000,0.015581758621032615,False
00013646_002,-0.019093030990818605,True
00013646_009,0.06600205165911377,False
00013648_013,0.12139199928940397,False
00013649_002,0.03860724772328311,False
00013659_029,0.08872458059695926,False
00013670_003,0.08711275050698547,False
00013670_010,0.049093678118022566,False
00013670_036,0.0433551453761164,False
00013670_050,0.09187417283237415,False
00013670_054,0.09403651116624778,False
00013670_057,0.10944560831743072,False
00013670_135,0.06492209666661147,False
00013670_148,0.0584532221148783,False
00013670_154,0.1073236799851271,False
00013680_000,0.1227479897119863,False
00013685_006,0.0824480359993009,False
00013685_033,0.10535717338535028,False
00013685_040,0.05854939738990472,False
00013685_046,0.10094229643448205,False
00013686_000,0.13141732490509045,False
00013708_001,0.012454306987096653,False
00013714_009,0.08588792708675058,False
00013731_004,0.11750752898536698,False
00013736_000,0.07389419139568487,False
00013739_003,0.04649264008123183,False
00013750_026,0.1206948917794467,False
00013756_000,0.07651110384671428,False
00013760_002,0.09437147871609741,False
00013765_008,0.02063168072037347,False
00013774_000,0.10073053664006981,False
00013774_028,0.07314813982082258,False
00013774_035,0.04050029319762466,False
00013791_000,0.022162048678601165,False
00013798_000,0.07293055600353521,False
00013798_007,0.0931597485389219,False
00013807_003,0.056017354217680004,False
00013807_005,0.05107791010406176,False
00013808_006,0.12910874350353901,False
00013826_007,0.10730816850077024,False
00013829_009,0.12182047852344835,False
00013832_000,0.07386852275141365,False
00013834_006,0.13285808101958552,False
00013844_000,0.11118370598467148,False
00013844_002,0.05148254487196735,False
00013844_004,0.11672020991313536,False
00013849_007,0.05100765894086151,False
00013849_019,0.09216309417536928,False
00013855_004,0.11163757857661194,False
00013855_006,0.11548728680173836,False
00013876_000,0.07215613776980434,False
00013884_003,0.12731394728012313,False
00013888_000,0.10805912115805028,False
00013890_002,0.07629585748631817,False
00013890_007,-0.08178513162098333,True
00013890_013,-0.1299379878885616,True
00013894_047,0.10765961452195755,False
00013904_006,0.07293275520349984,False
00013917_008,0.11963330050181897,False
00013917_038,0.13322237040752,False
00013917_044,0.04940448577757767,False
00013917_048,0.04386596223632716,False
00013917_049,0.12085192882058404,False
00013917_056,0.030503494411318444,False
00013922_007,0.06652489439959497,False
00013922_029,0.03180864470929895,False
00013924_003,-0.09180640711198618,True
00013929_000,0.12067869523724045,False
00013931_002,0.08809993905458247,False
00013934_000,0.12448996498934617,False
00013951_001,0.11987433716799345,False
00013951_002,0.03630202916041064,False
00013952_000,0.0887717544804032,False
00013952_003,0.10094102559417578,False
00013961_000,0.11162125419597663,False
00013966_000,0.12447393789391065,False
00013972_000,0.1186701301935481,False
00013979_000,-0.01234790393851637,True
00013982_003,0.03860726852159807,False
00013982_005,0.014760374806354781,False
00013992_018,0.09503168535894257,False
00013992_021,0.051451550378566746,False
00013993_002,0.08868590385114888,False
00013993_100,0.055642462023431705,False
00013993_127,0.067873384228747,False
00013996_005,0.13057772259595807,False
00013999_001,0.06530862758382894,False
00013999_005,0.11706428608986508,False
00014004_001,0.0985448275665241,False
00014004_012,0.039556493712982366,False
00014004_013,-0.03927829181356035,True
00014004_045,0.013304606888433934,False
00014006_010,0.1229236090384872,False
00014010_006,0.09981573039892838,False
00014015_001,0.011778640521545203,False
00014018_015,0.11026443573855604,False
00014018_016,0.11748376901400642,False
00014022_070,0.053544427343006906,False
00014022_073,0.08985422903320128,False
00014022_085,0.0042127251451359315,False
00014022_091,0.011086428931901593,False
00014022_094,0.05428537293186081,False
00014024_003,0.09692716066158602,False
00014029_004,0.13086640655648096,False
00014031_003,0.04573565310079547,False
00014032_003,0.1019308269800121,False
00014032_010,0.08240482275158961,False
00014034_009,0.12748470311273458,False
00014034_011,-0.027437203760503626,True
00014034_015,0.12679415769759395,False
00014034_017,0.13549309204298887,False
00014041_000,0.08930504376842441,False
00014052_003,0.061942504451822145,False
00014054_000,0.10948982466425816,False
00014072_003,-0.03915731768822972,True
00014079_000,0.12126024314013817,False
00014081_002,0.06809494623375312,False
00014082_005,0.02634558389509467,False
00014083_005,0.046169337476803574,False
00014083_014,0.12542563216345176,False
00014095_002,-0.11862797885688137,True
00014110_000,-0.050007528100663556,True
00014112_000,0.11770630320023989,False
00014112_006,-0.009406596503424458,True
00014116_001,0.08861472703764417,False
00014116_006,0.06094558020313767,False
00014124_002,0.10899764848614624,False
00014125_014,0.07486960419774064,False
00014125_034,0.010196925748690466,False
00014125_039,0.12306829924243912,False
00014128_013,0.09850182869236074,False
00014129_001,0.09354178663921181,False
00014129_003,0.11311676402431226,False
00014129_008,0.11163438549410731,False
00014130_001,0.07975520678024156,False
00014140_002,-0.05283899587699881,True
00014140_004,0.018330099619154938,False
00014141_000,0.11835319655382326,False
00014144_000,0.10018504447475146,False
00014145_019,0.09656143338911966,False
00014149_007,0.047005300892522084,False
00014149_029,0.061531540696244724,False
00014149_030,0.016607736459213707,False
00014149_035,0.06883204468120485,False
00014149_044,0.09188662341555681,False
00014167_000,0.12730719797012852,False
00014167_002,0.12620989176832903,False
00014172_004,0.10330929958413676,False
00014176_001,0.11060418041926401,False
00014178_003,0.08173558153187932,False
00014182_005,0.11313368376586785,False
00014186_001,0.1036609198438434,False
00014197_032,0.09449739639626564,False
00014201_000,0.10600431548450384,False
00014201_004,0.08385358214601013,False
00014201_005,0.09700353272208234,False
00014201_008,0.12112852108170419,False
00014203_015,0.13224293698466066,False
00014203_028,0.05955161797382302,False
00014203_039,0.07593896610816986,False
00014203_045,0.06791577253165126,False
00014203_051,0.09253510961238653,False
00014207_000,0.12615551488962673,False
00014223_009,0.07336929730848712,False
00014223_028,0.07302076663672313,False
00014236_003,0.04893577708008667,False
00014242_000,0.10657965871528557,False
00014251_008,0.08207081685645212,False
00014253_022,0.11844527683050421,False
00014253_029,0.11098638412722278,False
00014253_051,-0.096549736973355,True
00014256_002,0.0720921410448872,False
00014259_001,0.057674689610969165,False
00014264_012,0.04336869864691989,False
00014264_013,0.11283323281584345,False
00014265_009,0.13056843920888062,False
00014265_010,0.11795481149006226,False
00014265_018,0.12952489703311293,False
00014280_001,0.04069345661620283,False
00014284_001,-0.05738018553333846,True
00014285_002,0.07873108914726534,False
00014285_013,0.051382000285457696,False
00014285_015,0.11305017495801745,False
00014292_000,0.09988404083706215,False
00014296_000,0.12753684007834176,False
00014302_005,0.07239512434359502,False
00014306_004,0.11946460499973588,False
00014314_005,0.09101979792624981,False
00014320_012,0.11097437949626832,False
00014324_000,0.11304548077052229,False
00014346_024,0.015753025266482867,False
00014346_034,0.0512607660888556,False
00014352_009,-0.1804241394179249,True
00014355_004,0.09375645989940168,False
00014356_005,0.07438700939674514,False
00014356_012,0.09668836961694965,False
00014356_015,0.023812144881393993,False
00014358_016,0.09350231098331213,False
00014359_000,0.11708582204425477,False
00014365_000,0.12526436444336414,False
00014368_009,0.08288955497855455,False
00014371_000,0.11942536841819901,False
00014379_006,0.061537434628963716,False
00014380_004,0.07275341870710039,False
00014387_007,0.11537871553619927,False
00014387_013,0.12837238918632982,False
00014389_000,0.11887800837239615,False
00014389_001,0.10816988015387846,False
00014389_006,0.09326643070820256,False
00014389_013,0.08182724964510157,False
00014393_001,0.11485340193132298,False
00014396_000,0.09590917903485152,False
00014398_017,0.10869668065986865,False
00014398_039,0.11449562922751094,False
00014398_045,0.11780860521135983,False
00014411_000,0.11496842138034935,False
00014414_004,0.05254535316463471,False
00014414_015,0.1080145469856108,False
00014433_001,-0.07473932448827802,True
00014436_004,0.12142107445269501,False
00014438_005,0.11883320600166031,False
00014438_008,0.12410407002796942,False
00014443_003,0.11407573155609957,False
00014452_008,0.08025149258906189,False
00014452_013,0.11650957898824188,False
00014454_003,0.08774862631636349,False
00014465_002,0.03228110671821255,False
00014465_003,0.08332656252429588,False
00014473_000,0.1036586237962312,False
00014475_000,0.1178197285196908,False
00014475_001,0.09193191253684929,False
00014492_000,0.10133750339753189,False
00014493_000,-0.000817417093266104,True
00014520_014,0.0668336261558356,False
00014525_025,0.05206738462887944,False
00014526_000,0.12436133165446261,False
00014529_001,0.08039433214705954,False
00014534_005,-0.003126348441303106,True
00014545_003,0.08781350966226564,False
00014546_006,0.014778850129959664,False
00014559_001,0.12940762000968337,False
00014570_000,-0.04159392159461439,True
00014571_002,0.11715217542552403,False
00014571_010,0.0904664317266129,False
00014571_011,0.12717454581638993,False
00014574_001,0.03654982161554737,False
00014589_000,0.12818660683307243,False
00014604_006,0.09334000364874567,False
00014625_001,-0.05921675633971202,True
00014626_007,0.04051670991135292,False
00014626_042,0.04879801777218895,False
00014634_000,0.04645322608514596,False
00014637_000,0.11339580842876901,False
00014650_000,0.1316634761750637,False
00014663_023,0.08270061774987186,False
00014664_001,0.10392472722833912,False
00014664_003,0.1021520330559959,False
00014664_006,0.10273790952715128,False
00014675_020,0.09722514749562394,False
00014675_023,0.042377170596478886,False
00014677_002,0.04843993875215158,False
00014684_000,0.10176533120335274,False
00014684_001,0.06413069203610278,False
00014688_001,0.08249617389289071,False
00014688_002,0.05400350970145318,False
00014691_001,0.12581694678226413,False
00014692_001,0.11611934684670921,False
00014694_000,0.06835805968196923,False
00014703_000,0.13016409271012275,False
00014708_005,0.1288459385812596,False
00014710_008,0.07119973050003564,False
00014711_000,0.1012583474098876,False
00014715_016,0.07966433127832906,False
00014721_001,0.13153965638773074,False
00014731_011,0.12424040946748222,False
00014732_003,-0.03853781369377274,True
00014743_000,0.11755625874256653,False
00014749_000,0.09971539857928002,False
00014750_000,0.07801699930058648,False
00014751_000,-0.09909129911325343,True
00014753_000,0.10292998766188449,False
00014764_004,-0.04689535819145374,True
00014768_001,0.11538134325808652,False
00014771_005,0.06948297422146699,False
00014771_009,0.1267863116066335,False
00014773_004,0.1279234332572448,False
00014782_000,0.08246116528788972,False
00014785_005,0.08375025276943443,False
00014790_000,0.09347997706991618,False
00014790_011,0.12183220698788183,False
00014790_012,0.0680749108783873,False
00014792_004,0.10982167278107874,False
00014794_000,0.1127886878270476,False
00014798_010,0.12641165927977277,False
00014809_000,0.07582869513253682,False
00014822_038,0.0711964689671013,False
00014826_004,-0.10754148420596554,True
00014832_000,0.13075679157390924,False
00014839_007,0.09332795239748443,False
00014839_031,0.0752627739561571,False
00014844_000,0.10914797049595776,False
00014844_005,0.0262436630722252,False
00014849_004,0.07067384699596357,False
00014860_000,0.12223741431545715,False
00014869_001,0.11892608447700292,False
00014870_002,0.12670403790197532,False
00014877_013,0.06195427754349442,False
00014879_005,0.11810861785159943,False
00014879_006,0.06293528371849183,False
00014879_010,0.05416510022955545,False
00014890_001,0.013733850662634384,False
00014897_001,0.08854305559691389,False
00014899_000,0.12048171491909904,False
00014906_004,0.1018965490581702,False
00014909_000,0.1177739145104662,False
00014918_007,0.12151351373794439,False
00014918_010,0.1128983660558105,False
00014922_000,0.13101772684437846,False
00014928_000,0.06531248213318852,False
00014934_005,0.08143803630971969,False
00014947_000,0.09022697880381564,False
00014949_000,0.033517329534505924,False
00014949_001,0.0739156381665852,False
00014958_014,0.028688463770553896,False
00015000_004,-0.005481094844170031,True
00015007_009,0.0436972563782877,False
00015031_000,0.028310969883872994,False
00015031_009,0.11731961428835874,False
00015031_029,0.03560884091708677,False
00015031_031,0.08183623055632644,False
00015032_002,0.12305286607805849,False
00015034_007,0.08174467874413643,False
00015041_000,-0.04614320666601235,True
00015044_015,0.11536880025883184,False
00015045_002,-0.04552559541921741,True
00015045_017,0.0435275747920032,False
00015045_018,0.01625758539510852,False
00015058_005,0.05273006393973617,False
00015069_000,0.09499346872127673,False
00015069_003,0.0691150407909571,False
00015070_003,0.04443932959759889,False
00015070_006,0.11933137154841605,False
00015078_001,0.11146101119430818,False
00015078_009,0.11608405217042522,False
00015078_010,0.11707046362115947,False
00015081_008,0.04057974547414189,False
00015082_004,0.09213726848277992,False
00015100_005,0.08696817536858503,False
00015101_000,0.12069433365602406,False
00015107_000,-0.006152016674161653,True
00015109_000,0.12662065955117657,False
00015123_000,0.13598824844277518,False
00015133_002,0.11169532359325246,False
00015142_000,0.13133973205183253,False
00015146_001,0.05863531883434486,False
00015149_000,0.11980488449749893,False
00015160_002,0.1104657143201529,False
00015160_022,0.08768288181513006,False
00015166_004,0.07421582625660011,False
00015167_002,0.08979664165312057,False
00015169_000,0.0329883720976028,False
00015170_003,0.0548115179404306,False
00015171_009,0.09868397370683873,False
00015171_015,0.1169748373424716,False
00015171_020,0.08508529447611435,False
00015173_012,0.07998937335453671,False
00015175_001,0.12897924091205948,False
00015184_000,-0.06035953741657085,True
00015186_000,0.12583301344392572,False
00015187_003,0.1121519411017427,False
00015192_002,0.11703206209428035,False
00015199_003,0.1257967671860818,False
00015212_006,0.12470179435072254,False
00015223_000,0.12545141392706072,False
00015229_000,0.13439375982618684,False
00015231_000,0.09427271791676073,False
00015236_000,0.09716913495757529,False
00015239_006,-0.03671339553469377,True
00015247_002,-0.0013206367302972533,True
00015255_014,0.08987422866856376,False
00015259_000,0.03901810146135437,False
00015264_003,0.048623169093435836,False
00015266_010,0.11290432504506781,False
00015295_000,0.08402173008650204,False
00015310_000,0.02380087254685115,False
00015313_016,-0.009904375408980592,True
00015332_000,0.1342993655981563,False
00015338_012,0.0823708952614759,False
00015338_014,0.06734265700320263,False
00015351_001,0.0726970920652879,False
00015352_000,-0.07215816263336583,True
00015355_000,0.10821443166822958,False
00015355_004,0.12466157067281747,False
00015360_002,0.10306954638232169,False
00015370_003,0.10513342046962465,False
00015370_004,0.06540237037784064,False
00015373_000,-0.06571060776200577,True
00015375_004,0.00598474177137881,False
00015375_007,0.028376439960015876,False
00015376_024,0.004066240186597625,False
00015386_000,0.044215551020774735,False
00015386_011,0.0067740553399416314,False
00015386_016,0.08285594080405534,False
00015388_003,0.06596056344337109,False
00015401_010,0.08911460704558766,False
00015406_000,0.06778591506308118,False
00015406_012,0.0937617437969186,False
00015414_006,0.131483025406624,False
00015414_007,0.12184262175666855,False
00015414_015,0.06017261768468163,False
00015423_001,0.1153654507850958,False
00015425_011,0.12070956215394196,False
00015425_012,0.12571610276558387,False
00015442_026,0.11500235413967042,False
00015442_031,0.023728410671908562,False
00015442_033,0.057962830429273915,False
00015443_007,0.07008309162479037,False
00015443_015,0.04945855304825775,False
00015448_002,0.0577284676803681,False
00015449_002,0.1213553522453808,False
00015478_000,0.12394710902059936,False
00015486_000,0.02452011180378061,False
00015493_001,0.12309590641282081,False
00015494_000,0.02171290879705806,False
00015503_002,0.060948352051175714,False
00015530_063,-0.009751691925457218,True
00015530_065,0.020869883394618427,False
00015530_114,0.0821972181587996,False
00015530_134,0.06900606916595253,False
00015530_140,0.05308515376298478,False
00015530_147,0.029027037771655106,False
00015530_152,-0.07466966378457507,True
00015531_000,0.11898285620724547,False
00015532_000,0.12622067943647775,False
00015537_007,0.12378393440216773,False
00015545_000,0.10124966713688277,False
00015548_001,0.1161892807341317,False
00015551_005,0.12641087190384342,False
00015553_004,0.0650879428567101,False
00015555_000,0.11341932261191379,False
00015556_014,0.09237671457274882,False
00015556_021,0.11280814827938834,False
00015556_025,0.12049446125505248,False
00015556_029,0.04058121535994308,False
00015560_000,0.12979126319137718,False
00015563_002,0.07764207637143677,False
00015594_001,0.0554335638090494,False
00015605_023,0.07981838939402419,False
00015605_039,0.09024383701998256,False
00015605_056,0.10176096865482631,False
00015606_006,0.05915786323849437,False
00015606_008,0.09698172118169174,False
00015606_029,0.07632411884232598,False
00015606_039,-0.025130602856868633,True
00015606_044,0.05228024529341019,False
00015606_050,0.09540824749641302,False
00015616_001,0.05214690049439824,False
00015646_000,0.11915317438939937,False
00015646_010,0.06761479412424637,False
00015646_034,0.07803369297712565,False
00015646_055,0.10476323973036406,False
00015647_003,0.13160938213862278,False
00015647_020,-0.01539109929075777,True
00015650_000,0.05675753297632702,False
00015658_004,0.06651992809319879,False
00015664_001,0.04427956419842943,False
00015667_000,0.0920004754901172,False
00015679_004,0.02166992072374374,False
00015680_000,0.12060128244733309,False
00015687_000,0.04614790813876829,False
00015688_001,0.10726941602242723,False
00015693_007,0.11746625587089154,False
00015700_004,0.00403113330408833,False
00015700_021,0.12831340335264257,False
00015700_023,-0.022914960567447573,True
00015715_001,0.1288020125189332,False
00015721_005,0.1171116173192901,False
00015721_009,0.11081914230610701,False
00015732_004,-0.013235666927176593,True
00015732_017,0.05531710668273998,False
00015732_026,0.06987022803619969,False
00015732_030,0.10353086435718045,False
00015732_037,0.10588035144887781,False
00015732_038,0.0981943861032109,False
00015754_008,0.09585701170138838,False
00015756_004,0.016883423861773883,False
00015758_000,0.007943463539379247,False
00015770_005,0.023608502692707478,False
00015770_032,0.06923814865546102,False
00015770_035,0.08456017146315165,False
00015785_002,0.11604850539643141,False
00015794_003,0.05410331218740694,False
00015799_007,0.10932777377927821,False
00015809_009,0.1032678935574945,False
00015814_003,0.02815819225360927,False
00015818_001,0.045654840836041655,False
00015826_009,0.08742125037135384,False
00015828_001,0.12275573538867501,False
00015833_002,0.0799629111599317,False
00015843_005,0.1243286442195351,False
00015854_002,0.10974338396029093,False
00015886_001,0.029343021559647964,False
00015895_003,0.10126121703052204,False
00015895_007,0.012847565818248974,False
00015895_016,0.10410947349388866,False
00015895_021,0.11912249955169418,False
00015900_000,0.11417019695988267,False
00015913_001,0.11756652383523586,False
00015915_009,0.09888979065532172,False
00015924_000,0.12739952287632372,False
00015926_000,0.12737256187500562,False
00015929_000,0.12731092342724631,False
00015929_005,0.0902201134425204,False
00015929_009,0.04094315788278707,False
00015940_002,-0.06083608024755549,True
00015945_001,0.12974613744402375,False
00015953_022,0.11947587153647338,False
00015956_010,0.014585254817640114,False
00015956_012,0.10171725259011966,False
00015969_004,0.1285509210606693,False
00015973_000,0.0746472589537362,False
00015985_000,0.005375511029162283,False
00015988_000,0.12765736929064836,False
00015993_000,0.09633522738340178,False
00015995_000,0.13316721238807877,False
00016009_018,0.13537188454323018,False
00016009_042,0.04386179922554373,False
00016014_015,0.02790711924057615,False
00016019_002,0.08356794347848878,False
00016023_001,0.05542410998400055,False
00016034_000,0.05155693742994827,False
00016051_021,0.11653543298686314,False
00016051_023,0.12015808770578362,False
00016052_014,0.12523569806598778,False
00016052_021,0.12081880295169273,False
00016059_000,0.1261643757991961,False
00016064_008,0.11446948705023413,False
00016064_019,0.07370587856550137,False
00016079_007,0.11910335441389464,False
00016079_014,0.1313557496381495,False
00016083_005,0.12098580737082865,False
00016086_002,0.13010742417042892,False
00016094_000,0.11848232885931836,False
00016094_020,0.10188475208033526,False
00016094_023,0.0116877633562113,False
00016103_005,0.09090480640333037,False
00016103_007,0.07620324830642727,False
00016122_003,0.1001835969161381,False
00016122_005,0.08496451459649335,False
00016122_008,0.11300990989291154,False
00016124_003,0.11673749899501745,False
00016134_002,0.08578449661026932,False
00016134_017,0.1314634832554305,False
00016142_010,0.05844581825782763,False
00016142_027,-0.025529448582095937,True
00016142_050,0.009493578991659646,False
00016166_002,-0.04033658581888577,True
00016177_000,0.1240005619195671,False
00016177_009,0.11795730752264705,False
00016177_014,0.0874264061968783,False
00016184_000,0.1342656344467381,False
00016191_021,0.0899325185265823,False
00016205_005,0.08735675563785938,False
00016205_006,0.1134979346513838,False
00016211_007,0.08114152070081965,False
00016213_005,0.1240556171626701,False
00016216_000,0.12365517334378345,False
00016227_000,0.12572705402816203,False
00016231_005,0.06324088669028127,False
00016238_008,0.06529594532215843,False
00016240_001,0.05327976411955271,False
00016240_002,-0.0763676725394733,True
00016243_002,0.1238938157386053,False
00016246_000,0.06267141811723709,False
00016251_000,0.11741284530442209,False
00016256_000,0.08410654950320029,False
00016256_003,0.05710408896656982,False
00016265_000,0.1294133327227025,False
00016289_000,0.006665192088077809,False
00016291_002,0.07870345930997635,False
00016291_006,0.08830356043382198,False
00016291_018,0.08223900273604401,False
00016291_025,0.097985988153999,False
00016291_055,0.053297016995700386,False
00016293_004,0.04029800541843798,False
00016298_001,0.02052945268167744,False
00016300_001,-0.016171248331355303,True
00016315_003,0.074926563294898,False
00016332_002,0.08346755790707083,False
00016333_005,0.13439683158694388,False
00016341_003,0.07582628224526461,False
00016360_000,0.12766370372328295,False
00016362_004,0.0466656047745555,False
00016368_000,0.13481119041620754,False
00016390_000,0.10502620514523142,False
00016399_018,0.11137208851518915,False
00016403_001,0.13000780414350943,False
00016410_039,0.06810227539932917,False
00016410_058,-0.005501815407982447,True
00016414_000,0.11722077381684715,False
00016417_009,0.0840660487986794,False
00016420_003,0.11757882525177427,False
00016422_002,0.11099420801121718,False
00016422_006,0.09039327864133911,False
00016424_005,-0.07603422282901051,True
00016426_000,0.10628117756963623,False
00016429_008,0.12674874482514575,False
00016429_021,0.13311660176349932,False
00016429_024,0.037663390445675904,False
00016438_002,0.13037605746841457,False
00016445_003,0.11594611517018533,False
00016469_000,0.12084247891622457,False
00016481_003,0.01996462280815986,False
00016484_012,-0.10421728507896821,True
00016484_026,-0.024368553078351174,True
00016486_020,-0.031229994521930537,True
00016491_000,0.12301370065995926,False
00016492_000,0.09055610035347644,False
00016493_003,0.04566093483253453,False
00016494_002,0.1026500974162996,False
00016497_001,0.09753132592484137,False
00016497_002,0.057479395734445826,False
00016508_008,0.02989947593900577,False
00016508_012,0.1157720045189809,False
00016508_025,0.08960365238098733,False
00016508_030,0.1145857754721551,False
00016508_031,0.10005335873255566,False
00016508_040,0.08879313943501638,False
00016508_065,0.08756486428205656,False
00016521_006,0.11143595237045928,False
00016521_008,0.10879407763023863,False
00016522_016,0.04909243154785076,False
00016522_022,0.10112265783304603,False
00016528_000,0.1249599568790522,False
00016550_008,-0.04230497599430638,True
00016550_019,0.11929417322985919,False
00016550_025,-0.05512335752159747,True
00016574_001,0.1290789303397663,False
00016578_000,0.13009224726823365,False
00016579_000,0.02055123555428151,False
00016587_023,0.07351110659253635,False
00016587_024,0.11733340867862296,False
00016587_025,0.13139531762139822,False
00016587_055,0.07697216802449613,False
00016589_005,0.11734967601339907,False
00016590_000,0.054663473193151735,False
00016596_000,0.08642174645195749,False
00016601_001,0.06986192629984816,False
00016607_018,0.07918553869215389,False
00016607_035,0.0842786435130945,False
00016613_000,0.1198423220667299,False
00016615_002,0.030829891100628226,False
00016618_008,0.04041928347543128,False
00016620_007,0.10578180745495064,False
00016630_007,0.10251403340192183,False
00016630_014,0.0798802465386853,False
00016632_001,0.013258185206956041,False
00016634_000,-0.06694835592384674,True
00016644_000,0.13105909994999337,False
00016646_002,0.1328184659416085,False
00016649_002,0.11296062854659344,False
00016649_017,0.10042185456063207,False
00016672_003,0.10780692488826854,False
00016686_000,0.13164316921925745,False
00016691_001,0.13158009546302196,False
00016695_000,-0.023633439096994446,True
00016701_002,0.09801889451056689,False
00016705_009,0.0826884975732205,False
00016715_004,0.11037136585862395,False
00016715_007,0.07733447287554868,False
00016729_000,0.05959490710517057,False
00016732_018,0.09534713851517945,False
00016732_020,0.05335012214179563,False
00016736_001,0.12947211662224117,False
00016737_004,0.04259462835360006,False
00016739_000,0.03560582720894617,False
00016750_000,-0.00968454125302931,True
00016761_000,0.13208833277652626,False
00016765_000,0.13233057363737843,False
00016778_003,0.06140578656321194,False
00016778_017,0.03194225796910011,False
00016778_039,0.052766116208314284,False
00016784_002,0.08540828418755936,False
00016785_007,0.04162096007630195,False
00016786_001,0.04767638852507283,False
00016786_005,0.05300121440564792,False
00016786_007,0.0017957443283406205,False
00016787_002,0.06966696536467298,False
00016787_003,0.024651427845857055,False
00016794_000,0.12414294134173698,False
00016798_010,0.11974140617723544,False
00016799_000,0.11853999972251877,False
00016800_003,0.11573768099829584,False
00016809_001,0.10826595468821126,False
00016811_005,0.03849790970742034,False
00016814_000,-0.0522891271569198,True
00016818_002,0.05932938982444519,False
00016837_005,0.08534103296790385,False
00016841_003,0.13503850664296663,False
00016842_003,0.12565559423259443,False
00016861_002,0.13224975710007675,False
00016861_007,0.1014044548974456,False
00016867_005,0.09160458820778261,False
00016874_000,0.12016346555947044,False
00016876_000,0.12269994320757277,False
00016882_004,-0.0068703745322560295,True
00016888_001,0.10640168104878561,False
00016888_007,0.03861094146653077,False
00016894_000,0.12215695843094176,False
00016895_002,0.12490841972133304,False
00016908_001,0.0336034622890552,False
00016918_000,0.0951629400071895,False
00016918_017,0.0877992493471002,False
00016926_003,-0.008534790662062752,True
00016932_002,0.023979447180184243,False
00016942_000,0.03603126149140362,False
00016942_004,0.03793067394479499,False
00016942_007,-0.022200319737429752,True
00016951_001,0.07197248047183025,False
00016971_032,0.06174985827356205,False
00016972_004,0.049746256690320234,False
00016972_017,0.045452006644138676,False
00016972_024,0.09764582736944721,False
00016975_003,0.12039262185590022,False
00016977_000,0.10481809197010444,False
00016984_000,-0.04417416262465024,True
00016986_008,0.08870010261740535,False
00016990_006,0.12736000589410373,False
00016991_013,0.06501064886016011,False
00016992_000,0.1203646754404945,False
00016995_000,0.12007377553375609,False
00017004_005,0.06520917622530342,False
00017013_001,0.12192871694859037,False
00017036_020,0.113575856141932,False
00017044_013,0.009046591834118711,False
00017044_015,0.10237539756705999,False
00017046_014,0.035857849490546545,False
00017049_011,0.11062677806217097,False
00017064_005,0.0903428706246725,False
00017064_016,0.10351428030361681,False
00017086_000,0.11776465651357443,False
00017088_003,0.012982823450102043,False
00017089_004,0.09923337866776932,False
00017098_011,-0.052576128705195124,True
00017104_000,0.10672692609676054,False
00017105_002,0.04092538377017357,False
00017107_000,0.1230379302661927,False
00017108_000,0.13129110840273167,False
00017108_003,0.07801765666725208,False
00017116_002,0.09528636010460279,False
00017123_000,0.1311357430936862,False
00017123_002,0.13017176808526187,False
00017136_012,0.10501634055816056,False
00017136_017,0.09607773376721507,False
00017136_018,0.08536299569899614,False
00017137_003,0.12225292017774375,False
00017137_008,0.11989669666798769,False
00017138_012,0.07854627389314017,False
00017138_013,0.07564649763133069,False
00017138_022,0.011420890421008356,False
00017138_027,0.02953658485978955,False
00017138_048,0.07216147862629868,False
00017138_053,0.08515256636578228,False
00017138_108,0.06490963386299214,False
00017138_110,-0.002625981134818711,True
00017138_113,0.10462911612230585,False
00017151_010,0.09158067479853027,False
00017151_012,0.09884653290756923,False
00017153_000,0.13327599171641819,False
00017158_000,0.11165254948539077,False
00017158_017,0.036030554241492985,False
00017177_000,0.12681822436461732,False
00017182_002,0.08426261591796669,False
00017188_000,0.11174366738931113,False
00017206_001,-0.03392570843445686,True
00017207_013,0.08404213079861766,False
00017207_014,0.07609001991594766,False
00017212_000,0.12685405282229723,False
00017213_002,0.04155865489890098,False
00017214_003,0.10377994049718581,False
00017227_002,0.009115440235526961,False
00017230_000,0.12965936342378048,False
00017236_051,0.05608580591812112,False
00017236_063,0.08953608026690141,False
00017236_084,0.12049961598594339,False
00017236_095,0.07379900816945256,False
00017237_001,0.10164772192995314,False
00017240_000,-0.02176540864628196,True
00017243_000,-0.10396896110896847,True
00017249_002,0.11816354976101262,False
00017258_019,-0.09441424808842769,True
00017263_000,0.109918492159441,False
00017264_001,0.10220339841046605,False
00017266_003,0.12319309887459245,False
00017267_001,0.12805589144363522,False
00017304_000,0.11123111704158589,False
00017324_006,0.028297317788239296,False
00017325_000,0.04983395498858256,False
00017331_000,0.0678734931292106,False
00017333_002,0.1167019880129534,False
00017356_002,0.0705853556819791,False
00017369_001,0.07617009722919815,False
00017401_005,0.11957571760039698,False
00017405_010,0.051383934393973985,False
00017405_014,0.07758647654283402,False
00017405_028,0.08236056147624438,False
00017410_000,0.1273619147755038,False
00017417_000,0.0772906683638957,False
00017420_000,0.012086427778335906,False
00017423_004,0.012530893507339047,False
00017424_004,0.0794675710555206,False
00017443_009,0.11436893104533963,False
00017454_003,0.08082364155581118,False
00017466_000,0.1392843582973482,False
00017467_006,0.03963573971340134,False
00017484_000,-0.019213210613565845,True
00017492_001,0.1256833329820874,False
00017504_000,0.11331404208412782,False
00017504_012,0.08833966137133425,False
00017504_014,-0.1735531888391465,True
00017504_043,-0.11972827855134582,True
00017504_058,-0.05048355043982078,True
00017504_062,0.11568728936425648,False
00017515_004,0.102168095785924,False
00017515_005,0.07463455629933968,False
00017526_000,0.12407966631160028,False
00017541_020,0.1001882878183239,False
00017541_025,0.013168878953261465,False
00017545_001,0.0822449474218801,False
00017546_013,0.11526897788643437,False
00017555_002,0.11105097360345795,False
00017556_013,0.054135004644119744,False
00017557_002,0.10321975038547548,False
00017573_000,0.12136239763939038,False
00017575_002,-0.002009422026434504,True
00017584_001,0.07524849021005808,False
00017594_002,0.1240329901103236,False
00017603_009,-0.009102223439963697,True
00017606_032,0.06361200603025946,False
00017608_004,0.10585953464583586,False
00017610_000,0.1314075930721219,False
00017612_001,0.08331142917132495,False
00017613_000,0.08195747715420215,False
00017618_002,0.1108059273271696,False
00017618_019,0.12431407962126012,False
00017622_001,0.02261472158594291,False
00017632_000,0.12135590298269572,False
00017634_000,0.11097107556478292,False
00017635_004,0.11355263312431679,False
00017635_009,0.10896348010200996,False
00017638_000,0.12578020788471989,False
00017641_008,0.10571996076466084,False
00017641_015,0.10040343049435013,False
00017642_000,0.06064852476394211,False
00017643_003,-0.01303824305177037,True
00017645_007,-0.0034212301993933325,True
00017645_012,0.12532175256671774,False
00017647_001,0.056512726414305936,False
00017651_005,0.0957152386543566,False
00017658_000,0.12016916151722118,False
00017662_001,0.1250836270070262,False
00017664_001,0.07893424224851298,False
00017669_001,0.08212889993953626,False
00017674_001,0.12416048240594407,False
00017685_005,-0.0019652962125498163,True
00017691_008,0.04782688000024993,False
00017691_010,0.10094554820182866,False
00017691_021,0.13239449877769444,False
00017704_001,0.11339338709937796,False
00017709_002,0.07687111023692689,False
00017709_012,0.0783377668816016,False
00017710_005,0.021164983514650793,False
00017710_006,0.03861696041234558,False
00017714_008,0.0597564273386042,False
00017714_019,0.09016675112511041,False
00017714_026,0.08162794193279371,False
00017714_027,-0.1314378948087459,True
00017714_037,0.0020281302127564405,False
00017716_000,0.0932636930962138,False
00017718_001,-0.00799271470806251,True
00017719_002,0.032130038808224515,False
00017721_001,0.07377759586378635,False
00017722_000,0.1251025149313137,False
00017724_002,0.0962424422213195,False
00017726_002,0.013749104446475424,False
00017731_004,0.06238826283525151,False
00017731_005,0.10134278394524993,False
00017736_006,0.11613675460117046,False
00017747_002,0.1235107898327576,False
00017747_006,0.13114187092990576,False
00017747_019,0.10823180147136197,False
00017747_031,0.015732255440465692,False
00017753_031,0.0481693955717204,False
00017761_001,0.1297648521108612,False
00017764_003,0.060650261395078064,False
00017771_000,0.049586216651845205,False
00017786_008,0.13019415477014934,False
00017798_000,0.10722158289298389,False
00017804_000,0.09796529522942926,False
00017818_001,0.05070473689592159,False
00017826_000,0.1317543572030816,False
00017827_000,-0.18158052158493776,True
00017830_002,0.08231897420514617,False
00017835_004,0.11430266939445288,False
00017835_008,0.11966060462594807,False
00017835_010,0.08734418481206774,False
00017835_015,0.07571683109299521,False
00017835_025,0.08345865571882616,False
00017835_030,0.02837126772998072,False
00017846_004,0.08688969394191493,False
00017852_013,0.10851935505651855,False
00017852_034,0.10017812942773041,False
00017862_000,0.020303608345865254,False
00017874_000,0.12494392969822149,False
00017906_010,0.11711527191333759,False
00017907_000,0.11458714002875303,False
00017915_000,0.016974832019113983,False
00017920_008,0.059486087251613695,False
00017920_010,0.03478806932920947,False
00017920_018,0.0010011817259841238,False
00017920_020,0.06494211785361459,False
00017925_000,0.12447804393611578,False
00017934_000,0.07134012817042323,False
00017938_000,-0.013728451264414021,True
00017940_001,0.12316396966566118,False
00017946_000,-0.06302183544136897,True
00017947_018,0.12028156775422355,False
00017950_001,0.08387838115599366,False
00017963_003,0.039020319917701385,False
00017972_011,0.020578318722807576,False
00017972_028,-0.1090702163883347,True
00017972_040,0.07903075219047495,False
00017980_008,0.06974708761206938,False
00017981_004,0.0613394632175322,False
00017981_024,0.024276799789482884,False
00017981_031,0.09175860923716594,False
00017985_008,0.1257977139021323,False
00017994_004,0.10655942142540459,False
00017997_002,-0.11579233270343858,True
00017999_001,-0.01443188734325429,True
00018000_002,0.11128436246314455,False
00018000_004,0.02487911567508677,False
00018006_028,0.07355723822571608,False
00018011_016,0.05850879632949413,False
00018017_000,-0.03814171799142563,True
00018019_004,0.08247933546580577,False
00018019_007,0.08589732716769072,False
00018019_013,0.05183466605712117,False
00018023_000,0.09805693088740314,False
00018025_000,0.08048942140156318,False
00018027_007,0.11329678527666098,False
00018035_000,0.12373519912950398,False
00018037_015,0.12393034495503541,False
00018037_018,0.12046431506798239,False
00018043_006,0.13083384978832224,False
00018044_023,0.05503587754879019,False
00018046_000,0.12945374845168206,False
00018046_003,0.12331687208717951,False
00018052_003,0.10697402357236713,False
00018055_015,0.04468635019355732,False
00018055_019,0.0011702780439994398,False
00018055_023,0.030213177550256265,False
00018055_032,-0.04406134657044314,True
00018055_047,-0.06857154633590856,True
00018080_008,0.1005906887277977,False
00018091_016,0.10161170053659396,False
00018091_020,0.06636018373489266,False
00018100_003,0.12218485223668796,False
00018101_001,-0.004494662133804228,True
00018101_002,0.017554732624353475,False
00018111_000,0.1193837250411871,False
00018117_000,0.10906061223357105,False
00018117_001,0.051579566034131996,False
00018120_001,0.12152045035545367,False
00018124_000,0.130056440081251,False
00018126_007,0.059503657537005095,False
00018126_026,0.11419297429941339,False
00018142_002,-0.051315282762205205,True
00018153_000,0.03719120688813016,False
00018157_000,0.0612310954617486,False
00018164_004,0.0419587506422342,False
00018166_003,0.06510483797825878,False
00018175_006,0.032286454662163955,False
00018175_026,0.08072063895156945,False
00018176_000,0.11458495167143457,False
00018186_011,0.11668878287863166,False
00018187_052,0.12393744030253306,False
00018187_060,0.011846375952195065,False
00018191_005,-0.07221697786068193,True
00018203_003,0.05046378506590443,False
00018204_002,0.03092560581266779,False
00018224_009,0.06991858735128953,False
00018226_000,0.10839558924760101,False
00018233_055,0.03235286892336936,False
00018237_008,0.03715705461481794,False
00018237_035,0.05282100734107903,False
00018245_005,0.12160231640011149,False
00018246_000,0.11636261007114668,False
00018249_008,0.11968500791743353,False
00018251_006,-0.2430281170992329,True
00018251_014,-0.2520269202439799,True
00018251_015,-0.057114273882634126,True
00018252_000,0.0361755780840724,False
00018253_063,0.03916834676819636,False
00018253_079,0.11095084757833262,False
00018254_018,0.09903766518690066,False
00018258_001,-0.07130133143785855,True
00018259_004,0.12424447274840889,False
00018261_000,0.12220840544521638,False
00018263_003,-0.11033958876044236,True
00018266_000,0.10137269233867718,False
00018284_012,0.12271176655953236,False
00018287_000,0.09195031065283654,False
00018288_000,0.10789518309680812,False
00018300_000,-0.0930989153645232,True
00018304_009,0.00370566785810561,False
00018304_010,0.12040282758130055,False
00018312_009,0.10870128634824688,False
00018318_002,0.08285025913488742,False
00018319_003,-0.12643601026428053,True
00018329_004,0.06697060643758068,False
00018331_005,0.09359102818726206,False
00018334_004,0.12736449461009341,False
00018335_006,-0.04601994056564873,True
00018344_000,0.07857424812312575,False
00018356_005,0.09743731745971917,False
00018359_005,0.034224336593232874,False
00018362_010,0.09347975301368022,False
00018366_027,0.06577875321081228,False
00018387_006,0.07587574120440804,False
00018387_016,0.03770238374877111,False
00018390_007,0.07152125224824823,False
00018394_001,0.0017134695366577413,False
00018394_005,0.11654790723103481,False
00018403_001,0.07930144591684896,False
00018419_001,0.11257621078993996,False
00018421_006,0.11000137465664289,False
00018427_008,0.08423609758814382,False
00018427_009,0.12388244319244601,False
00018436_000,0.04489703484908325,False
00018444_002,0.02074965151984498,False
00018448_005,0.05202181958276886,False
00018448_017,0.10319373029812434,False
00018451_000,0.11863457817135092,False
00018451_006,0.049351460353873,False
00018462_001,0.07686073338673832,False
00018464_013,0.07684289601254585,False
00018472_003,0.13061027132903907,False
00018472_005,0.10129963253393687,False
00018496_008,0.12243086565858124,False
00018500_009,0.12517462678173857,False
00018507_001,0.08927939384960826,False
00018507_012,0.12490345936053493,False
00018509_002,0.10426888625621955,False
00018521_011,0.1260467758427653,False
00018525_002,0.04785090403681952,False
00018525_005,0.026074233524299884,False
00018527_010,0.1214599245480883,False
00018541_001,0.03750056711655558,False
00018546_000,0.09773429368258174,False
00018555_003,-0.07204007697861137,True
00018573_001,0.10223626268926145,False
00018575_000,0.09755124254744751,False
00018584_002,-0.01591555947703649,True
00018592_000,0.09616335865336229,False
00018596_000,0.09163745251074457,False
00018602_002,0.11306119862664948,False
00018607_001,0.08513218043212795,False
00018608_016,0.11257894751324526,False
00018609_000,0.08267034351930108,False
00018614_005,-0.11901617009560006,True
00018626_003,0.08731696365980907,False
00018627_002,0.05430546714849904,False
00018627_009,0.11240801485366358,False
00018627_011,0.028032820137427583,False
00018629_000,0.08042152341058212,False
00018642_003,0.054966476103730344,False
00018642_005,0.10709347985041295,False
00018644_006,-0.055554896239443985,True
00018645_000,0.10840291190788859,False
00018650_000,0.10138534263431115,False
00018656_003,0.10927238427105734,False
00018663_005,0.04001838413326697,False
00018669_004,-0.016838170255672913,True
00018679_002,0.1296925440319387,False
00018687_001,0.1224425899485524,False
00018689_003,0.07584665707809346,False
00018703_002,0.1137503852124303,False
00018724_008,0.04877478430723109,False
00018724_013,0.05098970768571315,False
00018724_014,0.022847047030289447,False
00018724_019,0.0607990619578786,False
00018731_001,0.09625084905639142,False
00018734_000,-0.04637967068085436,True
00018735_005,0.09748400363784654,False
00018735_010,-0.04172587210666723,True
00018739_014,0.13117181872453515,False
00018739_019,0.1128974464261559,False
00018748_000,0.05084184144942361,False
00018765_003,0.027901729934016628,False
00018794_000,0.0699013023382033,False
00018801_000,0.11831354454935333,False
00018805_001,-0.0514874088969518,True
00018808_001,-0.0741465830622764,True
00018811_001,0.07042626965200394,False
00018821_007,0.10186923005168236,False
00018821_012,0.048297126635584775,False
00018829_017,0.10729626656472263,False
00018829_018,0.10587647262524985,False
00018837_000,0.03283583913853183,False
00018840_001,0.050487485110301045,False
00018840_030,0.07074466625324144,False
00018840_032,0.048791874261335466,False
00018847_000,0.04422745682611262,False
00018855_001,0.12215640981418457,False
00018860_023,0.12031129516265127,False
00018865_013,0.08808707793098425,False
00018865_036,0.05065019090806844,False
00018865_037,0.0871999379282955,False
00018867_016,0.02417764027989705,False
00018867_024,0.07220611660191723,False
00018872_001,0.04263596400587921,False
00018899_000,0.107752822441741,False
00018909_001,-0.016293061122623076,True
00018921_016,0.044766831963100606,False
00018921_024,0.027637651797030094,False
00018921_041,0.0878359038299158,False
00018921_042,0.08272538610781566,False
00018936_003,-0.002443170990852006,True
00018944_012,-0.0014705498120650695,True
00018949_002,-0.23216616078179075,True
00018979_008,0.10230497024967411,False
00018983_002,0.11302243575252924,False
00018986_000,0.022144930668341778,False
00018989_004,0.037945309342776845,False
00018989_006,0.03445097036382955,False
00018997_001,0.01174909930414253,False
00019006_004,0.10978131450735651,False
00019018_001,0.04821375476047074,False
00019021_001,0.12414726583478014,False
00019021_002,-0.034393524730995884,True
00019035_000,0.13147599086772666,False
00019038_000,0.02406831868540049,False
00019038_001,0.06205737943500311,False
00019044_001,0.11640773594397191,False
00019044_002,0.12125521001523054,False
00019045_003,0.0724208266175328,False
00019062_002,0.03552998255523743,False
00019070_005,0.0930913145204128,False
00019087_001,0.0966683324935842,False
00019087_044,0.05806154791497198,False
00019089_002,-0.052220339875709065,True
00019089_010,0.09927313270224514,False
00019089_011,-0.14000082880684894,True
00019092_013,0.0949205014929963,False
00019098_000,-0.16304566313098956,True
00019107_001,-0.09695248652527833,True
00019110_000,0.061518048941521575,False
00019113_000,0.09023855658055174,False
00019124_018,0.08145363771682779,False
00019124_056,0.10586294076950425,False
00019124_070,0.03771649537458188,False
00019124_096,0.09336411753154816,False
00019124_098,0.05552562756459456,False
00019130_001,0.039040498642974264,False
00019133_000,0.10571116280302978,False
00019137_002,0.09653221555215646,False
00019138_002,0.11791010820337916,False
00019150_008,0.015766887946607577,False
00019151_002,0.028404322954527994,False
00019154_000,0.13005981220735585,False
00019176_005,0.0429721639492433,False
00019176_035,0.0662432001515294,False
00019176_062,-0.07650516120013884,True
00019176_079,0.09550459029017927,False
00019176_089,0.08301410807668158,False
00019184_002,0.0041946025697169875,False
00019190_000,0.09889165452716936,False
00019216_003,0.13305265764022545,False
00019218_001,0.059596448829021154,False
00019222_002,0.08486883843504595,False
00019223_000,0.031359310784931205,False
00019235_000,-0.03555725090105588,True
00019238_011,0.11329371055134269,False
00019238_019,0.10601426967481431,False
00019240_004,0.052734667925796064,False
00019242_020,0.087590528436579,False
00019258_000,0.0784024598669057,False
00019259_003,0.031046259512742036,False
00019265_003,0.06551304870113156,False
00019271_013,0.06467736477712988,False
00019271_024,0.057693867321128134,False
00019271_058,0.09432574100035956,False
00019289_000,0.08928393804198992,False
00019293_000,-0.10983298862255575,True
00019303_000,0.11430618212710447,False
00019308_013,0.07076752960703586,False
00019312_000,0.04562381670528015,False
00019322_000,0.09631654132345091,False
00019324_000,0.11898681558858981,False
00019336_000,0.03452028509486371,False
00019360_001,0.09278330466188173,False
00019363_017,0.09815910577579234,False
00019363_040,0.09943787326655795,False
00019365_007,-0.02436939857511744,True
00019368_000,0.09161823495527055,False
00019369_005,0.0677328565055817,False
00019373_025,0.08277825499207253,False
00019373_061,0.11442787836429319,False
00019381_000,0.10832198397610693,False
00019382_001,0.09984667805969599,False
00019388_001,0.11870661103596158,False
00019395_011,0.11032738525038521,False
00019395_018,0.011244703892100638,False
00019400_000,0.11848957980749919,False
00019406_005,0.1347559762051902,False
00019408_000,0.1199163840656629,False
00019415_002,0.09781841306366496,False
00019419_001,0.0838676269117592,False
00019428_000,0.1330242836554122,False
00019434_007,0.0788488537522391,False
00019436_001,0.09939291348034396,False
00019437_007,0.09230635644942448,False
00019448_006,-0.04613711033208434,True
00019463_000,0.10799271162209012,False
00019464_004,-0.029350703740889883,True
00019466_001,0.0961505522029909,False
00019468_000,0.12366717738065441,False
00019484_005,0.034094287175932714,False
00019486_000,0.034699852220229976,False
00019486_001,0.06588408814499658,False
00019498_000,0.11992816782801952,False
00019503_000,0.07120382019016769,False
00019507_000,0.12249641594401861,False
00019513_000,0.10046228434795351,False
00019535_000,0.03789066991318596,False
00019538_002,0.021138067731123977,False
00019544_000,0.12876273882726075,False
00019549_000,0.13248049561127517,False
00019549_004,0.04855179398046999,False
00019550_001,0.1126168592304122,False
00019557_001,0.12833338379591497,False
00019562_001,0.024375903926858622,False
00019565_000,0.10659333663312914,False
00019576_024,0.05695501649805129,False
00019576_030,0.027237289470970316,False
00019576_043,0.09125524181128908,False
00019576_065,0.10486087311294967,False
00019593_007,0.05686373783828308,False
00019594_002,0.03805384532174566,False
00019594_003,0.056275972485724635,False
00019594_016,0.09210089238152519,False
00019594_027,0.07247765210216756,False
00019611_002,0.07350487656849919,False
00019617_001,0.06841301096412694,False
00019618_000,0.06935879276166423,False
00019619_000,-0.06805604573131119,True
00019641_000,0.13151311970457108,False
00019643_025,0.12020807144179918,False
00019658_004,0.055338660707064,False
00019661_000,0.11707237361028333,False
00019663_002,0.12416420621942176,False
00019663_004,0.10375774165822693,False
00019672_001,0.12030006333560023,False
00019680_001,0.017542427492743207,False
00019700_003,0.10830214536928517,False
00019706_016,0.10475178935369689,False
00019710_000,0.08292608613725622,False
00019710_001,0.09634945284066809,False
00019711_000,0.06916258107687068,False
00019726_002,0.03911224543776609,False
00019726_007,0.12324249624382788,False
00019730_015,0.08632736797876767,False
00019730_016,0.08611370213077907,False
00019735_001,0.07675602100149631,False
00019741_002,0.1268726746710267,False
00019750_018,0.07245349515246657,False
00019750_022,0.0950198089838345,False
00019750_025,0.10824440289226794,False
00019753_000,-0.05502081377678636,True
00019753_005,0.09086012618101708,False
00019754_002,0.13288374380361645,False
00019756_005,-0.06119310955493362,True
00019762_000,0.11760363373735894,False
00019765_008,-0.055567902317565476,True
00019765_010,-0.007548845085371236,True
00019766_001,0.10177259840135244,False
00019766_003,0.08830356043382198,False
00019766_004,0.0837811927160213,False
00019766_009,0.07764167001665345,False
00019767_015,0.1076761759955176,False
00019769_003,0.09482394508220415,False
00019772_001,0.08792824605857852,False
00019783_000,0.11392676056031753,False
00019785_000,0.08058780839515584,False
00019785_003,0.06948305804975113,False
00019785_022,0.05027884362117069,False
00019786_001,0.11948454935122466,False
00019786_003,0.0034587631882229686,False
00019790_000,0.10064227037107581,False
00019796_000,0.1044503680923124,False
00019805_002,0.12778033950576506,False
00019812_005,0.03622125309991092,False
00019824_000,0.10954380961406918,False
00019825_001,0.03688980996634289,False
00019829_000,0.11206928766484381,False
00019831_004,0.11780201920773725,False
00019835_000,0.12048483646420399,False
00019840_000,0.032725002624812094,False
00019846_000,0.11808868769325503,False
00019860_000,0.12070442988489083,False
00019863_005,0.11538652656197695,False
00019863_009,0.09808510222229871,False
00019865_009,0.09578355631938396,False
00019865_013,0.10834171131909143,False
00019870_001,-0.012810566070931895,True
00019871_004,0.03675967503883654,False
00019873_001,0.011239265574323531,False
00019880_008,0.021132056515434094,False
00019892_012,0.037410543163320265,False
00019894_040,0.030559972686454495,False
00019895_003,-0.1848656645713349,True
00019899_025,0.11606259526240303,False
00019912_000,0.1267911881291992,False
00019918_000,0.0703093437401267,False
00019919_000,0.1141742378461707,False
00019927_008,-0.049133897702279716,True
00019938_003,0.07307722782176762,False
00019949_000,0.04523099557448251,False
00019956_001,0.031227832231353392,False
00019959_003,0.1250715644725407,False
00019959_007,0.10843135728486969,False
00019961_004,0.0751654739299244,False
00019965_000,0.12266542762260813,False
00019967_017,-0.21150397851048397,True
00019967_033,-0.14680808502500775,True
00019981_002,0.03358973408878668,False
00019988_007,0.046467737104015694,False
00019992_001,0.121492834337313,False
00019999_002,0.12445589648417182,False
00020008_001,-0.24242391051105172,True
00020018_006,0.06955098654472547,False
00020020_007,0.1001397502868927,False
00020043_002,0.06578279067948406,False
00020047_002,0.1051370270275836,False
00020052_003,0.08273639790379128,False
00020059_007,0.10274949879356265,False
00020060_008,0.09534268250692357,False
00020065_008,0.07484943826522555,False
00020076_000,0.11162134686485858,False
00020076_001,0.09605356153934436,False
00020078_001,-0.011133457575861927,True
00020080_002,0.022460797528427057,False
00020080_003,0.06272744045531053,False
00020085_008,0.00902355146725814,False
00020090_000,0.08197174477563945,False
00020094_005,0.09971270122954135,False
00020106_005,0.13109694053971238,False
00020113_014,-0.10801303243019811,True
00020113_018,0.08219848109628752,False
00020117_000,0.08087984478263954,False
00020130_000,0.12243260680127982,False
00020130_009,0.1299674229490118,False
00020146_004,0.015043211505264942,False
00020149_000,0.06013665896997922,False
00020151_000,0.0677504785921143,False
00020158_011,0.029798706544133025,False
00020158_020,0.06789299136293081,False
00020159_001,0.017865411890921112,False
00020163_000,0.11461408390510242,False
00020165_000,0.12211145449460575,False
00020170_004,0.060710902934333344,False
00020177_001,0.12398440691375523,False
00020186_000,-0.04619992102534021,True
00020190_002,0.10499520425154979,False
00020190_003,0.12008210390865154,False
00020195_018,0.10149223434560439,False
00020195_024,0.04106530177655676,False
00020197_001,0.123059307637779,False
00020199_000,0.018577154283534625,False
00020204_019,0.12569340869968748,False
00020209_005,0.11545211994528243,False
00020213_009,0.05708345216742139,False
00020213_034,0.05427230100164554,False
00020213_045,0.07222509107981645,False
00020213_093,0.024756306510512638,False
00020213_110,0.037668457000835154,False
00020224_001,0.1122432286422213,False
00020226_000,0.095832673174159,False
00020228_000,0.10204986895525786,False
00020240_000,0.11426727430855321,False
00020243_004,0.11873521686851218,False
00020248_006,0.06110712286696046,False
00020249_006,-0.0019035748228050098,True
00020259_000,0.05891317278526248,False
00020261_002,-0.011309012370197102,True
00020286_004,-0.04984690122843849,True
00020287_000,0.06117159482384815,False
00020289_000,0.09560767035241552,False
00020290_006,0.11754094179195762,False
00020290_009,0.020831216690067822,False
00020294_009,0.08179695545423643,False
00020294_010,0.0797497720620875,False
00020298_000,0.10831104720349533,False
00020299_000,0.10989272406409711,False
00020312_000,0.08114427684101955,False
00020318_004,0.11974399439554995,False
00020318_013,0.11671865255036956,False
00020318_027,0.12277969344222922,False
00020326_003,0.08926189889876024,False
00020326_005,0.07668792101828442,False
00020326_009,0.08121286396720717,False
00020326_021,0.04587948918877838,False
00020326_058,0.08232664286543406,False
00020326_088,0.05444618132538587,False
00020326_097,0.0123404225730806,False
00020338_001,0.04052630417671993,False
00020339_004,0.11855315107930559,False
00020349_007,0.07793159219891338,False
00020349_011,0.02779786409232593,False
00020361_000,0.1141145223485045,False
00020363_001,0.014509903042363215,False
00020373_004,0.08678942281653462,False
00020380_002,0.055041920430311975,False
00020383_003,0.10662141517400425,False
00020385_001,0.02663607466136997,False
00020393_001,0.12380469282270096,False
00020398_001,0.1164220661640154,False
00020398_002,0.042017804547292814,False
00020398_006,0.0688720877907445,False
00020405_003,0.12721339565924006,False
00020405_008,0.115753194699449,False
00020405_009,0.103159670672472,False
00020405_017,0.09095931621951525,False
00020408_014,0.051786400832937785,False
00020408_037,0.09222862511426089,False
00020408_045,0.008309299323156827,False
00020408_055,0.05114079706687469,False
00020408_066,0.07639868206964318,False
00020415_001,0.12688488027549566,False
00020429_001,0.1303556214367212,False
00020430_000,0.12084541248381508,False
00020433_000,0.05125176555888855,False
00020437_003,0.04626844823290499,False
00020438_014,0.07340985204338224,False
00020438_017,0.08996353493580822,False
00020444_000,0.1338771899976383,False
00020450_006,-0.0048908393253155324,True
00020450_009,-0.0009346118804300918,True
00020450_014,0.04241946155923004,False
00020455_000,0.021358993545248228,False
00020458_011,0.034976580135752555,False
00020458_022,0.031197153667200994,False
00020471_006,0.04292579175275346,False
00020476_003,-0.06215890475603025,True
00020482_006,0.07641485416045518,False
00020482_012,0.06866924646609868,False
00020482_025,0.05447567774330492,False
00020482_050,0.02252363649462502,False
00020482_061,0.0899580088529447,False
00020499_000,-0.04782543943318329,True
00020503_007,0.12040583733585886,False
00020505_004,0.043411194927444385,False
00020513_009,0.08327367631746485,False
00020513_028,0.11834260196772778,False
00020513_033,0.08223478609615337,False
00020520_003,0.11196834811129258,False
00020523_000,0.11147707114867955,False
00020524_008,0.11771863235794355,False
00020529_000,0.11904140493155163,False
00020534_001,0.10754128948322039,False
00020558_000,0.112473945440201,False
00020565_000,0.10517170590595548,False
00020601_002,0.05037911439151194,False
00020607_001,0.12264413000522095,False
00020607_002,0.03821567303649953,False
00020623_000,0.06966390155262675,False
00020624_011,0.11184112441487809,False
00020629_007,0.10915562342186763,False
00020630_009,0.11443230596334436,False
00020631_004,0.08313747291559564,False
00020635_000,0.12086357475914117,False
00020648_004,0.1053677034507412,False
00020649_001,0.08786246131802444,False
00020654_002,0.12372931321887704,False
00020656_000,0.11109068144960077,False
00020666_003,0.032485406972818376,False
00020671_000,0.1219630456079338,False
00020671_001,0.03659872603253794,False
00020673_041,0.055494720088035965,False
00020673_048,0.06691857251888012,False
00020679_000,0.12952806492837754,False
00020680_000,0.10958501566970524,False
00020680_005,0.13004256116594398,False
00020683_000,-0.11921324032069913,True
00020691_000,0.0590195828682305,False
00020703_000,0.058788079518867775,False
00020703_009,0.028432206844929087,False
00020705_000,0.12165593112757722,False
00020725_001,0.04450506228201423,False
00020725_019,0.10459389844635258,False
00020725_025,0.05617785638554318,False
00020729_002,0.07742464294566936,False
00020736_000,0.11878572451707387,False
00020745_001,0.07028497216955548,False
00020773_008,0.10424467511857255,False
00020781_005,0.0061835973295649715,False
00020789_000,0.05148027085450818,False
00020791_001,0.10880321928643255,False
00020797_000,0.0634977629839229,False
00020809_011,0.050062585491658984,False
00020811_011,0.014455785646294184,False
00020819_011,0.03281201028787417,False
00020826_000,0.07540829680829453,False
00020827_006,0.12319200088940585,False
00020832_004,0.12348651820106388,False
00020834_000,0.12434598376395828,False
00020837_000,0.013173777226638483,False
00020838_000,0.09738843017859888,False
00020848_000,0.13339321533680426,False
00020857_002,0.09804576753707878,False
00020859_000,0.09130293046669397,False
00020895_000,0.11057014936071058,False
00020900_002,0.05212971872037059,False
00020904_006,0.007479866699714732,False
00020904_010,0.03724936767596043,False
00020918_000,0.08990917060359405,False
00020935_004,0.0735623793468822,False
00020945_017,0.05216417271647256,False
00020945_023,0.05088459804173484,False
00020945_031,0.08360746226998039,False
00020951_000,0.10878150280969962,False
00020960_004,0.07254528733228077,False
00020966_000,0.13245929736125978,False
00020967_012,0.06665974049645929,False
00020967_014,0.06831272137988947,False
00020972_002,0.08262571475840691,False
00020978_008,0.04797672448881307,False
00020979_007,0.10606686107310742,False
00020983_002,0.12155372235529227,False
00020991_000,-0.035608618112641266,True
00021006_018,0.03730102834657684,False
00021018_000,-0.0399192676772977,True
00021023_002,0.023209296049520878,False
00021023_011,0.025782044340673604,False
00021024_001,0.12342760658600221,False
00021035_001,0.03771776508969693,False
00021035_015,0.025253839849937898,False
00021035_020,0.08759948519302835,False
00021035_026,0.06376612588100655,False
00021036_008,0.12383058806904146,False
00021047_006,0.04714721716441067,False
00021057_001,0.02971246386041243,False
00021065_002,-0.09839615794172019,True
00021086_009,0.11071594601672757,False
00021112_005,0.1180899878258252,False
00021113_000,0.11908406601487481,False
00021114_004,0.028514135919294803,False
00021115_002,0.11853296414104936,False
00021117_000,0.12232209026681778,False
00021123_000,0.12342611689316402,False
00021124_002,0.10817634136766852,False
00021127_013,0.11354634488647647,False
00021127_018,0.1268314316921323,False
00021132_000,0.06433239328601437,False
00021151_000,0.12167165921967149,False
00021154_005,0.07373328629387249,False
00021163_000,-0.08572537024545912,True
00021170_003,0.05482455936683067,False
00021172_000,0.07796342485502844,False
00021173_003,0.0419987050087301,False
00021179_005,0.05704707539770831,False
00021179_006,0.10009499406145789,False
00021185_007,0.11507650350177179,False
00021188_007,0.05632258577013621,False
00021188_012,0.07616829703562505,False
00021197_002,0.11777099033103294,False
00021200_001,0.13139810094159038,False
00021201_014,0.0732319136583669,False
00021201_021,0.071259537671507,False
00021201_027,0.010434028278879237,False
00021201_035,0.07121079281196396,False
00021201_053,0.06178966728575419,False
00021201_113,0.053756429698712194,False
00021214_000,0.10820587904331413,False
00021224_000,0.07496255368061738,False
00021229_000,0.07642183494319521,False
00021231_006,0.06129928016898045,False
00021239_010,0.012203423222996446,False
00021245_000,0.08749252442957695,False
00021251_002,-0.0035933959909414392,True
00021253_003,0.08137100315572998,False
00021255_004,0.12420553507455107,False
00021260_002,0.0775776566175328,False
00021261_000,0.12200620135344781,False
00021274_011,0.11043167607502158,False
00021275_007,-0.056773173942059385,True
00021277_008,0.05638777713632642,False
00021277_010,0.05850411195272742,False
00021277_012,-0.04307586889581294,True
00021277_014,0.08666016667802218,False
00021277_025,-0.06244885847781101,True
00021277_033,0.08934679332168216,False
00021289_000,0.07431687309608748,False
00021290_004,-0.06602697107001787,True
00021291_000,0.09583502110434078,False
00021303_002,-0.02012076871976254,True
00021307_003,0.07604438221818205,False
00021307_008,0.04387330712719406,False
00021307_011,0.08224174912873539,False
00021307_024,0.11982282383234061,False
00021321_020,-0.0479053416398435,True
00021332_000,0.10669255953627876,False
00021347_000,0.1269646165320289,False
00021358_000,0.12475445784049399,False
00021359_002,0.12496169231383342,False
00021362_005,0.08831886390016636,False
00021374_035,0.11583890694995386,False
00021377_018,0.021529619965958202,False
00021381_008,0.05665306564602257,False
00021381_009,0.058428009019521554,False
00021381_037,0.040688356775718026,False
00021420_002,0.10370259009486615,False
00021420_004,-0.020858181557366517,True
00021431_004,0.09649103398941655,False
00021441_001,-0.039460522416034705,True
00021457_008,0.032875646882363385,False
00021457_033,0.06935941806136026,False
00021461_000,0.09448179476098056,False
00021481_012,0.05561991205095024,False
00021484_001,0.08896129949609388,False
00021484_002,0.0003045877408083819,False
00021489_014,0.11641644887827796,False
00021494_007,-0.0028139500711535925,True
00021494_018,0.10512069888448083,False
00021495_005,0.05781082215003963,False
00021495_007,0.11281539674633873,False
00021499_007,0.01847804113971835,False
00021499_013,0.11289482031988402,False
00021506_002,-0.08016242703410625,True
00021514_000,0.11426721245671889,False
00021528_002,0.08230919702385414,False
00021533_000,0.09248874448475031,False
00021552_010,-0.04623538209199418,True
00021565_002,0.05280901154014572,False
00021565_020,0.00565705582563969,False
00021578_000,0.08067258419231843,False
00021578_001,0.12967208921532763,False
00021580_000,0.028303989075143143,False
00021582_001,0.08680254152482847,False
00021582_010,0.06481438122671535,False
00021584_009,-0.054552462118226064,True
00021586_000,0.06838714018481001,False
00021586_003,-0.06771218742842955,True
00021595_000,0.12378619016032782,False
00021609_002,0.028850691130429484,False
00021610_000,0.03186692622486531,False
00021610_002,0.05292733180024495,False
00021610_016,0.11499282958778384,False
00021610_034,0.07521006971167488,False
00021613_000,0.11193671255095333,False
00021614_000,0.11724319684341222,False
00021616_004,0.011876560011912951,False
00021616_009,0.06672221973657999,False
00021618_019,0.11567783535433562,False
00021620_000,0.08709520965941725,False
00021626_007,0.0425411239596421,False
00021637_001,0.09029594021556003,False
00021647_000,0.12291723645313274,False
00021648_006,0.04658624231732744,False
00021651_005,0.027111590309907674,False
00021670_020,0.08928235115726824,False
00021670_027,-0.11874682821039761,True
00021672_000,-0.03688814813796304,True
00021674_000,0.033092528951490285,False
00021674_001,-0.020898655435415248,True
00021676_000,0.12016198897762154,False
00021687_002,0.09603832325126499,False
00021695_007,0.06745522292745676,False
00021711_015,0.07637017683684799,False
00021715_000,0.1300121376604534,False
00021736_000,0.08882412437124215,False
00021748_000,-0.05573293549980307,True
00021759_000,0.11750356706472198,False
00021768_000,-0.01440094666283176,True
00021770_011,-0.05293427752540192,True
00021770_015,-0.2286527200690608,True
00021782_018,0.002057238172816611,False
00021782_027,-0.023456595144996317,True
00021796_010,0.11001942418364513,False
00021796_011,0.11337805544978913,False
00021818_015,0.04934109358042438,False
00021818_026,0.10136395227523814,False
00021821_003,0.020612584284962654,False
00021832_000,0.12898829135067108,False
00021835_001,0.060993142761639474,False
00021835_027,-0.028618204881106335,True
00021838_002,0.09830439803981972,False
00021840_009,0.07046016113583775,False
00021840_022,0.06438223094386952,False
00021843_002,0.026104872002026658,False
00021847_000,0.12507368463756624,False
00021857_002,0.09351396895841291,False
00021860_002,0.10508697097289338,False
00021881_000,0.08806132991826954,False
00021888_000,0.1260764768728978,False
00021889_005,0.1308924235102139,False
00021893_000,0.08886433062044236,False
00021911_005,0.12845663602713486,False
00021917_000,0.028192038301774802,False
00021930_001,0.045956678614528235,False
00021942_006,0.04712974957515348,False
00021954_000,-0.015074936457943666,True
00021954_004,0.02100301357648532,False
00021969_001,-0.013154597834510784,True
00021972_000,0.04350448168575893,False
00021980_000,0.07949096624497864,False
00021988_005,0.0005372781620311406,False
00021992_000,0.00785693817619676,False
00021994_002,0.030473034585511427,False
00021996_009,-0.030566009869898214,True
00021997_000,0.049549160143941284,False
00022006_000,0.08476452049810068,False
00022024_002,0.12862113753926468,False
00022097_000,-0.01714420935849481,True
00022098_010,-0.10621465084380732,True
00022106_011,0.04294660683843404,False
00022118_000,0.05453205487446444,False
00022132_000,0.07168755450755199,False
00022137_000,0.12052551775132758,False
00022141_024,0.03552406316127482,False
00022144_007,0.12259654666413516,False
00022152_000,0.11131590935536578,False
00022159_000,-0.0058713347946588446,True
00022166_001,0.02326780142723517,False
00022173_000,0.12561563326940312,False
00022187_004,0.05182101959323765,False
00022190_000,0.11003503252939445,False
00022192_012,0.09906155936330396,False
00022192_021,0.08363583735081159,False
00022192_032,0.03308411755991364,False
00022208_000,-0.03784737815224137,True
00022208_005,0.05241133417333149,False
00022208_010,-0.0010721976003692513,True
00022234_000,0.1270507571198793,False
00022237_024,0.08028664101716881,False
00022245_003,0.11508675144045499,False
00022245_016,0.10921254993854324,False
00022251_000,0.11364727822811305,False
00022257_000,0.07098219651373622,False
00022276_000,0.10246552027450007,False
00022281_000,0.0808139218087599,False
00022283_029,0.057823747465317765,False
00022290_000,0.07628974651061798,False
00022290_006,0.061683294046228465,False
00022290_018,0.07445709776819442,False
00022301_003,0.11910188204194655,False
00022309_000,0.08428584213970447,False
00022310_006,0.0764153935905571,False
00022310_008,0.10224148206882405,False
00022312_001,0.13199438628634969,False
00022316_000,0.1135744184141842,False
00022319_000,0.06928545444271672,False
00022320_000,0.09474855010436872,False
00022324_000,0.1173775230993106,False
00022333_000,0.11798711463885381,False
00022335_011,0.09169741440044715,False
00022335_018,0.04723472843915444,False
00022335_021,0.034999763087257496,False
00022340_000,0.07071016967921628,False
00022345_003,0.13414311253076228,False
00022357_001,0.0793654340757523,False
00022362_000,0.05048600478536486,False
00022374_005,0.12995742796682325,False
00022384_000,0.12605211597446753,False
00022402_002,0.04138059166559854,False
00022416_002,0.11596587172589606,False
00022416_039,0.09529913853267974,False
00022416_068,0.08996720552984971,False
00022427_001,0.0592219416590925,False
00022431_002,0.12650923690430227,False
00022442_002,0.05946150828244445,False
00022444_002,0.12268020649411321,False
00022449_001,0.12278969338288043,False
00022457_003,-0.06982322287690945,True
00022458_013,-0.03873384627612986,True
00022458_015,0.06291096504911747,False
00022461_000,0.07405132225876021,False
00022481_002,0.10338482303510554,False
00022481_008,0.005648182908551236,False
00022499_002,0.08171428621489085,False
00022499_003,0.035873591730777143,False
00022523_000,0.11712035206645044,False
00022526_006,0.04906841327515715,False
00022528_004,0.03285415101027894,False
00022537_001,0.110893975106373,False
00022539_000,0.03785733347033737,False
00022540_000,-0.056818100349455336,True
00022569_000,0.1246564576717647,False
00022572_037,0.034405312997650817,False
00022572_045,0.050226219405214045,False
00022572_049,0.07085412600206664,False
00022572_053,0.1263036320054245,False
00022572_057,0.05685616655465536,False
00022574_000,0.08615403710878072,False
00022578_001,0.0404318235083862,False
00022590_000,0.10978819861240358,False
00022594_000,0.12177059997946887,False
00022596_006,0.05534526647122634,False
00022596_008,0.10460112952626827,False
00022599_000,-0.09030760787814196,True
00022600_001,0.08357093325775006,False
00022604_014,0.05155688308286943,False
00022611_005,0.08869004262526148,False
00022633_000,0.1081289203428687,False
00022640_000,0.051780544498762404,False
00022668_000,0.10732949341340337,False
00022669_000,0.10235195065875569,False
00022670_001,0.03129095536159998,False
00022672_009,-0.05528642944208817,True
00022684_006,0.12447862120141945,False
00022693_000,0.12740743967484053,False
00022707_004,0.06716232698009444,False
00022708_006,0.11116235893563836,False
00022717_002,0.012515487813700765,False
00022720_003,0.11440337599145978,False
00022726_009,0.0514320165979304,False
00022726_019,0.10719756008189485,False
00022727_000,-0.009145330948000074,True
00022729_001,0.04767377076192175,False
00022734_001,0.05270753352187019,False
00022741_000,0.07599811489904107,False
00022750_000,0.1073596402671485,False
00022753_000,-0.03713134287080977,True
00022762_000,0.08867049854292886,False
00022763_000,0.05200611510202785,False
00022764_005,0.07350622408837815,False
00022766_000,0.04914069558142253,False
00022775_004,0.10238634127210433,False
00022776_013,0.08688503672568865,False
00022780_000,0.09733371829200971,False
00022785_004,0.05594665288478651,False
00022813_000,0.09371944619550099,False
00022815_025,-0.19956057095583635,True
00022815_077,-0.24756642448283805,True
00022815_080,-0.18138096586739927,True
00022816_000,0.10810668908331139,False
00022816_006,0.06916469218520155,False
00022820_000,0.12242455551938947,False
00022825_001,0.00304802976432883,False
00022826_002,0.0628250721274729,False
00022829_000,0.11867566893463,False
00022829_002,0.10262573949960035,False
00022830_001,-0.01895741660837791,True
00022832_002,0.006226599312808889,False
00022837_009,0.10984333329074747,False
00022841_001,0.09219721290693206,False
00022843_000,0.12331106178993856,False
00022846_000,0.020939128695503684,False
00022854_000,0.11643425546463332,False
00022857_002,0.0372877892793374,False
00022869_005,0.08448948785622878,False
00022870_004,0.08773015834719461,False
00022870_007,0.012040573647481179,False
00022877_014,0.08028289189836019,False
00022877_024,0.05357811838444604,False
00022880_002,0.12211159907366825,False
00022881_001,-0.09469411048213805,True
00022881_006,0.00464576947747064,False
00022881_008,0.029516600701532225,False
00022883_002,0.13141880304412557,False
00022883_006,0.03301591339045579,False
00022884_000,0.11993544215312885,False
00022893_000,0.08491018329784655,False
00022914_003,0.030883358848505293,False
00022919_002,0.12310779380240622,False
00022931_000,0.04817185828736509,False
00022943_003,0.09391785881233045,False
00022947_001,-0.05254110809332746,True
00022962_000,0.062420874254052294,False
00022963_000,0.10635751774118918,False
00022977_016,0.09755223699492305,False
00022977_017,0.13144165327881335,False
00022993_015,0.07187466426459277,False
00023008_000,0.08951516365957579,False
00023009_003,0.040311442204377324,False
00023009_006,0.03755604468174073,False
00023033_002,0.049756360498368124,False
00023033_010,0.03936584657039066,False
00023047_000,0.11053198212106397,False
00023057_000,0.09027076127639544,False
00023065_002,-0.012844158377800063,True
00023065_031,0.010042779338505836,False
00023069_002,0.04103015488238704,False
00023073_001,0.07859455738717902,False
00023074_001,0.07761098713966391,False
00023075_036,0.12630720120776895,False
00023078_007,0.11240849827917271,False
00023085_006,0.08917019938983756,False
00023089_004,0.10078427843918053,False
00023097_001,0.08719089698500643,False
00023111_009,0.10546520329477166,False
00023128_004,-0.07136871265926636,True
00023128_026,-0.04807231662314415,True
00023138_005,0.05085549638332093,False
00023140_006,0.050541704296382495,False
00023146_000,0.07563018775821084,False
00023152_000,0.12044169706309615,False
00023154_000,0.10496034857726289,False
00023156_019,0.06528614068218996,False
00023157_000,0.12455895959836605,False
00023160_006,0.0910504574029411,False
00023162_023,0.07734662407768983,False
00023173_003,0.1223956198889029,False
00023176_018,-0.08012640140682814,True
00023179_004,0.11743636817869274,False
00023179_005,0.1172245362548795,False
00023180_000,0.087330835719931,False
00023190_011,0.08941520540037834,False
00023191_000,0.07779317267116903,False
00023203_002,0.03904494542667669,False
00023209_000,0.08299555193441449,False
00023211_008,0.09183228872074245,False
00023211_026,0.10792635366598696,False
00023216_000,0.046717260562215535,False
00023219_000,0.11851444119798621,False
00023260_003,0.05071618731754968,False
00023260_004,0.09746183945170123,False
00023269_003,0.11165370813326081,False
00023271_009,0.03733905233362517,False
00023273_000,0.12647274958158383,False
00023276_000,0.12417470872586622,False
00023279_000,0.10584015980916361,False
00023296_000,0.07571057412860316,False
00023297_003,0.03553377705961347,False
00023309_007,0.12056358201108819,False
00023309_008,0.07191811899442702,False
00023309_012,0.03940400079112627,False
00023309_015,0.019915400529389837,False
00023309_016,0.03320232580983462,False
00023309_018,0.032185195524150945,False
00023311_003,-0.09542509011948008,True
00023313_000,0.125375540105912,False
00023315_000,0.06729536004685566,False
00023316_004,0.12070369562999206,False
00023320_000,0.0957062289985795,False
00023323_001,0.10673964846394779,False
00023325_019,-0.13731913740472124,True
00023325_027,0.06088071635268444,False
00023359_000,0.09842185324150499,False
00023414_000,0.11070358397657681,False
00023435_002,0.12740977350579463,False
00023451_000,0.12673943626071332,False
00023487_007,0.12965937177380626,False
00023487_008,0.0827215313673213,False
00023490_000,0.11838797530392925,False
00023498_006,0.08116713363354433,False
00023522_000,0.13086823186901847,False
00023526_000,0.12319209964545524,False
00023587_000,0.1137096510445717,False
00023594_000,0.11414700037903913,False
00023632_000,0.03543395557097623,False
00023639_000,0.13354756813464036,False
00023651_000,0.12615850753614305,False
00023655_000,0.12321608642286297,False
00023665_000,0.12122863693415181,False
00023684_003,0.008619933790319279,False
00023689_000,0.07566066753173162,False
00023722_002,0.09836066974682756,False
00023738_000,0.03753879517524711,False
00023753_000,0.03681056780080416,False
00023770_000,0.1268196046702023,False
00023791_001,0.12486636892246128,False
00023792_000,0.07491172430506371,False
00023816_000,0.024877953824632648,False
00023818_000,0.09694923302757319,False
00023828_000,0.054070961545614415,False
00023853_000,0.12313935312388935,False
00023875_000,0.11323290599094349,False
00023883_000,0.12388397309603372,False
00023907_000,0.10591668368943086,False
00023916_000,0.11634208877843955,False
00023918_000,0.1185765449087463,False
00023943_000,0.1013676107951399,False
00023949_000,0.12417304472480867,False
00023956_000,0.12301331899958101,False
00023972_000,0.12838574524406376,False
00023982_000,0.11630241050224044,False
00023997_000,0.09428475579319845,False
00024012_000,0.12345067323635056,False
00024025_000,0.120673716194515,False
00024040_000,0.08909483437523885,False
00024080_000,0.12200814105829694,False
00024103_000,0.0187426627808977,False
00024107_000,0.08760377121176821,False
00024121_000,0.04702773630457252,False
00024122_000,0.13075896720013497,False
00024129_001,0.12860221749558426,False
00024139_000,0.09829364481512343,False
00024145_000,0.128600222516763,False
00024178_000,0.06965745261878781,False
00024194_000,0.03194092566024681,False
00024216_000,0.09672392362643506,False
00024265_000,0.12552256754512126,False
00024271_000,0.0438074971866696,False
00024300_000,-0.08966253437348026,True
00024301_000,-0.06548026648102978,True
00024310_000,0.10830744845725038,False
00024318_000,0.09131683067398433,False
00024326_000,0.1014795282936633,False
00024328_000,0.11475558380954465,False
00024360_000,0.11582284378947338,False
00024383_000,0.13467952186362736,False
00024416_001,0.12433098997746395,False
00024458_000,0.07320589555413076,False
00024461_000,0.12953251209851174,False
00024471_000,0.12824271021197742,False
00024523_000,0.12090752569113289,False
00024525_000,0.1144368890607032,False
00024537_000,0.11348861886743167,False
00024545_000,-0.03603769511203592,True
00024566_000,0.12447771268181279,False
00024581_000,0.11962751536194022,False
00024592_000,0.08646509585713363,False
00024611_000,0.06630975644591636,False
00024615_000,0.04257732017356958,False
00024625_000,0.10042967438502681,False
00024649_000,0.09304110760774958,False
00024671_000,0.09981221420930209,False
00024674_000,0.05550847277756532,False
00024680_000,0.0870131826234889,False
00024725_000,-0.05238555475356488,True
00024726_000,0.013387574621099518,False
00024728_000,-0.07608524449443843,True
00024740_000,0.10064143404552878,False
00024749_000,0.12282177926858706,False
00024752_000,-0.009720120755361772,True
00024807_000,0.10540823024033591,False
00024821_000,0.07401292771232948,False
00024823_000,0.10785062143368296,False
00024839_000,0.011136787572178009,False
00024843_000,0.09524585309517752,False
00024851_000,0.10534964336625147,False
00024885_000,0.11651145986205741,False
00024891_000,0.1227801102460711,False
00024904_000,0.10501575949537334,False
00024905_000,0.12561877867593063,False
00024962_000,-0.040713585398892915,True
00024964_000,0.11855260427418879,False
00025013_000,0.08914208375874244,False
00025033_000,0.09231819937117663,False
00025045_000,0.01170787513828292,False
00025047_000,0.05480928980019012,False
00025070_000,0.06704073980090369,False
00025081_007,0.05677491620928443,False
00025087_000,0.12032221688859485,False
00025094_000,0.1194355728035481,False
00025102_000,0.12480008544880056,False
00025103_000,0.12312424912500275,False
00025109_003,-0.009065436941444793,True
00025115_000,0.11205582619595311,False
00025117_002,0.13195022597280692,False
00025119_006,0.019743397787225336,False
00025124_001,0.07009698250896518,False
00025133_001,0.1288061164591091,False
00025142_000,0.12524104989051715,False
00025153_000,0.12575510670281959,False
00025163_000,0.06740844892733666,False
00025169_001,0.10180638873756559,False
00025169_005,0.09443308431332631,False
00025181_006,0.10896087943664162,False
00025181_009,0.013240047557750878,False
00025181_014,0.01869202689821431,False
00025189_005,0.04447238921008845,False
00025200_002,0.11635385844105295,False
00025230_001,0.07352381189617191,False
00025233_000,0.0971135006076061,False
00025234_000,0.05822198418777652,False
00025238_004,0.1286149446567959,False
00025238_008,-0.03402075290205042,True
00025238_019,0.07827068175569174,False
00025252_008,-0.014229168304368822,True
00025252_011,0.026667757148022886,False
00025252_015,0.055216470002811546,False
00025252_022,0.08355706597769064,False
00025252_048,0.03785209559775127,False
00025252_074,-0.00975398685307527,True
00025253_001,0.1134704297286609,False
00025260_000,0.1024006597814866,False
00025290_015,0.057578577217394844,False
00025290_036,0.03291242725699289,False
00025295_002,0.07977770432932985,False
00025303_002,0.04116808730775812,False
00025303_021,0.0175627254478814,False
00025303_037,-0.011652085793282252,True
00025307_000,0.10971459387757238,False
00025315_000,0.088300611616773,False
00025322_001,0.10863255888639167,False
00025328_000,-0.005910248071735569,True
00025337_000,0.11910485849872637,False
00025355_000,0.11912236929685627,False
00025358_000,0.12285426977892722,False
00025360_002,-0.07022157494711401,True
00025360_008,0.05832421204183119,False
00025368_010,0.12716883510176974,False
00025368_032,0.10111172642140798,False
00025369_000,0.12543308576461826,False
00025380_000,0.11302123686835269,False
00025381_006,-0.03619217880462855,True
00025386_000,0.0717280358727943,False
00025387_002,0.04619758265996571,False
00025388_000,0.10577856255360757,False
00025391_004,0.08228050886800709,False
00025394_002,0.03952898328100363,False
00025419_000,0.019832922950970555,False
00025423_000,0.10813159671597444,False
00025426_003,0.11233632387739478,False
00025442_001,0.11659339126728896,False
00025444_007,0.07077139876130406,False
00025444_013,0.038498155990468685,False
00025445_000,0.007351727067088032,False
00025448_001,0.09245645735915725,False
00025454_014,0.12721273801100225,False
00025456_004,0.012814885304196888,False
00025461_001,0.035378201320694525,False
00025464_000,0.10443624956157843,False
00025465_001,0.1262951428046088,False
00025467_000,0.09554042546768893,False
00025473_006,0.07614853979913982,False
00025480_000,0.1242444147572902,False
00025485_000,0.1066251377808663,False
00025499_000,0.12750712671816467,False
00025505_001,0.09880142308904843,False
00025505_004,0.03683338525696894,False
00025514_008,0.12233905072552764,False
00025523_000,-0.20756320455660993,True
00025527_002,0.01104240475190238,False
00025529_001,0.10305999185471504,False
00025529_013,0.052877519367075854,False
00025537_001,0.10820304651209822,False
00025542_004,0.06744488226675133,False
00025543_007,-0.035070437319911774,True
00025543_011,0.055147345514838964,False
00025545_001,-0.03234683139399297,True
00025554_000,0.054030664631484704,False
00025556_013,-0.057597249997294875,True
00025561_009,0.04381305053306672,False
00025580_011,-0.01519742003493152,True
00025603_007,0.11444165275640583,False
00025610_000,0.08904343296967498,False
00025621_007,0.08765564869146836,False
00025621_012,0.03889708063410274,False
00025623_007,-0.09747152386968605,True
00025624_002,0.060346453311992954,False
00025628_020,0.045611382610810325,False
00025634_000,-0.004175806011315841,True
00025640_002,0.031657881821001266,False
00025642_000,0.1010646749400812,False
00025652_002,0.11788560352750183,False
00025656_008,0.03309897967058589,False
00025662_001,0.03816527298751954,False
00025683_004,0.054024179338914013,False
00025695_006,0.12115570327944297,False
00025707_007,-0.03537022773111398,True
00025707_009,0.04772644606284643,False
00025717_000,0.08474330613616265,False
00025718_001,0.05799345051037175,False
00025729_000,0.09880508666361904,False
00025746_005,0.03590113811182105,False
00025746_013,0.04085918460386445,False
00025752_001,-0.018547936542750554,True
00025761_001,0.03877577476015942,False
00025787_003,0.08039956870679155,False
00025787_012,0.025625177435737556,False
00025787_031,0.09796904735127998,False
00025798_000,0.08598549349453677,False
00025811_004,0.02298129527575027,False
00025812_004,0.11705480930569284,False
00025813_000,0.1191041646730529,False
00025825_000,0.07993473492017394,False
00025825_002,0.05609009228625256,False
00025831_000,0.09069255846563523,False
00025832_009,0.1324098578568501,False
00025839_004,0.04326127492733001,False
00025839_019,0.008587449565416017,False
00025841_002,0.09803157536658125,False
00025844_010,-0.07321724173839184,True
00025846_001,-0.029985854639430376,True
00025849_037,0.07648417684090303,False
00025849_043,0.037778154163499,False
00025849_047,0.08308695141110167,False
00025849_052,0.06305467946669119,False
00025861_000,0.12335536640777445,False
00025862_001,-0.06531168763765582,True
00025877_012,0.08085141425114811,False
00025884_002,0.02642742823773825,False
00025888_001,0.11297776921579761,False
00025892_000,0.10819221448346844,False
00025913_000,0.0254018588980634,False
00025923_001,0.1240395439159675,False
00025924_017,-0.0176810099633109,True
00025929_000,0.11892218024315038,False
00025953_000,0.06643871261614787,False
00025954_008,0.04565840265368576,False
00025954_018,0.10437814920172844,False
00025958_001,-0.1520303252191898,True
00025961_000,0.1291704668841629,False
00025964_004,0.06103117145196313,False
00025968_000,0.06456237846997626,False
00025974_000,0.11054091663509635,False
00025977_007,0.041142751784137344,False
00025993_000,0.007584598552679955,False
00025994_005,0.04853857036021547,False
00025997_002,0.054035342462312896,False
00026004_007,0.027502304061019833,False
00026013_002,-0.0025610200082351042,True
00026020_000,0.12772001051073717,False
00026022_000,0.08135798918290377,False
00026024_004,0.04340479302163919,False
00026031_003,0.009105404723564525,False
00026033_000,0.04516624971808847,False
00026040_000,0.1218882780669937,False
00026050_009,0.12292210415669663,False
00026053_000,0.12271495978838493,False
00026068_000,-0.009311704010277255,True
00026072_007,0.12519436063019906,False
00026073_003,0.0070065439724970036,False
00026078_009,0.021813318386212532,False
00026096_000,-0.007587569186023546,True
00026099_009,0.0316607927312576,False
00026099_043,0.012402118821790376,False
00026105_000,0.056016105469891664,False
00026109_004,0.07871784609563526,False
00026110_001,0.11249440057000087,False
00026120_001,0.06581218501554992,False
00026127_004,0.00744469407161763,False
00026130_000,0.10463666474198874,False
00026132_000,-0.0669380892316015,True
00026132_010,0.06292811405045029,False
00026132_019,0.09764469818556865,False
00026132_026,0.1037848373441615,False
00026132_029,0.07430746571742308,False
00026136_003,0.08579089305094223,False
00026137_002,0.12685251533371905,False
00026139_002,0.11169418074789694,False
00026157_002,0.12258866586621225,False
00026167_009,0.06586311964723313,False
00026179_003,0.05999297993916708,False
00026179_005,0.05308061913780654,False
00026194_005,-0.04838886852887292,True
00026199_004,-0.023036027790292457,True
00026201_004,0.12428140104887148,False
00026204_015,-0.04745348356170864,True
00026204_016,0.12193133868019829,False
00026219_000,0.1169674153226598,False
00026221_010,0.0701537378557201,False
00026222_009,0.062375444302733174,False
00026232_032,-0.04873996496148536,True
00026232_036,-0.12453760115761925,True
00026235_000,0.10006092933791638,False
00026236_001,0.11937330030844973,False
00026236_021,0.10631755848530822,False
00026258_000,0.08540957242016406,False
00026261_005,0.06762557459273894,False
00026275_009,0.0528906357274786,False
00026282_000,0.019571019767245457,False
00026305_001,-0.023314434287570962,True
00026318_000,0.07886128519341218,False
00026320_003,0.09188152567494501,False
00026321_001,0.04379906069421918,False
00026333_000,0.08213528217884736,False
00026336_001,0.11563839312878904,False
00026341_003,0.13065807379569594,False
00026342_000,0.08188970582033195,False
00026345_000,0.05762055634462532,False
00026346_018,0.07456082772211914,False
00026349_006,0.09341421507344205,False
00026357_000,-0.07139472217260989,True
00026372_003,-0.017155916199345422,True
00026374_009,0.057842400982691056,False
00026399_010,0.08210883548865822,False
00026400_000,0.09708166621069231,False
00026411_000,0.02296824217868415,False
00026412_019,0.026323115115539197,False
00026426_003,-0.09566696558136001,True
00026432_004,0.09341195265965352,False
00026451_019,0.038052934332434674,False
00026451_027,-0.00012495917640842347,True
00026466_002,0.08682896078384339,False
00026469_007,0.033274564852292465,False
00026473_000,0.0004648552031489839,False
00026480_004,0.08927046569891506,False
00026513_002,0.07767837574598457,False
00026524_002,0.06936434836725125,False
00026541_000,0.11473603416114775,False
00026546_015,0.11997128697049048,False
00026555_000,0.0931788311881086,False
00026560_010,0.04978002166960699,False
00026562_011,-0.02252877253458707,True
00026573_005,0.012850673765958887,False
00026586_001,0.0486058096787364,False
00026586_008,0.12059245055699108,False
00026597_010,-0.07745771420044323,True
00026599_000,-0.08401538852141588,True
00026602_000,0.11789650882886832,False
00026625_005,0.07842062686250129,False
00026638_005,0.04006841444423692,False
00026652_001,0.03587157497871907,False
00026670_001,0.10475283035557992,False
00026683_004,0.10206562736607538,False
00026684_002,-0.05019248031338508,True
00026702_000,0.08573430598474024,False
00026713_007,0.004249648737852385,False
00026713_009,-0.17190819751195707,True
00026733_000,0.09978719657114254,False
00026738_007,0.027506412513066958,False
00026740_000,0.13155255663177629,False
00026773_000,0.08850023754433939,False
00026774_000,-0.09870532563957524,True
00026777_000,0.07874973474426711,False
00026785_002,0.026592437090475207,False
00026785_010,0.11493917881427951,False
00026793_004,0.11587539721689488,False
00026798_002,0.07477094033332932,False
00026810_011,0.03874189183051324,False
00026810_013,0.11844706179097542,False
00026810_016,0.11756993422643686,False
00026810_023,0.06478979843748023,False
00026810_024,0.04560427163613012,False
00026815_004,-0.007242530942866976,True
00026815_005,-0.04267605803171792,True
00026818_024,-0.06786502154061691,True
00026820_002,0.09145093916124497,False
00026825_006,0.06790396794177728,False
00026825_017,-0.07414643855469416,True
00026828_001,0.018191780409292813,False
00026836_001,0.08424985822273146,False
00026843_001,0.0872686166970314,False
00026848_022,0.0656991168792701,False
00026848_033,0.07853102010251928,False
00026860_004,0.010223879206776587,False
00026865_000,0.08468124689326362,False
00026876_001,0.04944260650119214,False
00026876_003,-0.06772721564549933,True
00026886_010,0.0670981978826588,False
00026904_004,0.05683153272924579,False
00026908_010,0.020615797830383198,False
00026911_008,-0.07001220210506676,True
00026925_003,0.0025243932685106163,False
00026925_005,0.060552593864775905,False
00026928_001,0.09257900921618745,False
00026946_001,-0.031742832818846045,True
00026954_005,0.025036475127425017,False
00026963_019,0.040989778277754185,False
00026963_026,0.09670656020293189,False
00026968_001,0.0017942634699474325,False
00026970_002,0.09106110726335709,False
00026971_023,0.03299007793319403,False
00026975_002,-0.0016768100197541713,True
00026977_000,0.04088142189755162,False
00026994_002,0.11908136973289984,False
00026997_001,0.12242659011380863,False
00027001_001,-0.019439402456114085,True
00027006_000,0.055714093484108884,False
00027017_000,0.1102800567520068,False
00027017_002,0.02559674992086708,False
00027028_002,-0.05597796165132074,True
00027028_008,0.08679721882642016,False
00027036_001,-0.07382708055336928,True
00027038_003,0.027018228362885033,False
00027045_001,-0.05963980535544444,True
00027045_002,0.0794287998358505,False
00027057_000,0.11292197668330439,False
00027066_004,0.03201472062418936,False
00027066_012,-0.016125618127373453,True
00027073_000,0.08346227578291754,False
00027075_001,0.10423091893479575,False
00027079_012,0.07397657978920319,False
00027081_000,0.11094263082330436,False
00027089_001,0.12258375657351844,False
00027093_001,0.0294993479023134,False
00027100_000,0.03002324372937154,False
00027108_005,0.012807918304370558,False
00027108_014,0.07428398510922601,False
00027110_000,0.12202517032976873,False
00027128_001,0.06755245090968492,False
00027130_000,0.11267168318875193,False
00027165_000,0.12701643256830603,False
00027168_000,0.05029239143103986,False
00027168_001,0.10344482912336012,False
00027199_006,-0.06184856458352095,True
00027211_000,0.1062586027166143,False
00027211_003,0.07358657531536816,False
00027213_017,-0.010563026779764284,True
00027213_025,0.0263853395753324,False
00027213_029,0.030478482688309994,False
00027213_046,0.03646112777680671,False
00027213_067,0.05014772848785576,False
00027213_076,0.020316947381112394,False
00027213_086,0.03236191002856709,False
00027229_000,0.12101597979456497,False
00027235_000,0.08572682100890905,False
00027236_000,0.0837362397317018,False
00027242_001,0.09666070408068678,False
00027250_000,0.019432168541968997,False
00027278_006,0.06471317933212972,False
00027278_008,0.07517437978628339,False
00027285_002,-0.019520345160912833,True
00027290_000,0.08497139200284909,False
00027295_000,0.12161512187911044,False
00027298_001,0.11643551103633148,False
00027300_000,0.11430882630914929,False
00027311_001,0.021649772436599102,False
00027314_000,0.09283352367651088,False
00027316_000,-0.03771910723592009,True
00027320_011,0.11469795988325066,False
00027320_014,0.12621491357075382,False
00027320_015,0.12729544330133563,False
00027337_000,0.09409165185000307,False
00027338_000,0.11343121698132042,False
00027355_005,-0.0360058928422089,True
00027355_009,0.007671220047957228,False
00027368_005,0.02948932273854571,False
00027370_001,0.12164066377468818,False
00027389_010,0.049826604165601085,False
00027394_000,0.05337211710888662,False
00027397_000,0.055969671389423103,False
00027399_000,-0.21262755190674143,True
00027415_025,0.037990846207469786,False
00027415_045,0.03995458007053304,False
00027415_061,0.030725994185162753,False
00027415_077,0.04154378114247975,False
00027415_079,-0.05663722879752375,True
00027420_002,0.12310715714434389,False
00027427_001,0.12150413891277828,False
00027427_011,0.023561540893468624,False
00027446_002,-0.04591236913226826,True
00027455_005,0.0615734676340286,False
00027464_033,0.06296860979737529,False
00027479_007,0.06789375941644771,False
00027492_000,-0.01823377854086683,True
00027498_000,0.08576283613917729,False
00027536_001,0.046138971844974785,False
00027542_011,0.12930309042847116,False
00027553_001,0.03237232286822045,False
00027565_000,0.07877030949593794,False
00027566_002,0.10959540483327979,False
00027584_002,0.1021368563720857,False
00027584_008,0.10591472196080287,False
00027589_001,0.0606325554345134,False
00027597_000,0.12479825820740947,False
00027615_000,-0.06941181763841509,True
00027617_001,0.011174229558720161,False
00027621_000,0.06729887305593218,False
00027630_001,-0.11735531514445108,True
00027642_002,0.07290015949535134,False
00027648_004,-0.0019611254904385866,True
00027648_010,0.1229819935217562,False
00027652_003,0.03825535993249651,False
00027652_007,0.12233016354357212,False
00027656_001,-0.012315631704513108,True
00027657_003,0.0726170211542671,False
00027659_000,0.026895645926102274,False
00027676_007,0.12157795980378344,False
00027680_000,0.12584641881609276,False
00027683_000,0.03256560061276326,False
00027706_014,0.04574588367691351,False
00027708_000,0.12334245244332043,False
00027725_018,0.09931665750820434,False
00027725_059,0.0357346071192326,False
00027725_073,-0.029553225106041636,True
00027726_003,0.04501188955245322,False
00027726_004,0.021082220350346126,False
00027726_013,0.00145823163669756,False
00027726_025,-0.10856401704550278,True
00027726_050,0.03900314717970854,False
00027726_057,0.0887933709546107,False
00027726_060,0.021640542295642662,False
00027735_001,-0.08541893990040139,True
00027743_000,0.09271898693758873,False
00027748_000,0.10323311398180302,False
00027757_000,0.06337626186158812,False
00027757_002,0.035913765424195165,False
00027763_001,0.03834053081417793,False
00027765_000,-0.24948971608200388,True
00027782_002,0.11672053827879053,False
00027784_004,-0.07216239260324564,True
00027784_008,-0.056582703947591684,True
00027833_015,0.05796585545261279,False
00027833_018,0.09121906659445062,False
00027861_001,0.004782834384880585,False
00027872_000,0.05454718467375669,False
00027874_000,0.12970319811494646,False
00027889_000,0.12250558842165321,False
00027905_002,0.06263655068356505,False
00027908_002,0.08275846855281177,False
00027908_003,0.041799467581157046,False
00027912_008,-0.05551473512938998,True
00027929_001,0.046292410830561515,False
00027930_002,0.08339198817448906,False
00027961_000,-0.05419009779386985,True
00027971_000,0.1268749594422242,False
00027977_000,0.0627748692369382,False
00027978_000,0.12833249266644658,False
00027997_002,0.007964584263856822,False
00028000_000,0.12612251214213088,False
00028000_001,0.12410259046174543,False
00028013_003,0.0015221435160271968,False
00028023_000,0.10155691879415873,False
00028039_000,0.11069075548371937,False
00028039_001,0.086792167653504,False
00028043_000,0.122814847005778,False
00028044_005,0.03630970625312169,False
00028052_000,0.11956286166084557,False
00028063_002,0.009545165446991188,False
00028069_003,0.12640370558839348,False
00028081_003,-0.04011586709453441,True
00028081_012,-0.11847557149394705,True
00028082_000,-0.035940399674841195,True
00028095_000,-0.08064603979835927,True
00028105_001,0.04294431468401877,False
00028109_000,0.11321997633471087,False
00028117_000,0.08979161344366127,False
00028127_000,0.06824836363452508,False
00028131_006,-0.012384956456709562,True
00028131_008,0.050883812028579556,False
00028142_000,0.022181550111496195,False
00028147_000,0.12460862310217385,False
00028148_017,0.03751519868990111,False
00028156_000,0.04290378998416283,False
00028158_000,-0.04299541853313671,True
00028181_000,-0.0800373591393253,True
00028182_000,-0.06897725888566775,True
00028192_001,-0.06941940414423087,True
00028207_001,0.02025564970639787,False
00028208_004,0.08367445384733524,False
00028208_036,-0.054637408008371025,True
00028210_000,0.0923536596555678,False
00028211_016,0.03924347456749383,False
00028219_002,0.11614910871871809,False
00028223_000,0.06788388304798587,False
00028232_002,0.00692435227885696,False
00028249_000,0.0311075163763343,False
00028253_007,-0.011067884472050538,True
00028258_002,0.08648056385031261,False
00028271_003,0.07014414128729979,False
00028290_003,0.050080065363683646,False
00028295_000,0.08595961765767463,False
00028298_000,0.0853557439293835,False
00028317_007,0.038806874743270436,False
00028317_012,-0.11754753629327253,True
00028324_000,0.08985504193117533,False
00028324_001,-0.020491822451642272,True
00028336_000,0.1211756113795297,False
00028350_001,0.09840062898632862,False
00028353_000,-0.08119934689054831,True
00028357_029,0.07487794250384411,False
00028357_037,0.015118592162411737,False
00028392_000,0.06432243600643334,False
00028402_000,0.06334452948916064,False
00028410_000,0.10107126599155908,False
00028431_001,0.08348925255342327,False
00028432_000,0.06659084766193174,False
00028433_006,0.07539244014079771,False
00028456_000,0.09324866158759931,False
00028457_000,0.09205065975243915,False
00028477_000,-0.06327621227198266,True
00028485_006,0.07194663126714634,False
00028489_000,-0.19129632476510205,True
00028504_000,-0.03993842204580356,True
00028505_012,-0.005930323064981535,True
00028509_006,-0.009847509599537951,True
00028509_010,0.07141354412730566,False
00028509_038,-0.1275007018725055,True
00028509_040,0.010331696481195751,False
00028518_003,0.08612453513878382,False
00028518_020,0.05473388358654574,False
00028518_025,-0.023590433209066064,True
00028519_000,-0.07289333602955017,True
00028522_000,0.09458655066502852,False
00028523_026,0.015048965316659502,False
00028529_001,0.010117119484248982,False
00028539_000,-0.08918375019958258,True
00028544_008,-0.010463766027838162,True
00028544_013,-0.012459572473246583,True
00028544_014,-0.014168434528742835,True
00028545_002,0.04385630104652688,False
00028572_001,-0.08280980704066765,True
00028572_015,-0.08307676887272286,True
00028579_005,-0.006205410301133307,True
00028582_011,-0.09463704577722942,True
00028592_000,0.08122868657384896,False
00028592_001,-0.07630398123745474,True
00028593_003,-0.03456561066431485,True
00028601_000,0.04324637003022619,False
00028628_006,-0.0728584910449982,True
00028628_010,-0.022431906703200943,True
00028628_019,0.04591847260179355,False
00028628_020,-0.023943189430954748,True
00028640_004,-0.06976300656844248,True
00028661_004,-0.04496550988489123,True
00028661_006,-0.014541332772356474,True
00028680_000,-0.024022295109148217,True
00028682_004,-0.040548274548620755,True
00028684_003,0.0713022433708781,False
00028690_000,0.014493604859342202,False
00028696_001,0.11380469320270364,False
00028698_000,-0.03474517333508065,True
00028705_000,-0.0309522841758747,True
00028725_001,-0.08113736208902855,True
00028725_002,0.06499959970869496,False
00028727_000,-0.09375453989657112,True
00028730_000,-0.003377390905559885,True
00028739_000,0.11420795716847965,False
00028755_000,-0.07990828515394799,True
00028757_000,-0.028293408564980083,True
00028762_001,-0.021820081110851763,True
00028765_020,-0.010012896490338874,True
00028770_000,-0.05238834889385746,True
00028774_005,0.06317197282665465,False
00028774_007,0.022017573015894465,False
00028774_012,0.0782403698978481,False
00028774_021,-0.07645935238418933,True
00028774_031,0.08564793886397076,False
00028795_007,0.03783268853958721,False
00028803_000,-0.14094170367047532,True
00028803_005,-0.16929080510075722,True
00028811_007,-0.10220707824521369,True
00028833_000,0.05809592623589965,False
00028846_007,-0.09663498879376275,True
00028850_000,-0.06427529828187717,True
00028864_008,0.09714968204825597,False
00028873_001,0.04471847089269998,False
00028873_004,0.031540597651205315,False
00028873_006,0.03972587245093656,False
00028876_000,-0.021732868914517645,True
00028879_000,-0.24948716296464246,True
00028882_006,-0.04722588450237275,True
00028890_000,-0.07279853275566373,True
00028890_008,0.0936481971378395,False
00028897_014,-0.018334647145755834,True
00028902_001,0.010117119484248982,False
00028910_000,-0.07431628398186152,True
00028911_007,0.01701884114276153,False
00028912_001,0.1029155708338435,False
00028916_002,-0.006479422021083758,True
00028924_004,-0.07331642194574162,True
00028924_005,0.07549289607985799,False
00028961_003,-0.019685776914362352,True
00028961_006,-0.08320492163365012,True
00028963_001,0.047654749884825764,False
00028974_000,0.07331705831198526,False
00028974_009,0.00605588380575256,False
00028974_020,0.0901656913965021,False
00028986_000,-0.09953708019609442,True
00029016_000,-0.039740825507266764,True
00029017_003,0.046675887048763576,False
00029018_000,0.08447798109257199,False
00029027_000,0.06796691410053984,False
00029035_003,-0.0982777301270672,True
00029036_000,-0.06045510799973597,True
00029039_004,0.09286516017088392,False
00029041_001,-0.060427962306368266,True
00029043_002,-0.108677300146647,True
00029064_000,0.09386230201103302,False
00029066_000,-0.038525780438359636,True
00029088_004,0.053497118625897844,False
00029104_000,-0.016502707117016624,True
00029105_001,-0.06535091030895535,True
00029105_023,-0.08239146264323638,True
00029115_000,-0.03520559258378442,True
00029119_000,-0.21515023239236097,True
00029123_000,0.02975301580372064,False
00029124_001,-0.012826101278502922,True
00029135_004,0.043433903237389326,False
00029142_006,-0.032982302942251684,True
00029143_000,0.0532891157702583,False
00029155_002,0.03518440986518134,False
00029159_003,-0.008077300854229197,True
00029159_007,0.04403253095436521,False
00029165_008,-0.054274843886043644,True
00029174_000,0.002811350375459376,False
00029174_003,-0.2421762236122913,True
00029180_000,0.09001307729128238,False
00029188_000,0.08642895165333375,False
00029190_001,0.020015798245269667,False
00029203_001,-0.10522459831651532,True
00029207_005,-0.07409871485708286,True
00029219_000,-0.08277538297494957,True
00029225_000,-0.05418391295224134,True
00029237_000,-0.054368763994810054,True
00029244_004,-0.06692178639413138,True
00029248_000,-0.05120091909606783,True
00029259_009,0.005305432488764805,False
00029308_000,-0.040323680930933414,True
00029310_000,0.08035125414406724,False
00029328_005,-0.025048721223265735,True
00029379_000,-0.07694904554529736,True
00029380_000,0.09719381968178009,False
00029380_003,-0.034208605435159245,True
00029385_005,0.055658032270774815,False
00029388_000,-0.010426002127345124,True
00029394_000,-0.03456358220519651,True
00029395_000,-0.014368004698447456,True
00029401_002,-0.01183638523135433,True
00029408_001,-0.04379449262019419,True
00029423_002,0.04217034804931319,False
00029431_003,0.052207072134073884,False
00029437_005,-0.04949521019976466,True
00029459_004,-0.07226022405149712,True
00029464_001,-0.12104217719383403,True
00029479_003,0.06730323677280192,False
00029494_000,-0.03228922232065745,True
00029501_000,0.037637952289420074,False
00029510_000,0.11607916402627316,False
00029517_000,-0.037331892140210265,True
00029526_004,0.04931435737203299,False
00029533_000,-0.06037251929573073,True
00029537_000,-0.02979129354139265,True
00029542_000,0.059886986338211656,False
00029563_001,0.002214322451157935,False
00029567_001,-0.025957422761572424,True
00029572_000,-0.11704616198516826,True
00029579_006,0.0761701742879286,False
00029592_000,-0.03392290332588277,True
00029596_003,-0.06324320171446607,True
00029597_003,-0.08111220727125656,True
00029597_006,0.0886231654489612,False
00029597_007,0.08383488483788737,False
00029608_000,-0.04482287585151279,True
00029617_007,0.016343861955018635,False
00029621_000,-0.037446840552365024,True
00029636_000,-0.0810789995223411,True
00029644_000,-0.04366011734563724,True
00029666_001,0.058924293792968374,False
00029678_001,-0.0723257404640717,True
00029679_000,-0.039581275317178366,True
00029681_000,0.041415627128924215,False
00029697_000,-0.10448543795075471,True
00029713_001,0.08604872084159287,False
00029720_000,-0.060418061408281765,True
00029721_000,0.03608049637822486,False
00029729_000,-0.06134998123593394,True
00029730_000,0.0617054754531714,False
00029734_000,0.07635193116206379,False
00029745_001,0.035259691856225406,False
00029755_003,-0.18568167247162992,True
00029774_005,-0.00572475920924187,True
00029779_000,-0.05409268363624886,True
00029787_000,-0.09369534499249155,True
00029795_001,-0.07340169217552073,True
00029807_001,0.020577818401985803,False
00029808_001,0.03061810917095914,False
00029808_003,-0.04694022066050452,True
00029808_009,-0.05406394945573012,True
00029809_005,0.06906611438509386,False
00029813_009,0.05172954052584228,False
00029813_031,-0.017302726354743503,True
00029817_022,0.06405040274367263,False
00029819_001,0.044685995431969716,False
00029820_000,-0.04933228490755803,True
00029839_001,0.05437387511988995,False
00029851_000,0.07193023932435633,False
00029852_002,-0.0643501348633857,True
00029863_021,0.04413866919633991,False
00029867_000,-0.06030709485280106,True
00029869_000,-0.007033232909580023,True
00029880_006,-0.0742990473537869,True
00029880_012,-0.06858635123044188,True
00029891_002,0.08611916681802634,False
00029901_002,-0.004327100458920818,True
00029902_001,0.035137678566406205,False
00029908_000,-0.08032559753081725,True
00029919_000,0.10190515193281435,False
00029930_000,0.03906271668592387,False
00029940_007,0.030644821602880457,False
00029943_034,-0.017446640522299273,True
00029950_014,-0.029827720212198483,True
00029959_002,0.07131525161031049,False
00029969_000,0.02383139779470783,False
00029976_011,0.08571692904872541,False
00029981_002,-0.06524467256402877,True
00029981_006,-0.10025843669631962,True
00029998_006,-0.07402669863654698,True
00029998_010,-0.06602829496301843,True
00030015_000,-0.033594305102435884,True
00030026_002,0.039691761586332475,False
00030039_019,-0.08083959962738252,True
00030045_000,-0.041171741568863274,True
00030055_000,-0.011667867905741702,True
00030059_006,0.05834736085421405,False
00030062_000,-0.047398123705988615,True
00030075_000,-0.09010895236162042,True
00030076_000,0.07134940232678455,False
00030077_002,0.05917414848363339,False
00030079_032,0.0817386933780127,False
00030079_033,0.08582342002632337,False
00030079_046,-0.008920283785838645,True
00030079_047,0.03752493434112103,False
00030079_049,0.10840535323471734,False
00030079_052,0.023613833656207006,False
00030079_061,0.08807022919939805,False
00030091_000,0.02254268951811994,False
00030097_000,-0.05288610935561788,True
00030104_000,-0.050438034739583415,True
00030106_004,0.06528549755997592,False
00030114_000,-0.10452505729104222,True
00030120_000,-0.03417136693180356,True
00030134_000,0.05583438583294026,False
00030140_000,-0.06998135347319911,True
00030145_001,0.03561493770940444,False
00030146_002,0.03704930061617584,False
00030152_003,-0.010339923227187797,True
00030159_000,-0.055612252718562516,True
00030159_015,0.06841563972602638,False
00030167_001,0.08354232046922572,False
00030169_000,-0.08999584922201398,True
00030176_000,0.08585018313070247,False
00030182_000,-0.013369760040146006,True
00030183_004,-0.01046908250784695,True
00030196_003,-0.02301407843933878,True
00030200_001,-0.07337731660391256,True
00030209_008,-0.2175464680545247,True
00030218_001,-0.0562654149510502,True
00030220_000,0.017969808197947024,False
00030229_000,-0.01843598452293993,True
00030247_009,0.007824885187766029,False
00030247_010,0.05414408976365925,False
00030262_001,-0.07499066745813554,True
00030263_000,-0.06539869245941143,True
00030268_000,0.07405585012988652,False
00030279_010,0.08775387723042538,False
00030284_000,-0.038855211088842934,True
00030286_000,0.07485301772514663,False
00030300_008,0.10101489627373833,False
00030301_000,-0.05607405608322946,True
00030320_005,-0.23636842419345494,True
00030323_013,0.07809082131706502,False
00030323_029,0.06206254096413655,False
00030345_000,0.10210272818136823,False
00030346_001,0.09898022230565301,False
00030358_000,0.04361336094266366,False
00030370_006,0.03760124620140032,False
00030377_000,-0.04977598668463645,True
00030384_000,-0.041835500382107926,True
00030389_003,0.058484752388689054,False
00030398_000,-0.1230920621318432,True
00030408_005,0.08643847887468514,False
00030410_000,-0.08642023626134188,True
00030410_002,0.08254944143407161,False
00030418_000,-0.0998624072494424,True
00030418_001,-0.07028529575938847,True
00030419_001,0.073745969241719,False
00030427_002,-0.05657880616945865,True
00030430_000,0.031127376058206313,False
00030434_000,-0.04241425183515468,True
00030438_000,-0.09816682920130182,True
00030439_006,-0.0645442514730391,True
00030455_000,-0.037458724032421675,True
00030471_004,0.08704054724164384,False
00030495_000,-0.23951737868287382,True
00030520_000,0.005709711703733689,False
00030532_000,0.06627025266754683,False
00030532_001,-0.046012760549979936,True
00030545_000,0.014003758001931932,False
00030565_000,0.08798929729894234,False
00030573_013,0.06180497719866823,False
00030588_000,-0.059973385517801736,True
00030606_013,-0.0394102552460307,True
00030609_021,-0.08524458688657088,True
00030634_000,0.04714830802306125,False
00030635_002,-0.06512193032752789,True
00030635_007,0.08579464154898958,False
00030636_010,-0.045861517371554306,True
00030636_012,-0.07239402609697432,True
00030636_013,-0.07506078938084637,True
00030636_014,-0.06902493140567134,True
00030636_017,-0.07069368523399489,True
00030639_001,0.04890286716595621,False
00030650_002,-0.07593491586955214,True
00030695_002,-0.09678685997323488,True
00030704_000,-0.11214435566752778,True
00030712_000,-0.04990482205457991,True
00030786_005,0.05264288923660848,False
00030789_000,-0.06470289483783209,True
00030792_000,0.030580433869474954,False
00030797_000,-0.04429431984876597,True
