duplicate_type,hamming_distance,image_id_a,image_path_a,image_id_b,image_path_b
NEAR_DUPLICATE,6,00012094_022,C:\Users\manik\Downloads\Medical Image Annotation & Dataset Quality Pipeline\data\nih_sample\raw\images\00012094_022.png,00028210_000,C:\Users\manik\Downloads\Medical Image Annotation & Dataset Quality Pipeline\data\nih_sample\raw\images\00028210_000.png
NEAR_DUPLICATE,6,00015940_002,C:\Users\manik\Downloads\Medical Image Annotation & Dataset Quality Pipeline\data\nih_sample\raw\images\00015940_002.png,00029105_001,C:\Users\manik\Downloads\Medical Image Annotation & Dataset Quality Pipeline\data\nih_sample\raw\images\00029105_001.png
NEAR_DUPLICATE,6,00015031_000,C:\Users\manik\Downloads\Medical Image Annotation & Dataset Quality Pipeline\data\nih_sample\raw\images\00015031_000.png,00027725_059,C:\Users\manik\Downloads\Medical Image Annotation & Dataset Quality Pipeline\data\nih_sample\raw\images\00027725_059.png
NEAR_DUPLICATE,2,00016579_000,C:\Users\manik\Downloads\Medical Image Annotation & Dataset Quality Pipeline\data\nih_sample\raw\images\00016579_000.png,00018142_002,C:\Users\manik\Downloads\Medical Image Annotation & Dataset Quality Pipeline\data\nih_sample\raw\images\00018142_002.png
NEAR_DUPLICATE,6,00004579_004,C:\Users\manik\Downloads\Medical Image Annotation & Dataset Quality Pipeline\data\nih_sample\raw\images\00004579_004.png,00012132_003,C:\Users\manik\Downloads\Medical Image Annotation & Dataset Quality Pipeline\data\nih_sample\raw\images\00012132_003.png
NEAR_DUPLICATE,6,00008522_002,C:\Users\manik\Downloads\Medical Image Annotation & Dataset Quality Pipeline\data\nih_sample\raw\images\00008522_002.png,00019873_001,C:\Users\manik\Downloads\Medical Image Annotation & Dataset Quality Pipeline\data\nih_sample\raw\images\00019873_001.png
NEAR_DUPLICATE,6,00011669_001,C:\Users\manik\Downloads\Medical Image Annotation & Dataset Quality Pipeline\data\nih_sample\raw\images\00011669_001.png,00019092_013,C:\Users\manik\Downloads\Medical Image Annotation & Dataset Quality Pipeline\data\nih_sample\raw\images\00019092_013.png
NEAR_DUPLICATE,6,00011669_001,C:\Users\manik\Downloads\Medical Image Annotation & Dataset Quality Pipeline\data\nih_sample\raw\images\00011669_001.png,00022766_000,C:\Users\manik\Downloads\Medical Image Annotation & Dataset Quality Pipeline\data\nih_sample\raw\images\00022766_000.png
NEAR_DUPLICATE,6,00012132_003,C:\Users\manik\Downloads\Medical Image Annotation & Dataset Quality Pipeline\data\nih_sample\raw\images\00012132_003.png,00017719_002,C:\Users\manik\Downloads\Medical Image Annotation & Dataset Quality Pipeline\data\nih_sample\raw\images\00017719_002.png
NEAR_DUPLICATE,6,00016332_002,C:\Users\manik\Downloads\Medical Image Annotation & Dataset Quality Pipeline\data\nih_sample\raw\images\00016332_002.png,00019873_001,C:\Users\manik\Downloads\Medical Image Annotation & Dataset Quality Pipeline\data\nih_sample\raw\images\00019873_001.png
NEAR_DUPLICATE,6,00016736_001,C:\Users\manik\Downloads\Medical Image Annotation & Dataset Quality Pipeline\data\nih_sample\raw\images\00016736_001.png,00017719_002,C:\Users\manik\Downloads\Medical Image Annotation & Dataset Quality Pipeline\data\nih_sample\raw\images\00017719_002.png
NEAR_DUPLICATE,6,00017153_000,C:\Users\manik\Downloads\Medical Image Annotation & Dataset Quality Pipeline\data\nih_sample\raw\images\00017153_000.png,00028544_014,C:\Users\manik\Downloads\Medical Image Annotation & Dataset Quality Pipeline\data\nih_sample\raw\images\00028544_014.png
NEAR_DUPLICATE,6,00022766_000,C:\Users\manik\Downloads\Medical Image Annotation & Dataset Quality Pipeline\data\nih_sample\raw\images\00022766_000.png,00026773_000,C:\Users\manik\Downloads\Medical Image Annotation & Dataset Quality Pipeline\data\nih_sample\raw\images\00026773_000.png
NEAR_DUPLICATE,6,00000181_001,C:\Users\manik\Downloads\Medical Image Annotation & Dataset Quality Pipeline\data\nih_sample\raw\images\00000181_001.png,00009248_000,C:\Users\manik\Downloads\Medical Image Annotation & Dataset Quality Pipeline\data\nih_sample\raw\images\00009248_000.png
NEAR_DUPLICATE,6,00006642_014,C:\Users\manik\Downloads\Medical Image Annotation & Dataset Quality Pipeline\data\nih_sample\raw\images\00006642_014.png,00019176_089,C:\Users\manik\Downloads\Medical Image Annotation & Dataset Quality Pipeline\data\nih_sample\raw\images\00019176_089.png
NEAR_DUPLICATE,6,00007075_001,C:\Users\manik\Downloads\Medical Image Annotation & Dataset Quality Pipeline\data\nih_sample\raw\images\00007075_001.png,00020558_000,C:\Users\manik\Downloads\Medical Image Annotation & Dataset Quality Pipeline\data\nih_sample\raw\images\00020558_000.png
NEAR_DUPLICATE,6,00009248_000,C:\Users\manik\Downloads\Medical Image Annotation & Dataset Quality Pipeline\data\nih_sample\raw\images\00009248_000.png,00012132_002,C:\Users\manik\Downloads\Medical Image Annotation & Dataset Quality Pipeline\data\nih_sample\raw\images\00012132_002.png
NEAR_DUPLICATE,6,00009248_000,C:\Users\manik\Downloads\Medical Image Annotation & Dataset Quality Pipeline\data\nih_sample\raw\images\00009248_000.png,00020983_002,C:\Users\manik\Downloads\Medical Image Annotation & Dataset Quality Pipeline\data\nih_sample\raw\images\00020983_002.png
NEAR_DUPLICATE,6,00009248_000,C:\Users\manik\Downloads\Medical Image Annotation & Dataset Quality Pipeline\data\nih_sample\raw\images\00009248_000.png,00021676_000,C:\Users\manik\Downloads\Medical Image Annotation & Dataset Quality Pipeline\data\nih_sample\raw\images\00021676_000.png
NEAR_DUPLICATE,6,00009248_000,C:\Users\manik\Downloads\Medical Image Annotation & Dataset Quality Pipeline\data\nih_sample\raw\images\00009248_000.png,00025888_001,C:\Users\manik\Downloads\Medical Image Annotation & Dataset Quality Pipeline\data\nih_sample\raw\images\00025888_001.png
NEAR_DUPLICATE,6,00009566_000,C:\Users\manik\Downloads\Medical Image Annotation & Dataset Quality Pipeline\data\nih_sample\raw\images\00009566_000.png,00019766_004,C:\Users\manik\Downloads\Medical Image Annotation & Dataset Quality Pipeline\data\nih_sample\raw\images\00019766_004.png
NEAR_DUPLICATE,6,00009566_000,C:\Users\manik\Downloads\Medical Image Annotation & Dataset Quality Pipeline\data\nih_sample\raw\images\00009566_000.png,00021185_007,C:\Users\manik\Downloads\Medical Image Annotation & Dataset Quality Pipeline\data\nih_sample\raw\images\00021185_007.png
NEAR_DUPLICATE,6,00010032_010,C:\Users\manik\Downloads\Medical Image Annotation & Dataset Quality Pipeline\data\nih_sample\raw\images\00010032_010.png,00022726_009,C:\Users\manik\Downloads\Medical Image Annotation & Dataset Quality Pipeline\data\nih_sample\raw\images\00022726_009.png
NEAR_DUPLICATE,6,00010914_009,C:\Users\manik\Downloads\Medical Image Annotation & Dataset Quality Pipeline\data\nih_sample\raw\images\00010914_009.png,00019021_002,C:\Users\manik\Downloads\Medical Image Annotation & Dataset Quality Pipeline\data\nih_sample\raw\images\00019021_002.png
NEAR_DUPLICATE,6,00013917_056,C:\Users\manik\Downloads\Medical Image Annotation & Dataset Quality Pipeline\data\nih_sample\raw\images\00013917_056.png,00019021_002,C:\Users\manik\Downloads\Medical Image Annotation & Dataset Quality Pipeline\data\nih_sample\raw\images\00019021_002.png
NEAR_DUPLICATE,6,00014380_004,C:\Users\manik\Downloads\Medical Image Annotation & Dataset Quality Pipeline\data\nih_sample\raw\images\00014380_004.png,00014571_011,C:\Users\manik\Downloads\Medical Image Annotation & Dataset Quality Pipeline\data\nih_sample\raw\images\00014571_011.png
NEAR_DUPLICATE,6,00015186_000,C:\Users\manik\Downloads\Medical Image Annotation & Dataset Quality Pipeline\data\nih_sample\raw\images\00015186_000.png,00016205_006,C:\Users\manik\Downloads\Medical Image Annotation & Dataset Quality Pipeline\data\nih_sample\raw\images\00016205_006.png
NEAR_DUPLICATE,6,00015186_000,C:\Users\manik\Downloads\Medical Image Annotation & Dataset Quality Pipeline\data\nih_sample\raw\images\00015186_000.png,00018527_010,C:\Users\manik\Downloads\Medical Image Annotation & Dataset Quality Pipeline\data\nih_sample\raw\images\00018527_010.png
NEAR_DUPLICATE,6,00016691_001,C:\Users\manik\Downloads\Medical Image Annotation & Dataset Quality Pipeline\data\nih_sample\raw\images\00016691_001.png,00019021_002,C:\Users\manik\Downloads\Medical Image Annotation & Dataset Quality Pipeline\data\nih_sample\raw\images\00019021_002.png
NEAR_DUPLICATE,6,00016691_001,C:\Users\manik\Downloads\Medical Image Annotation & Dataset Quality Pipeline\data\nih_sample\raw\images\00016691_001.png,00022726_009,C:\Users\manik\Downloads\Medical Image Annotation & Dataset Quality Pipeline\data\nih_sample\raw\images\00022726_009.png
NEAR_DUPLICATE,4,00017662_001,C:\Users\manik\Downloads\Medical Image Annotation & Dataset Quality Pipeline\data\nih_sample\raw\images\00017662_001.png,00019021_002,C:\Users\manik\Downloads\Medical Image Annotation & Dataset Quality Pipeline\data\nih_sample\raw\images\00019021_002.png
NEAR_DUPLICATE,6,00017862_000,C:\Users\manik\Downloads\Medical Image Annotation & Dataset Quality Pipeline\data\nih_sample\raw\images\00017862_000.png,00020060_008,C:\Users\manik\Downloads\Medical Image Annotation & Dataset Quality Pipeline\data\nih_sample\raw\images\00020060_008.png
NEAR_DUPLICATE,6,00018527_010,C:\Users\manik\Downloads\Medical Image Annotation & Dataset Quality Pipeline\data\nih_sample\raw\images\00018527_010.png,00019395_018,C:\Users\manik\Downloads\Medical Image Annotation & Dataset Quality Pipeline\data\nih_sample\raw\images\00019395_018.png
NEAR_DUPLICATE,6,00018527_010,C:\Users\manik\Downloads\Medical Image Annotation & Dataset Quality Pipeline\data\nih_sample\raw\images\00018527_010.png,00025888_001,C:\Users\manik\Downloads\Medical Image Annotation & Dataset Quality Pipeline\data\nih_sample\raw\images\00025888_001.png
NEAR_DUPLICATE,6,00019395_018,C:\Users\manik\Downloads\Medical Image Annotation & Dataset Quality Pipeline\data\nih_sample\raw\images\00019395_018.png,00027073_000,C:\Users\manik\Downloads\Medical Image Annotation & Dataset Quality Pipeline\data\nih_sample\raw\images\00027073_000.png
NEAR_DUPLICATE,6,00020983_002,C:\Users\manik\Downloads\Medical Image Annotation & Dataset Quality Pipeline\data\nih_sample\raw\images\00020983_002.png,00021676_000,C:\Users\manik\Downloads\Medical Image Annotation & Dataset Quality Pipeline\data\nih_sample\raw\images\00021676_000.png
NEAR_DUPLICATE,6,00021676_000,C:\Users\manik\Downloads\Medical Image Annotation & Dataset Quality Pipeline\data\nih_sample\raw\images\00021676_000.png,00025888_001,C:\Users\manik\Downloads\Medical Image Annotation & Dataset Quality Pipeline\data\nih_sample\raw\images\00025888_001.png
NEAR_DUPLICATE,6,00003191_001,C:\Users\manik\Downloads\Medical Image Annotation & Dataset Quality Pipeline\data\nih_sample\raw\images\00003191_001.png,00012752_002,C:\Users\manik\Downloads\Medical Image Annotation & Dataset Quality Pipeline\data\nih_sample\raw\images\00012752_002.png
NEAR_DUPLICATE,6,00000869_006,C:\Users\manik\Downloads\Medical Image Annotation & Dataset Quality Pipeline\data\nih_sample\raw\images\00000869_006.png,00004832_003,C:\Users\manik\Downloads\Medical Image Annotation & Dataset Quality Pipeline\data\nih_sample\raw\images\00004832_003.png
NEAR_DUPLICATE,6,00001088_018,C:\Users\manik\Downloads\Medical Image Annotation & Dataset Quality Pipeline\data\nih_sample\raw\images\00001088_018.png,00005002_002,C:\Users\manik\Downloads\Medical Image Annotation & Dataset Quality Pipeline\data\nih_sample\raw\images\00005002_002.png
NEAR_DUPLICATE,6,00003239_001,C:\Users\manik\Downloads\Medical Image Annotation & Dataset Quality Pipeline\data\nih_sample\raw\images\00003239_001.png,00008888_014,C:\Users\manik\Downloads\Medical Image Annotation & Dataset Quality Pipeline\data\nih_sample\raw\images\00008888_014.png
NEAR_DUPLICATE,6,00003446_000,C:\Users\manik\Downloads\Medical Image Annotation & Dataset Quality Pipeline\data\nih_sample\raw\images\00003446_000.png,00012060_006,C:\Users\manik\Downloads\Medical Image Annotation & Dataset Quality Pipeline\data\nih_sample\raw\images\00012060_006.png
NEAR_DUPLICATE,6,00005002_002,C:\Users\manik\Downloads\Medical Image Annotation & Dataset Quality Pipeline\data\nih_sample\raw\images\00005002_002.png,00008888_014,C:\Users\manik\Downloads\Medical Image Annotation & Dataset Quality Pipeline\data\nih_sample\raw\images\00008888_014.png
NEAR_DUPLICATE,6,00006738_006,C:\Users\manik\Downloads\Medical Image Annotation & Dataset Quality Pipeline\data\nih_sample\raw\images\00006738_006.png,00027617_001,C:\Users\manik\Downloads\Medical Image Annotation & Dataset Quality Pipeline\data\nih_sample\raw\images\00027617_001.png
NEAR_DUPLICATE,6,00008888_014,C:\Users\manik\Downloads\Medical Image Annotation & Dataset Quality Pipeline\data\nih_sample\raw\images\00008888_014.png,00024080_000,C:\Users\manik\Downloads\Medical Image Annotation & Dataset Quality Pipeline\data\nih_sample\raw\images\00024080_000.png
NEAR_DUPLICATE,6,00011896_004,C:\Users\manik\Downloads\Medical Image Annotation & Dataset Quality Pipeline\data\nih_sample\raw\images\00011896_004.png,00016686_000,C:\Users\manik\Downloads\Medical Image Annotation & Dataset Quality Pipeline\data\nih_sample\raw\images\00016686_000.png
NEAR_DUPLICATE,6,00011896_004,C:\Users\manik\Downloads\Medical Image Annotation & Dataset Quality Pipeline\data\nih_sample\raw\images\00011896_004.png,00024080_000,C:\Users\manik\Downloads\Medical Image Annotation & Dataset Quality Pipeline\data\nih_sample\raw\images\00024080_000.png
NEAR_DUPLICATE,2,00012060_006,C:\Users\manik\Downloads\Medical Image Annotation & Dataset Quality Pipeline\data\nih_sample\raw\images\00012060_006.png,00016177_000,C:\Users\manik\Downloads\Medical Image Annotation & Dataset Quality Pipeline\data\nih_sample\raw\images\00016177_000.png
NEAR_DUPLICATE,4,00012060_006,C:\Users\manik\Downloads\Medical Image Annotation & Dataset Quality Pipeline\data\nih_sample\raw\images\00012060_006.png,00016686_000,C:\Users\manik\Downloads\Medical Image Annotation & Dataset Quality Pipeline\data\nih_sample\raw\images\00016686_000.png
NEAR_DUPLICATE,6,00012060_006,C:\Users\manik\Downloads\Medical Image Annotation & Dataset Quality Pipeline\data\nih_sample\raw\images\00012060_006.png,00024080_000,C:\Users\manik\Downloads\Medical Image Annotation & Dataset Quality Pipeline\data\nih_sample\raw\images\00024080_000.png
NEAR_DUPLICATE,6,00013876_000,C:\Users\manik\Downloads\Medical Image Annotation & Dataset Quality Pipeline\data\nih_sample\raw\images\00013876_000.png,00019035_000,C:\Users\manik\Downloads\Medical Image Annotation & Dataset Quality Pipeline\data\nih_sample\raw\images\00019035_000.png
NEAR_DUPLICATE,6,00016177_000,C:\Users\manik\Downloads\Medical Image Annotation & Dataset Quality Pipeline\data\nih_sample\raw\images\00016177_000.png,00016686_000,C:\Users\manik\Downloads\Medical Image Annotation & Dataset Quality Pipeline\data\nih_sample\raw\images\00016686_000.png
NEAR_DUPLICATE,6,00016686_000,C:\Users\manik\Downloads\Medical Image Annotation & Dataset Quality Pipeline\data\nih_sample\raw\images\00016686_000.png,00024080_000,C:\Users\manik\Downloads\Medical Image Annotation & Dataset Quality Pipeline\data\nih_sample\raw\images\00024080_000.png
NEAR_DUPLICATE,4,00019035_000,C:\Users\manik\Downloads\Medical Image Annotation & Dataset Quality Pipeline\data\nih_sample\raw\images\00019035_000.png,00022947_001,C:\Users\manik\Downloads\Medical Image Annotation & Dataset Quality Pipeline\data\nih_sample\raw\images\00022947_001.png
NEAR_DUPLICATE,6,00024080_000,C:\Users\manik\Downloads\Medical Image Annotation & Dataset Quality Pipeline\data\nih_sample\raw\images\00024080_000.png,00028410_000,C:\Users\manik\Downloads\Medical Image Annotation & Dataset Quality Pipeline\data\nih_sample\raw\images\00028410_000.png
NEAR_DUPLICATE,6,00005218_002,C:\Users\manik\Downloads\Medical Image Annotation & Dataset Quality Pipeline\data\nih_sample\raw\images\00005218_002.png,00006332_006,C:\Users\manik\Downloads\Medical Image Annotation & Dataset Quality Pipeline\data\nih_sample\raw\images\00006332_006.png
NEAR_DUPLICATE,6,00013420_000,C:\Users\manik\Downloads\Medical Image Annotation & Dataset Quality Pipeline\data\nih_sample\raw\images\00013420_000.png,00025825_002,C:\Users\manik\Downloads\Medical Image Annotation & Dataset Quality Pipeline\data\nih_sample\raw\images\00025825_002.png
NEAR_DUPLICATE,6,00013420_000,C:\Users\manik\Downloads\Medical Image Annotation & Dataset Quality Pipeline\data\nih_sample\raw\images\00013420_000.png,00027566_002,C:\Users\manik\Downloads\Medical Image Annotation & Dataset Quality Pipeline\data\nih_sample\raw\images\00027566_002.png
NEAR_DUPLICATE,6,00013420_000,C:\Users\manik\Downloads\Medical Image Annotation & Dataset Quality Pipeline\data\nih_sample\raw\images\00013420_000.png,00028432_000,C:\Users\manik\Downloads\Medical Image Annotation & Dataset Quality Pipeline\data\nih_sample\raw\images\00028432_000.png
NEAR_DUPLICATE,2,00030636_012,C:\Users\manik\Downloads\Medical Image Annotation & Dataset Quality Pipeline\data\nih_sample\raw\images\00030636_012.png,00030636_013,C:\Users\manik\Downloads\Medical Image Annotation & Dataset Quality Pipeline\data\nih_sample\raw\images\00030636_013.png
NEAR_DUPLICATE,6,00009600_003,C:\Users\manik\Downloads\Medical Image Annotation & Dataset Quality Pipeline\data\nih_sample\raw\images\00009600_003.png,00010718_002,C:\Users\manik\Downloads\Medical Image Annotation & Dataset Quality Pipeline\data\nih_sample\raw\images\00010718_002.png
NEAR_DUPLICATE,6,00025013_000,C:\Users\manik\Downloads\Medical Image Annotation & Dataset Quality Pipeline\data\nih_sample\raw\images\00025013_000.png,00025047_000,C:\Users\manik\Downloads\Medical Image Annotation & Dataset Quality Pipeline\data\nih_sample\raw\images\00025047_000.png
NEAR_DUPLICATE,4,00011700_001,C:\Users\manik\Downloads\Medical Image Annotation & Dataset Quality Pipeline\data\nih_sample\raw\images\00011700_001.png,00028402_000,C:\Users\manik\Downloads\Medical Image Annotation & Dataset Quality Pipeline\data\nih_sample\raw\images\00028402_000.png
NEAR_DUPLICATE,6,00002777_000,C:\Users\manik\Downloads\Medical Image Annotation & Dataset Quality Pipeline\data\nih_sample\raw\images\00002777_000.png,00007520_004,C:\Users\manik\Downloads\Medical Image Annotation & Dataset Quality Pipeline\data\nih_sample\raw\images\00007520_004.png
NEAR_DUPLICATE,6,00006741_000,C:\Users\manik\Downloads\Medical Image Annotation & Dataset Quality Pipeline\data\nih_sample\raw\images\00006741_000.png,00008802_008,C:\Users\manik\Downloads\Medical Image Annotation & Dataset Quality Pipeline\data\nih_sample\raw\images\00008802_008.png
NEAR_DUPLICATE,4,00007460_000,C:\Users\manik\Downloads\Medical Image Annotation & Dataset Quality Pipeline\data\nih_sample\raw\images\00007460_000.png,00013511_002,C:\Users\manik\Downloads\Medical Image Annotation & Dataset Quality Pipeline\data\nih_sample\raw\images\00013511_002.png
NEAR_DUPLICATE,6,00007520_004,C:\Users\manik\Downloads\Medical Image Annotation & Dataset Quality Pipeline\data\nih_sample\raw\images\00007520_004.png,00027028_002,C:\Users\manik\Downloads\Medical Image Annotation & Dataset Quality Pipeline\data\nih_sample\raw\images\00027028_002.png
NEAR_DUPLICATE,2,00008551_000,C:\Users\manik\Downloads\Medical Image Annotation & Dataset Quality Pipeline\data\nih_sample\raw\images\00008551_000.png,00023651_000,C:\Users\manik\Downloads\Medical Image Annotation & Dataset Quality Pipeline\data\nih_sample\raw\images\00023651_000.png
NEAR_DUPLICATE,6,00006841_002,C:\Users\manik\Downloads\Medical Image Annotation & Dataset Quality Pipeline\data\nih_sample\raw\images\00006841_002.png,00020224_001,C:\Users\manik\Downloads\Medical Image Annotation & Dataset Quality Pipeline\data\nih_sample\raw\images\00020224_001.png
NEAR_DUPLICATE,6,00009517_000,C:\Users\manik\Downloads\Medical Image Annotation & Dataset Quality Pipeline\data\nih_sample\raw\images\00009517_000.png,00012294_010,C:\Users\manik\Downloads\Medical Image Annotation & Dataset Quality Pipeline\data\nih_sample\raw\images\00012294_010.png
NEAR_DUPLICATE,6,00009517_000,C:\Users\manik\Downloads\Medical Image Annotation & Dataset Quality Pipeline\data\nih_sample\raw\images\00009517_000.png,00015171_020,C:\Users\manik\Downloads\Medical Image Annotation & Dataset Quality Pipeline\data\nih_sample\raw\images\00015171_020.png
NEAR_DUPLICATE,6,00006372_002,C:\Users\manik\Downloads\Medical Image Annotation & Dataset Quality Pipeline\data\nih_sample\raw\images\00006372_002.png,00007620_001,C:\Users\manik\Downloads\Medical Image Annotation & Dataset Quality Pipeline\data\nih_sample\raw\images\00007620_001.png
NEAR_DUPLICATE,6,00010548_009,C:\Users\manik\Downloads\Medical Image Annotation & Dataset Quality Pipeline\data\nih_sample\raw\images\00010548_009.png,00018509_002,C:\Users\manik\Downloads\Medical Image Annotation & Dataset Quality Pipeline\data\nih_sample\raw\images\00018509_002.png
NEAR_DUPLICATE,4,00018509_002,C:\Users\manik\Downloads\Medical Image Annotation & Dataset Quality Pipeline\data\nih_sample\raw\images\00018509_002.png,00018592_000,C:\Users\manik\Downloads\Medical Image Annotation & Dataset Quality Pipeline\data\nih_sample\raw\images\00018592_000.png
NEAR_DUPLICATE,4,00019400_000,C:\Users\manik\Downloads\Medical Image Annotation & Dataset Quality Pipeline\data\nih_sample\raw\images\00019400_000.png,00026137_002,C:\Users\manik\Downloads\Medical Image Annotation & Dataset Quality Pipeline\data\nih_sample\raw\images\00026137_002.png
NEAR_DUPLICATE,6,00010842_001,C:\Users\manik\Downloads\Medical Image Annotation & Dataset Quality Pipeline\data\nih_sample\raw\images\00010842_001.png,00021499_013,C:\Users\manik\Downloads\Medical Image Annotation & Dataset Quality Pipeline\data\nih_sample\raw\images\00021499_013.png
NEAR_DUPLICATE,6,00012626_012,C:\Users\manik\Downloads\Medical Image Annotation & Dataset Quality Pipeline\data\nih_sample\raw\images\00012626_012.png,00019783_000,C:\Users\manik\Downloads\Medical Image Annotation & Dataset Quality Pipeline\data\nih_sample\raw\images\00019783_000.png
NEAR_DUPLICATE,6,00013144_004,C:\Users\manik\Downloads\Medical Image Annotation & Dataset Quality Pipeline\data\nih_sample\raw\images\00013144_004.png,00018703_002,C:\Users\manik\Downloads\Medical Image Annotation & Dataset Quality Pipeline\data\nih_sample\raw\images\00018703_002.png
NEAR_DUPLICATE,4,00013392_001,C:\Users\manik\Downloads\Medical Image Annotation & Dataset Quality Pipeline\data\nih_sample\raw\images\00013392_001.png,00018689_003,C:\Users\manik\Downloads\Medical Image Annotation & Dataset Quality Pipeline\data\nih_sample\raw\images\00018689_003.png
NEAR_DUPLICATE,6,00016918_017,C:\Users\manik\Downloads\Medical Image Annotation & Dataset Quality Pipeline\data\nih_sample\raw\images\00016918_017.png,00017049_011,C:\Users\manik\Downloads\Medical Image Annotation & Dataset Quality Pipeline\data\nih_sample\raw\images\00017049_011.png
NEAR_DUPLICATE,6,00011048_001,C:\Users\manik\Downloads\Medical Image Annotation & Dataset Quality Pipeline\data\nih_sample\raw\images\00011048_001.png,00015843_005,C:\Users\manik\Downloads\Medical Image Annotation & Dataset Quality Pipeline\data\nih_sample\raw\images\00015843_005.png
NEAR_DUPLICATE,6,00011048_001,C:\Users\manik\Downloads\Medical Image Annotation & Dataset Quality Pipeline\data\nih_sample\raw\images\00011048_001.png,00016177_009,C:\Users\manik\Downloads\Medical Image Annotation & Dataset Quality Pipeline\data\nih_sample\raw\images\00016177_009.png
NEAR_DUPLICATE,6,00015843_005,C:\Users\manik\Downloads\Medical Image Annotation & Dataset Quality Pipeline\data\nih_sample\raw\images\00015843_005.png,00016177_009,C:\Users\manik\Downloads\Medical Image Annotation & Dataset Quality Pipeline\data\nih_sample\raw\images\00016177_009.png
NEAR_DUPLICATE,4,00015843_005,C:\Users\manik\Downloads\Medical Image Annotation & Dataset Quality Pipeline\data\nih_sample\raw\images\00015843_005.png,00025117_002,C:\Users\manik\Downloads\Medical Image Annotation & Dataset Quality Pipeline\data\nih_sample\raw\images\00025117_002.png
NEAR_DUPLICATE,6,00016177_009,C:\Users\manik\Downloads\Medical Image Annotation & Dataset Quality Pipeline\data\nih_sample\raw\images\00016177_009.png,00025117_002,C:\Users\manik\Downloads\Medical Image Annotation & Dataset Quality Pipeline\data\nih_sample\raw\images\00025117_002.png
NEAR_DUPLICATE,6,00003951_000,C:\Users\manik\Downloads\Medical Image Annotation & Dataset Quality Pipeline\data\nih_sample\raw\images\00003951_000.png,00007316_000,C:\Users\manik\Downloads\Medical Image Annotation & Dataset Quality Pipeline\data\nih_sample\raw\images\00007316_000.png
NEAR_DUPLICATE,6,00002817_012,C:\Users\manik\Downloads\Medical Image Annotation & Dataset Quality Pipeline\data\nih_sample\raw\images\00002817_012.png,00015563_002,C:\Users\manik\Downloads\Medical Image Annotation & Dataset Quality Pipeline\data\nih_sample\raw\images\00015563_002.png
NEAR_DUPLICATE,6,00005810_000,C:\Users\manik\Downloads\Medical Image Annotation & Dataset Quality Pipeline\data\nih_sample\raw\images\00005810_000.png,00015563_002,C:\Users\manik\Downloads\Medical Image Annotation & Dataset Quality Pipeline\data\nih_sample\raw\images\00015563_002.png
NEAR_DUPLICATE,6,00008480_000,C:\Users\manik\Downloads\Medical Image Annotation & Dataset Quality Pipeline\data\nih_sample\raw\images\00008480_000.png,00017267_001,C:\Users\manik\Downloads\Medical Image Annotation & Dataset Quality Pipeline\data\nih_sample\raw\images\00017267_001.png
NEAR_DUPLICATE,6,00014452_013,C:\Users\manik\Downloads\Medical Image Annotation & Dataset Quality Pipeline\data\nih_sample\raw\images\00014452_013.png,00017267_001,C:\Users\manik\Downloads\Medical Image Annotation & Dataset Quality Pipeline\data\nih_sample\raw\images\00017267_001.png
NEAR_DUPLICATE,6,00017401_005,C:\Users\manik\Downloads\Medical Image Annotation & Dataset Quality Pipeline\data\nih_sample\raw\images\00017401_005.png,00027584_008,C:\Users\manik\Downloads\Medical Image Annotation & Dataset Quality Pipeline\data\nih_sample\raw\images\00027584_008.png
NEAR_DUPLICATE,6,00003681_005,C:\Users\manik\Downloads\Medical Image Annotation & Dataset Quality Pipeline\data\nih_sample\raw\images\00003681_005.png,00003822_001,C:\Users\manik\Downloads\Medical Image Annotation & Dataset Quality Pipeline\data\nih_sample\raw\images\00003822_001.png
NEAR_DUPLICATE,6,00008925_001,C:\Users\manik\Downloads\Medical Image Annotation & Dataset Quality Pipeline\data\nih_sample\raw\images\00008925_001.png,00028661_006,C:\Users\manik\Downloads\Medical Image Annotation & Dataset Quality Pipeline\data\nih_sample\raw\images\00028661_006.png
NEAR_DUPLICATE,6,00010815_021,C:\Users\manik\Downloads\Medical Image Annotation & Dataset Quality Pipeline\data\nih_sample\raw\images\00010815_021.png,00029713_001,C:\Users\manik\Downloads\Medical Image Annotation & Dataset Quality Pipeline\data\nih_sample\raw\images\00029713_001.png
NEAR_DUPLICATE,6,00016630_014,C:\Users\manik\Downloads\Medical Image Annotation & Dataset Quality Pipeline\data\nih_sample\raw\images\00016630_014.png,00029713_001,C:\Users\manik\Downloads\Medical Image Annotation & Dataset Quality Pipeline\data\nih_sample\raw\images\00029713_001.png
NEAR_DUPLICATE,6,00027784_004,C:\Users\manik\Downloads\Medical Image Annotation & Dataset Quality Pipeline\data\nih_sample\raw\images\00027784_004.png,00028572_001,C:\Users\manik\Downloads\Medical Image Annotation & Dataset Quality Pipeline\data\nih_sample\raw\images\00028572_001.png
NEAR_DUPLICATE,6,00015679_004,C:\Users\manik\Downloads\Medical Image Annotation & Dataset Quality Pipeline\data\nih_sample\raw\images\00015679_004.png,00017138_012,C:\Users\manik\Downloads\Medical Image Annotation & Dataset Quality Pipeline\data\nih_sample\raw\images\00017138_012.png
NEAR_DUPLICATE,6,00005311_005,C:\Users\manik\Downloads\Medical Image Annotation & Dataset Quality Pipeline\data\nih_sample\raw\images\00005311_005.png,00025543_011,C:\Users\manik\Downloads\Medical Image Annotation & Dataset Quality Pipeline\data\nih_sample\raw\images\00025543_011.png
NEAR_DUPLICATE,6,00008008_054,C:\Users\manik\Downloads\Medical Image Annotation & Dataset Quality Pipeline\data\nih_sample\raw\images\00008008_054.png,00021170_003,C:\Users\manik\Downloads\Medical Image Annotation & Dataset Quality Pipeline\data\nih_sample\raw\images\00021170_003.png
NEAR_DUPLICATE,6,00009501_000,C:\Users\manik\Downloads\Medical Image Annotation & Dataset Quality Pipeline\data\nih_sample\raw\images\00009501_000.png,00025968_000,C:\Users\manik\Downloads\Medical Image Annotation & Dataset Quality Pipeline\data\nih_sample\raw\images\00025968_000.png
NEAR_DUPLICATE,6,00016134_017,C:\Users\manik\Downloads\Medical Image Annotation & Dataset Quality Pipeline\data\nih_sample\raw\images\00016134_017.png,00022830_001,C:\Users\manik\Downloads\Medical Image Annotation & Dataset Quality Pipeline\data\nih_sample\raw\images\00022830_001.png
NEAR_DUPLICATE,6,00016134_017,C:\Users\manik\Downloads\Medical Image Annotation & Dataset Quality Pipeline\data\nih_sample\raw\images\00016134_017.png,00025968_000,C:\Users\manik\Downloads\Medical Image Annotation & Dataset Quality Pipeline\data\nih_sample\raw\images\00025968_000.png
NEAR_DUPLICATE,4,00022830_001,C:\Users\manik\Downloads\Medical Image Annotation & Dataset Quality Pipeline\data\nih_sample\raw\images\00022830_001.png,00025968_000,C:\Users\manik\Downloads\Medical Image Annotation & Dataset Quality Pipeline\data\nih_sample\raw\images\00025968_000.png
NEAR_DUPLICATE,6,00022830_001,C:\Users\manik\Downloads\Medical Image Annotation & Dataset Quality Pipeline\data\nih_sample\raw\images\00022830_001.png,00029919_000,C:\Users\manik\Downloads\Medical Image Annotation & Dataset Quality Pipeline\data\nih_sample\raw\images\00029919_000.png
NEAR_DUPLICATE,6,00025554_000,C:\Users\manik\Downloads\Medical Image Annotation & Dataset Quality Pipeline\data\nih_sample\raw\images\00025554_000.png,00029919_000,C:\Users\manik\Downloads\Medical Image Annotation & Dataset Quality Pipeline\data\nih_sample\raw\images\00029919_000.png
NEAR_DUPLICATE,6,00002678_007,C:\Users\manik\Downloads\Medical Image Annotation & Dataset Quality Pipeline\data\nih_sample\raw\images\00002678_007.png,00016550_008,C:\Users\manik\Downloads\Medical Image Annotation & Dataset Quality Pipeline\data\nih_sample\raw\images\00016550_008.png
NEAR_DUPLICATE,6,00011944_000,C:\Users\manik\Downloads\Medical Image Annotation & Dataset Quality Pipeline\data\nih_sample\raw\images\00011944_000.png,00014433_001,C:\Users\manik\Downloads\Medical Image Annotation & Dataset Quality Pipeline\data\nih_sample\raw\images\00014433_001.png
NEAR_DUPLICATE,6,00011972_000,C:\Users\manik\Downloads\Medical Image Annotation & Dataset Quality Pipeline\data\nih_sample\raw\images\00011972_000.png,00026167_009,C:\Users\manik\Downloads\Medical Image Annotation & Dataset Quality Pipeline\data\nih_sample\raw\images\00026167_009.png
NEAR_DUPLICATE,6,00018840_001,C:\Users\manik\Downloads\Medical Image Annotation & Dataset Quality Pipeline\data\nih_sample\raw\images\00018840_001.png,00019130_001,C:\Users\manik\Downloads\Medical Image Annotation & Dataset Quality Pipeline\data\nih_sample\raw\images\00019130_001.png
NEAR_DUPLICATE,6,00018840_001,C:\Users\manik\Downloads\Medical Image Annotation & Dataset Quality Pipeline\data\nih_sample\raw\images\00018840_001.png,00023009_003,C:\Users\manik\Downloads\Medical Image Annotation & Dataset Quality Pipeline\data\nih_sample\raw\images\00023009_003.png
NEAR_DUPLICATE,6,00018840_001,C:\Users\manik\Downloads\Medical Image Annotation & Dataset Quality Pipeline\data\nih_sample\raw\images\00018840_001.png,00029526_004,C:\Users\manik\Downloads\Medical Image Annotation & Dataset Quality Pipeline\data\nih_sample\raw\images\00029526_004.png
NEAR_DUPLICATE,6,00000974_008,C:\Users\manik\Downloads\Medical Image Annotation & Dataset Quality Pipeline\data\nih_sample\raw\images\00000974_008.png,00012643_003,C:\Users\manik\Downloads\Medical Image Annotation & Dataset Quality Pipeline\data\nih_sample\raw\images\00012643_003.png
NEAR_DUPLICATE,4,00000974_008,C:\Users\manik\Downloads\Medical Image Annotation & Dataset Quality Pipeline\data\nih_sample\raw\images\00000974_008.png,00012935_009,C:\Users\manik\Downloads\Medical Image Annotation & Dataset Quality Pipeline\data\nih_sample\raw\images\00012935_009.png
NEAR_DUPLICATE,2,00005226_001,C:\Users\manik\Downloads\Medical Image Annotation & Dataset Quality Pipeline\data\nih_sample\raw\images\00005226_001.png,00012284_000,C:\Users\manik\Downloads\Medical Image Annotation & Dataset Quality Pipeline\data\nih_sample\raw\images\00012284_000.png
NEAR_DUPLICATE,4,00005226_001,C:\Users\manik\Downloads\Medical Image Annotation & Dataset Quality Pipeline\data\nih_sample\raw\images\00005226_001.png,00019235_000,C:\Users\manik\Downloads\Medical Image Annotation & Dataset Quality Pipeline\data\nih_sample\raw\images\00019235_000.png
NEAR_DUPLICATE,6,00010695_007,C:\Users\manik\Downloads\Medical Image Annotation & Dataset Quality Pipeline\data\nih_sample\raw\images\00010695_007.png,00012045_008,C:\Users\manik\Downloads\Medical Image Annotation & Dataset Quality Pipeline\data\nih_sample\raw\images\00012045_008.png
NEAR_DUPLICATE,6,00011315_001,C:\Users\manik\Downloads\Medical Image Annotation & Dataset Quality Pipeline\data\nih_sample\raw\images\00011315_001.png,00026345_000,C:\Users\manik\Downloads\Medical Image Annotation & Dataset Quality Pipeline\data\nih_sample\raw\images\00026345_000.png
NEAR_DUPLICATE,6,00012045_008,C:\Users\manik\Downloads\Medical Image Annotation & Dataset Quality Pipeline\data\nih_sample\raw\images\00012045_008.png,00026345_000,C:\Users\manik\Downloads\Medical Image Annotation & Dataset Quality Pipeline\data\nih_sample\raw\images\00026345_000.png
NEAR_DUPLICATE,6,00012284_000,C:\Users\manik\Downloads\Medical Image Annotation & Dataset Quality Pipeline\data\nih_sample\raw\images\00012284_000.png,00019235_000,C:\Users\manik\Downloads\Medical Image Annotation & Dataset Quality Pipeline\data\nih_sample\raw\images\00019235_000.png
NEAR_DUPLICATE,6,00008216_002,C:\Users\manik\Downloads\Medical Image Annotation & Dataset Quality Pipeline\data\nih_sample\raw\images\00008216_002.png,00020398_002,C:\Users\manik\Downloads\Medical Image Annotation & Dataset Quality Pipeline\data\nih_sample\raw\images\00020398_002.png
NEAR_DUPLICATE,6,00014018_015,C:\Users\manik\Downloads\Medical Image Annotation & Dataset Quality Pipeline\data\nih_sample\raw\images\00014018_015.png,00014018_016,C:\Users\manik\Downloads\Medical Image Annotation & Dataset Quality Pipeline\data\nih_sample\raw\images\00014018_016.png
NEAR_DUPLICATE,6,00017138_053,C:\Users\manik\Downloads\Medical Image Annotation & Dataset Quality Pipeline\data\nih_sample\raw\images\00017138_053.png,00018989_006,C:\Users\manik\Downloads\Medical Image Annotation & Dataset Quality Pipeline\data\nih_sample\raw\images\00018989_006.png
NEAR_DUPLICATE,6,00000250_005,C:\Users\manik\Downloads\Medical Image Annotation & Dataset Quality Pipeline\data\nih_sample\raw\images\00000250_005.png,00028105_001,C:\Users\manik\Downloads\Medical Image Annotation & Dataset Quality Pipeline\data\nih_sample\raw\images\00028105_001.png
NEAR_DUPLICATE,6,00005532_024,C:\Users\manik\Downloads\Medical Image Annotation & Dataset Quality Pipeline\data\nih_sample\raw\images\00005532_024.png,00028105_001,C:\Users\manik\Downloads\Medical Image Annotation & Dataset Quality Pipeline\data\nih_sample\raw\images\00028105_001.png
NEAR_DUPLICATE,6,00017136_012,C:\Users\manik\Downloads\Medical Image Annotation & Dataset Quality Pipeline\data\nih_sample\raw\images\00017136_012.png,00020170_004,C:\Users\manik\Downloads\Medical Image Annotation & Dataset Quality Pipeline\data\nih_sample\raw\images\00020170_004.png
NEAR_DUPLICATE,6,00018525_005,C:\Users\manik\Downloads\Medical Image Annotation & Dataset Quality Pipeline\data\nih_sample\raw\images\00018525_005.png,00019395_011,C:\Users\manik\Downloads\Medical Image Annotation & Dataset Quality Pipeline\data\nih_sample\raw\images\00019395_011.png
NEAR_DUPLICATE,6,00005448_004,C:\Users\manik\Downloads\Medical Image Annotation & Dataset Quality Pipeline\data\nih_sample\raw\images\00005448_004.png,00015264_003,C:\Users\manik\Downloads\Medical Image Annotation & Dataset Quality Pipeline\data\nih_sample\raw\images\00015264_003.png
NEAR_DUPLICATE,6,00008198_003,C:\Users\manik\Downloads\Medical Image Annotation & Dataset Quality Pipeline\data\nih_sample\raw\images\00008198_003.png,00030439_006,C:\Users\manik\Downloads\Medical Image Annotation & Dataset Quality Pipeline\data\nih_sample\raw\images\00030439_006.png
NEAR_DUPLICATE,6,00004395_000,C:\Users\manik\Downloads\Medical Image Annotation & Dataset Quality Pipeline\data\nih_sample\raw\images\00004395_000.png,00006525_000,C:\Users\manik\Downloads\Medical Image Annotation & Dataset Quality Pipeline\data\nih_sample\raw\images\00006525_000.png
NEAR_DUPLICATE,6,00001657_000,C:\Users\manik\Downloads\Medical Image Annotation & Dataset Quality Pipeline\data\nih_sample\raw\images\00001657_000.png,00003940_006,C:\Users\manik\Downloads\Medical Image Annotation & Dataset Quality Pipeline\data\nih_sample\raw\images\00003940_006.png
NEAR_DUPLICATE,6,00001657_000,C:\Users\manik\Downloads\Medical Image Annotation & Dataset Quality Pipeline\data\nih_sample\raw\images\00001657_000.png,00011121_001,C:\Users\manik\Downloads\Medical Image Annotation & Dataset Quality Pipeline\data\nih_sample\raw\images\00011121_001.png
NEAR_DUPLICATE,6,00002183_000,C:\Users\manik\Downloads\Medical Image Annotation & Dataset Quality Pipeline\data\nih_sample\raw\images\00002183_000.png,00011121_001,C:\Users\manik\Downloads\Medical Image Annotation & Dataset Quality Pipeline\data\nih_sample\raw\images\00011121_001.png
NEAR_DUPLICATE,2,00003940_006,C:\Users\manik\Downloads\Medical Image Annotation & Dataset Quality Pipeline\data\nih_sample\raw\images\00003940_006.png,00011121_001,C:\Users\manik\Downloads\Medical Image Annotation & Dataset Quality Pipeline\data\nih_sample\raw\images\00011121_001.png
NEAR_DUPLICATE,6,00003940_006,C:\Users\manik\Downloads\Medical Image Annotation & Dataset Quality Pipeline\data\nih_sample\raw\images\00003940_006.png,00018043_006,C:\Users\manik\Downloads\Medical Image Annotation & Dataset Quality Pipeline\data\nih_sample\raw\images\00018043_006.png
NEAR_DUPLICATE,4,00011121_001,C:\Users\manik\Downloads\Medical Image Annotation & Dataset Quality Pipeline\data\nih_sample\raw\images\00011121_001.png,00018043_006,C:\Users\manik\Downloads\Medical Image Annotation & Dataset Quality Pipeline\data\nih_sample\raw\images\00018043_006.png
NEAR_DUPLICATE,6,00011121_001,C:\Users\manik\Downloads\Medical Image Annotation & Dataset Quality Pipeline\data\nih_sample\raw\images\00011121_001.png,00020430_000,C:\Users\manik\Downloads\Medical Image Annotation & Dataset Quality Pipeline\data\nih_sample\raw\images\00020430_000.png
NEAR_DUPLICATE,6,00004490_006,C:\Users\manik\Downloads\Medical Image Annotation & Dataset Quality Pipeline\data\nih_sample\raw\images\00004490_006.png,00027833_015,C:\Users\manik\Downloads\Medical Image Annotation & Dataset Quality Pipeline\data\nih_sample\raw\images\00027833_015.png
NEAR_DUPLICATE,6,00011504_028,C:\Users\manik\Downloads\Medical Image Annotation & Dataset Quality Pipeline\data\nih_sample\raw\images\00011504_028.png,00022537_001,C:\Users\manik\Downloads\Medical Image Annotation & Dataset Quality Pipeline\data\nih_sample\raw\images\00022537_001.png
NEAR_DUPLICATE,6,00011898_000,C:\Users\manik\Downloads\Medical Image Annotation & Dataset Quality Pipeline\data\nih_sample\raw\images\00011898_000.png,00016798_010,C:\Users\manik\Downloads\Medical Image Annotation & Dataset Quality Pipeline\data\nih_sample\raw\images\00016798_010.png
NEAR_DUPLICATE,4,00018575_000,C:\Users\manik\Downloads\Medical Image Annotation & Dataset Quality Pipeline\data\nih_sample\raw\images\00018575_000.png,00019324_000,C:\Users\manik\Downloads\Medical Image Annotation & Dataset Quality Pipeline\data\nih_sample\raw\images\00019324_000.png
NEAR_DUPLICATE,4,00002570_001,C:\Users\manik\Downloads\Medical Image Annotation & Dataset Quality Pipeline\data\nih_sample\raw\images\00002570_001.png,00004415_000,C:\Users\manik\Downloads\Medical Image Annotation & Dataset Quality Pipeline\data\nih_sample\raw\images\00004415_000.png
NEAR_DUPLICATE,6,00010664_003,C:\Users\manik\Downloads\Medical Image Annotation & Dataset Quality Pipeline\data\nih_sample\raw\images\00010664_003.png,00015929_000,C:\Users\manik\Downloads\Medical Image Annotation & Dataset Quality Pipeline\data\nih_sample\raw\images\00015929_000.png
NEAR_DUPLICATE,4,00015929_000,C:\Users\manik\Downloads\Medical Image Annotation & Dataset Quality Pipeline\data\nih_sample\raw\images\00015929_000.png,00022869_005,C:\Users\manik\Downloads\Medical Image Annotation & Dataset Quality Pipeline\data\nih_sample\raw\images\00022869_005.png
NEAR_DUPLICATE,4,00024749_000,C:\Users\manik\Downloads\Medical Image Annotation & Dataset Quality Pipeline\data\nih_sample\raw\images\00024749_000.png,00025169_001,C:\Users\manik\Downloads\Medical Image Annotation & Dataset Quality Pipeline\data\nih_sample\raw\images\00025169_001.png
NEAR_DUPLICATE,6,00015551_005,C:\Users\manik\Downloads\Medical Image Annotation & Dataset Quality Pipeline\data\nih_sample\raw\images\00015551_005.png,00017123_000,C:\Users\manik\Downloads\Medical Image Annotation & Dataset Quality Pipeline\data\nih_sample\raw\images\00017123_000.png
NEAR_DUPLICATE,6,00010828_009,C:\Users\manik\Downloads\Medical Image Annotation & Dataset Quality Pipeline\data\nih_sample\raw\images\00010828_009.png,00022741_000,C:\Users\manik\Downloads\Medical Image Annotation & Dataset Quality Pipeline\data\nih_sample\raw\images\00022741_000.png
NEAR_DUPLICATE,6,00000508_000,C:\Users\manik\Downloads\Medical Image Annotation & Dataset Quality Pipeline\data\nih_sample\raw\images\00000508_000.png,00004381_039,C:\Users\manik\Downloads\Medical Image Annotation & Dataset Quality Pipeline\data\nih_sample\raw\images\00004381_039.png
NEAR_DUPLICATE,4,00000508_000,C:\Users\manik\Downloads\Medical Image Annotation & Dataset Quality Pipeline\data\nih_sample\raw\images\00000508_000.png,00011151_004,C:\Users\manik\Downloads\Medical Image Annotation & Dataset Quality Pipeline\data\nih_sample\raw\images\00011151_004.png
NEAR_DUPLICATE,6,00004381_039,C:\Users\manik\Downloads\Medical Image Annotation & Dataset Quality Pipeline\data\nih_sample\raw\images\00004381_039.png,00011151_004,C:\Users\manik\Downloads\Medical Image Annotation & Dataset Quality Pipeline\data\nih_sample\raw\images\00011151_004.png
NEAR_DUPLICATE,6,00004381_045,C:\Users\manik\Downloads\Medical Image Annotation & Dataset Quality Pipeline\data\nih_sample\raw\images\00004381_045.png,00017980_008,C:\Users\manik\Downloads\Medical Image Annotation & Dataset Quality Pipeline\data\nih_sample\raw\images\00017980_008.png
NEAR_DUPLICATE,4,00009710_004,C:\Users\manik\Downloads\Medical Image Annotation & Dataset Quality Pipeline\data\nih_sample\raw\images\00009710_004.png,00018387_016,C:\Users\manik\Downloads\Medical Image Annotation & Dataset Quality Pipeline\data\nih_sample\raw\images\00018387_016.png
NEAR_DUPLICATE,2,00012136_000,C:\Users\manik\Downloads\Medical Image Annotation & Dataset Quality Pipeline\data\nih_sample\raw\images\00012136_000.png,00018436_000,C:\Users\manik\Downloads\Medical Image Annotation & Dataset Quality Pipeline\data\nih_sample\raw\images\00018436_000.png
NEAR_DUPLICATE,6,00014112_000,C:\Users\manik\Downloads\Medical Image Annotation & Dataset Quality Pipeline\data\nih_sample\raw\images\00014112_000.png,00018287_000,C:\Users\manik\Downloads\Medical Image Annotation & Dataset Quality Pipeline\data\nih_sample\raw\images\00018287_000.png
NEAR_DUPLICATE,6,00002317_000,C:\Users\manik\Downloads\Medical Image Annotation & Dataset Quality Pipeline\data\nih_sample\raw\images\00002317_000.png,00021484_001,C:\Users\manik\Downloads\Medical Image Annotation & Dataset Quality Pipeline\data\nih_sample\raw\images\00021484_001.png
NEAR_DUPLICATE,4,00008084_002,C:\Users\manik\Downloads\Medical Image Annotation & Dataset Quality Pipeline\data\nih_sample\raw\images\00008084_002.png,00023853_000,C:\Users\manik\Downloads\Medical Image Annotation & Dataset Quality Pipeline\data\nih_sample\raw\images\00023853_000.png
NEAR_DUPLICATE,2,00018739_014,C:\Users\manik\Downloads\Medical Image Annotation & Dataset Quality Pipeline\data\nih_sample\raw\images\00018739_014.png,00018739_019,C:\Users\manik\Downloads\Medical Image Annotation & Dataset Quality Pipeline\data\nih_sample\raw\images\00018739_019.png
NEAR_DUPLICATE,4,00014832_000,C:\Users\manik\Downloads\Medical Image Annotation & Dataset Quality Pipeline\data\nih_sample\raw\images\00014832_000.png,00019999_002,C:\Users\manik\Downloads\Medical Image Annotation & Dataset Quality Pipeline\data\nih_sample\raw\images\00019999_002.png
NEAR_DUPLICATE,4,00016491_000,C:\Users\manik\Downloads\Medical Image Annotation & Dataset Quality Pipeline\data\nih_sample\raw\images\00016491_000.png,00025642_000,C:\Users\manik\Downloads\Medical Image Annotation & Dataset Quality Pipeline\data\nih_sample\raw\images\00025642_000.png
NEAR_DUPLICATE,4,00016491_000,C:\Users\manik\Downloads\Medical Image Annotation & Dataset Quality Pipeline\data\nih_sample\raw\images\00016491_000.png,00027874_000,C:\Users\manik\Downloads\Medical Image Annotation & Dataset Quality Pipeline\data\nih_sample\raw\images\00027874_000.png
NEAR_DUPLICATE,6,00025642_000,C:\Users\manik\Downloads\Medical Image Annotation & Dataset Quality Pipeline\data\nih_sample\raw\images\00025642_000.png,00027874_000,C:\Users\manik\Downloads\Medical Image Annotation & Dataset Quality Pipeline\data\nih_sample\raw\images\00027874_000.png
NEAR_DUPLICATE,6,00014703_000,C:\Users\manik\Downloads\Medical Image Annotation & Dataset Quality Pipeline\data\nih_sample\raw\images\00014703_000.png,00016390_000,C:\Users\manik\Downloads\Medical Image Annotation & Dataset Quality Pipeline\data\nih_sample\raw\images\00016390_000.png
NEAR_DUPLICATE,6,00003076_001,C:\Users\manik\Downloads\Medical Image Annotation & Dataset Quality Pipeline\data\nih_sample\raw\images\00003076_001.png,00013144_000,C:\Users\manik\Downloads\Medical Image Annotation & Dataset Quality Pipeline\data\nih_sample\raw\images\00013144_000.png
NEAR_DUPLICATE,6,00004858_070,C:\Users\manik\Downloads\Medical Image Annotation & Dataset Quality Pipeline\data\nih_sample\raw\images\00004858_070.png,00012733_000,C:\Users\manik\Downloads\Medical Image Annotation & Dataset Quality Pipeline\data\nih_sample\raw\images\00012733_000.png
NEAR_DUPLICATE,6,00004858_070,C:\Users\manik\Downloads\Medical Image Annotation & Dataset Quality Pipeline\data\nih_sample\raw\images\00004858_070.png,00025307_000,C:\Users\manik\Downloads\Medical Image Annotation & Dataset Quality Pipeline\data\nih_sample\raw\images\00025307_000.png
NEAR_DUPLICATE,6,00009842_003,C:\Users\manik\Downloads\Medical Image Annotation & Dataset Quality Pipeline\data\nih_sample\raw\images\00009842_003.png,00013144_000,C:\Users\manik\Downloads\Medical Image Annotation & Dataset Quality Pipeline\data\nih_sample\raw\images\00013144_000.png
NEAR_DUPLICATE,6,00009842_003,C:\Users\manik\Downloads\Medical Image Annotation & Dataset Quality Pipeline\data\nih_sample\raw\images\00009842_003.png,00025307_000,C:\Users\manik\Downloads\Medical Image Annotation & Dataset Quality Pipeline\data\nih_sample\raw\images\00025307_000.png
NEAR_DUPLICATE,6,00010049_001,C:\Users\manik\Downloads\Medical Image Annotation & Dataset Quality Pipeline\data\nih_sample\raw\images\00010049_001.png,00012178_005,C:\Users\manik\Downloads\Medical Image Annotation & Dataset Quality Pipeline\data\nih_sample\raw\images\00012178_005.png
NEAR_DUPLICATE,6,00013144_000,C:\Users\manik\Downloads\Medical Image Annotation & Dataset Quality Pipeline\data\nih_sample\raw\images\00013144_000.png,00017691_010,C:\Users\manik\Downloads\Medical Image Annotation & Dataset Quality Pipeline\data\nih_sample\raw\images\00017691_010.png
NEAR_DUPLICATE,6,00013144_000,C:\Users\manik\Downloads\Medical Image Annotation & Dataset Quality Pipeline\data\nih_sample\raw\images\00013144_000.png,00024471_000,C:\Users\manik\Downloads\Medical Image Annotation & Dataset Quality Pipeline\data\nih_sample\raw\images\00024471_000.png
NEAR_DUPLICATE,6,00001018_000,C:\Users\manik\Downloads\Medical Image Annotation & Dataset Quality Pipeline\data\nih_sample\raw\images\00001018_000.png,00010448_000,C:\Users\manik\Downloads\Medical Image Annotation & Dataset Quality Pipeline\data\nih_sample\raw\images\00010448_000.png
NEAR_DUPLICATE,6,00001018_000,C:\Users\manik\Downloads\Medical Image Annotation & Dataset Quality Pipeline\data\nih_sample\raw\images\00001018_000.png,00020656_000,C:\Users\manik\Downloads\Medical Image Annotation & Dataset Quality Pipeline\data\nih_sample\raw\images\00020656_000.png
NEAR_DUPLICATE,6,00002054_002,C:\Users\manik\Downloads\Medical Image Annotation & Dataset Quality Pipeline\data\nih_sample\raw\images\00002054_002.png,00012130_002,C:\Users\manik\Downloads\Medical Image Annotation & Dataset Quality Pipeline\data\nih_sample\raw\images\00012130_002.png
NEAR_DUPLICATE,6,00002054_002,C:\Users\manik\Downloads\Medical Image Annotation & Dataset Quality Pipeline\data\nih_sample\raw\images\00002054_002.png,00014750_000,C:\Users\manik\Downloads\Medical Image Annotation & Dataset Quality Pipeline\data\nih_sample\raw\images\00014750_000.png
NEAR_DUPLICATE,6,00002054_002,C:\Users\manik\Downloads\Medical Image Annotation & Dataset Quality Pipeline\data\nih_sample\raw\images\00002054_002.png,00018979_008,C:\Users\manik\Downloads\Medical Image Annotation & Dataset Quality Pipeline\data\nih_sample\raw\images\00018979_008.png
NEAR_DUPLICATE,4,00002054_002,C:\Users\manik\Downloads\Medical Image Annotation & Dataset Quality Pipeline\data\nih_sample\raw\images\00002054_002.png,00023309_007,C:\Users\manik\Downloads\Medical Image Annotation & Dataset Quality Pipeline\data\nih_sample\raw\images\00023309_007.png
NEAR_DUPLICATE,6,00002054_002,C:\Users\manik\Downloads\Medical Image Annotation & Dataset Quality Pipeline\data\nih_sample\raw\images\00002054_002.png,00029809_005,C:\Users\manik\Downloads\Medical Image Annotation & Dataset Quality Pipeline\data\nih_sample\raw\images\00029809_005.png
NEAR_DUPLICATE,6,00003717_001,C:\Users\manik\Downloads\Medical Image Annotation & Dataset Quality Pipeline\data\nih_sample\raw\images\00003717_001.png,00022693_000,C:\Users\manik\Downloads\Medical Image Annotation & Dataset Quality Pipeline\data\nih_sample\raw\images\00022693_000.png
NEAR_DUPLICATE,6,00006725_004,C:\Users\manik\Downloads\Medical Image Annotation & Dataset Quality Pipeline\data\nih_sample\raw\images\00006725_004.png,00020834_000,C:\Users\manik\Downloads\Medical Image Annotation & Dataset Quality Pipeline\data\nih_sample\raw\images\00020834_000.png
NEAR_DUPLICATE,6,00010058_001,C:\Users\manik\Downloads\Medical Image Annotation & Dataset Quality Pipeline\data\nih_sample\raw\images\00010058_001.png,00029809_005,C:\Users\manik\Downloads\Medical Image Annotation & Dataset Quality Pipeline\data\nih_sample\raw\images\00029809_005.png
NEAR_DUPLICATE,6,00010176_000,C:\Users\manik\Downloads\Medical Image Annotation & Dataset Quality Pipeline\data\nih_sample\raw\images\00010176_000.png,00015370_004,C:\Users\manik\Downloads\Medical Image Annotation & Dataset Quality Pipeline\data\nih_sample\raw\images\00015370_004.png
NEAR_DUPLICATE,6,00010448_000,C:\Users\manik\Downloads\Medical Image Annotation & Dataset Quality Pipeline\data\nih_sample\raw\images\00010448_000.png,00010749_000,C:\Users\manik\Downloads\Medical Image Annotation & Dataset Quality Pipeline\data\nih_sample\raw\images\00010749_000.png
NEAR_DUPLICATE,6,00010448_000,C:\Users\manik\Downloads\Medical Image Annotation & Dataset Quality Pipeline\data\nih_sample\raw\images\00010448_000.png,00011681_000,C:\Users\manik\Downloads\Medical Image Annotation & Dataset Quality Pipeline\data\nih_sample\raw\images\00011681_000.png
NEAR_DUPLICATE,6,00010448_000,C:\Users\manik\Downloads\Medical Image Annotation & Dataset Quality Pipeline\data\nih_sample\raw\images\00010448_000.png,00020656_000,C:\Users\manik\Downloads\Medical Image Annotation & Dataset Quality Pipeline\data\nih_sample\raw\images\00020656_000.png
NEAR_DUPLICATE,6,00010448_000,C:\Users\manik\Downloads\Medical Image Annotation & Dataset Quality Pipeline\data\nih_sample\raw\images\00010448_000.png,00020834_000,C:\Users\manik\Downloads\Medical Image Annotation & Dataset Quality Pipeline\data\nih_sample\raw\images\00020834_000.png
NEAR_DUPLICATE,4,00010563_016,C:\Users\manik\Downloads\Medical Image Annotation & Dataset Quality Pipeline\data\nih_sample\raw\images\00010563_016.png,00022693_000,C:\Users\manik\Downloads\Medical Image Annotation & Dataset Quality Pipeline\data\nih_sample\raw\images\00022693_000.png
NEAR_DUPLICATE,6,00012130_002,C:\Users\manik\Downloads\Medical Image Annotation & Dataset Quality Pipeline\data\nih_sample\raw\images\00012130_002.png,00023309_007,C:\Users\manik\Downloads\Medical Image Annotation & Dataset Quality Pipeline\data\nih_sample\raw\images\00023309_007.png
NEAR_DUPLICATE,6,00012298_011,C:\Users\manik\Downloads\Medical Image Annotation & Dataset Quality Pipeline\data\nih_sample\raw\images\00012298_011.png,00022693_000,C:\Users\manik\Downloads\Medical Image Annotation & Dataset Quality Pipeline\data\nih_sample\raw\images\00022693_000.png
NEAR_DUPLICATE,6,00012443_000,C:\Users\manik\Downloads\Medical Image Annotation & Dataset Quality Pipeline\data\nih_sample\raw\images\00012443_000.png,00018979_008,C:\Users\manik\Downloads\Medical Image Annotation & Dataset Quality Pipeline\data\nih_sample\raw\images\00018979_008.png
NEAR_DUPLICATE,6,00012443_000,C:\Users\manik\Downloads\Medical Image Annotation & Dataset Quality Pipeline\data\nih_sample\raw\images\00012443_000.png,00029809_005,C:\Users\manik\Downloads\Medical Image Annotation & Dataset Quality Pipeline\data\nih_sample\raw\images\00029809_005.png
NEAR_DUPLICATE,6,00012993_006,C:\Users\manik\Downloads\Medical Image Annotation & Dataset Quality Pipeline\data\nih_sample\raw\images\00012993_006.png,00023219_000,C:\Users\manik\Downloads\Medical Image Annotation & Dataset Quality Pipeline\data\nih_sample\raw\images\00023219_000.png
NEAR_DUPLICATE,6,00012993_006,C:\Users\manik\Downloads\Medical Image Annotation & Dataset Quality Pipeline\data\nih_sample\raw\images\00012993_006.png,00025813_000,C:\Users\manik\Downloads\Medical Image Annotation & Dataset Quality Pipeline\data\nih_sample\raw\images\00025813_000.png
NEAR_DUPLICATE,6,00014359_000,C:\Users\manik\Downloads\Medical Image Annotation & Dataset Quality Pipeline\data\nih_sample\raw\images\00014359_000.png,00018979_008,C:\Users\manik\Downloads\Medical Image Annotation & Dataset Quality Pipeline\data\nih_sample\raw\images\00018979_008.png
NEAR_DUPLICATE,6,00014359_000,C:\Users\manik\Downloads\Medical Image Annotation & Dataset Quality Pipeline\data\nih_sample\raw\images\00014359_000.png,00020190_003,C:\Users\manik\Downloads\Medical Image Annotation & Dataset Quality Pipeline\data\nih_sample\raw\images\00020190_003.png
NEAR_DUPLICATE,6,00014359_000,C:\Users\manik\Downloads\Medical Image Annotation & Dataset Quality Pipeline\data\nih_sample\raw\images\00014359_000.png,00020834_000,C:\Users\manik\Downloads\Medical Image Annotation & Dataset Quality Pipeline\data\nih_sample\raw\images\00020834_000.png
NEAR_DUPLICATE,6,00014359_000,C:\Users\manik\Downloads\Medical Image Annotation & Dataset Quality Pipeline\data\nih_sample\raw\images\00014359_000.png,00029809_005,C:\Users\manik\Downloads\Medical Image Annotation & Dataset Quality Pipeline\data\nih_sample\raw\images\00029809_005.png
NEAR_DUPLICATE,6,00014750_000,C:\Users\manik\Downloads\Medical Image Annotation & Dataset Quality Pipeline\data\nih_sample\raw\images\00014750_000.png,00018979_008,C:\Users\manik\Downloads\Medical Image Annotation & Dataset Quality Pipeline\data\nih_sample\raw\images\00018979_008.png
NEAR_DUPLICATE,6,00014750_000,C:\Users\manik\Downloads\Medical Image Annotation & Dataset Quality Pipeline\data\nih_sample\raw\images\00014750_000.png,00023309_007,C:\Users\manik\Downloads\Medical Image Annotation & Dataset Quality Pipeline\data\nih_sample\raw\images\00023309_007.png
NEAR_DUPLICATE,6,00018979_008,C:\Users\manik\Downloads\Medical Image Annotation & Dataset Quality Pipeline\data\nih_sample\raw\images\00018979_008.png,00026282_000,C:\Users\manik\Downloads\Medical Image Annotation & Dataset Quality Pipeline\data\nih_sample\raw\images\00026282_000.png
NEAR_DUPLICATE,4,00018979_008,C:\Users\manik\Downloads\Medical Image Annotation & Dataset Quality Pipeline\data\nih_sample\raw\images\00018979_008.png,00029809_005,C:\Users\manik\Downloads\Medical Image Annotation & Dataset Quality Pipeline\data\nih_sample\raw\images\00029809_005.png
NEAR_DUPLICATE,6,00019762_000,C:\Users\manik\Downloads\Medical Image Annotation & Dataset Quality Pipeline\data\nih_sample\raw\images\00019762_000.png,00023309_007,C:\Users\manik\Downloads\Medical Image Annotation & Dataset Quality Pipeline\data\nih_sample\raw\images\00023309_007.png
NEAR_DUPLICATE,4,00019762_000,C:\Users\manik\Downloads\Medical Image Annotation & Dataset Quality Pipeline\data\nih_sample\raw\images\00019762_000.png,00027300_000,C:\Users\manik\Downloads\Medical Image Annotation & Dataset Quality Pipeline\data\nih_sample\raw\images\00027300_000.png
NEAR_DUPLICATE,6,00020190_003,C:\Users\manik\Downloads\Medical Image Annotation & Dataset Quality Pipeline\data\nih_sample\raw\images\00020190_003.png,00028392_000,C:\Users\manik\Downloads\Medical Image Annotation & Dataset Quality Pipeline\data\nih_sample\raw\images\00028392_000.png
NEAR_DUPLICATE,6,00020656_000,C:\Users\manik\Downloads\Medical Image Annotation & Dataset Quality Pipeline\data\nih_sample\raw\images\00020656_000.png,00020834_000,C:\Users\manik\Downloads\Medical Image Annotation & Dataset Quality Pipeline\data\nih_sample\raw\images\00020834_000.png
NEAR_DUPLICATE,6,00020834_000,C:\Users\manik\Downloads\Medical Image Annotation & Dataset Quality Pipeline\data\nih_sample\raw\images\00020834_000.png,00026282_000,C:\Users\manik\Downloads\Medical Image Annotation & Dataset Quality Pipeline\data\nih_sample\raw\images\00026282_000.png
NEAR_DUPLICATE,6,00023219_000,C:\Users\manik\Downloads\Medical Image Annotation & Dataset Quality Pipeline\data\nih_sample\raw\images\00023219_000.png,00023309_007,C:\Users\manik\Downloads\Medical Image Annotation & Dataset Quality Pipeline\data\nih_sample\raw\images\00023309_007.png
NEAR_DUPLICATE,6,00023309_007,C:\Users\manik\Downloads\Medical Image Annotation & Dataset Quality Pipeline\data\nih_sample\raw\images\00023309_007.png,00027300_000,C:\Users\manik\Downloads\Medical Image Annotation & Dataset Quality Pipeline\data\nih_sample\raw\images\00027300_000.png
NEAR_DUPLICATE,6,00023309_007,C:\Users\manik\Downloads\Medical Image Annotation & Dataset Quality Pipeline\data\nih_sample\raw\images\00023309_007.png,00029809_005,C:\Users\manik\Downloads\Medical Image Annotation & Dataset Quality Pipeline\data\nih_sample\raw\images\00029809_005.png
NEAR_DUPLICATE,6,00026282_000,C:\Users\manik\Downloads\Medical Image Annotation & Dataset Quality Pipeline\data\nih_sample\raw\images\00026282_000.png,00029809_005,C:\Users\manik\Downloads\Medical Image Annotation & Dataset Quality Pipeline\data\nih_sample\raw\images\00029809_005.png
NEAR_DUPLICATE,6,00001989_012,C:\Users\manik\Downloads\Medical Image Annotation & Dataset Quality Pipeline\data\nih_sample\raw\images\00001989_012.png,00027427_001,C:\Users\manik\Downloads\Medical Image Annotation & Dataset Quality Pipeline\data\nih_sample\raw\images\00027427_001.png
NEAR_DUPLICATE,6,00004980_000,C:\Users\manik\Downloads\Medical Image Annotation & Dataset Quality Pipeline\data\nih_sample\raw\images\00004980_000.png,00008339_001,C:\Users\manik\Downloads\Medical Image Annotation & Dataset Quality Pipeline\data\nih_sample\raw\images\00008339_001.png
NEAR_DUPLICATE,6,00007526_022,C:\Users\manik\Downloads\Medical Image Annotation & Dataset Quality Pipeline\data\nih_sample\raw\images\00007526_022.png,00012176_012,C:\Users\manik\Downloads\Medical Image Annotation & Dataset Quality Pipeline\data\nih_sample\raw\images\00012176_012.png
NEAR_DUPLICATE,6,00012176_012,C:\Users\manik\Downloads\Medical Image Annotation & Dataset Quality Pipeline\data\nih_sample\raw\images\00012176_012.png,00027427_001,C:\Users\manik\Downloads\Medical Image Annotation & Dataset Quality Pipeline\data\nih_sample\raw\images\00027427_001.png
NEAR_DUPLICATE,6,00013119_002,C:\Users\manik\Downloads\Medical Image Annotation & Dataset Quality Pipeline\data\nih_sample\raw\images\00013119_002.png,00028974_000,C:\Users\manik\Downloads\Medical Image Annotation & Dataset Quality Pipeline\data\nih_sample\raw\images\00028974_000.png
NEAR_DUPLICATE,6,00015926_000,C:\Users\manik\Downloads\Medical Image Annotation & Dataset Quality Pipeline\data\nih_sample\raw\images\00015926_000.png,00024839_000,C:\Users\manik\Downloads\Medical Image Annotation & Dataset Quality Pipeline\data\nih_sample\raw\images\00024839_000.png
NEAR_DUPLICATE,6,00000612_000,C:\Users\manik\Downloads\Medical Image Annotation & Dataset Quality Pipeline\data\nih_sample\raw\images\00000612_000.png,00014006_010,C:\Users\manik\Downloads\Medical Image Annotation & Dataset Quality Pipeline\data\nih_sample\raw\images\00014006_010.png
NEAR_DUPLICATE,6,00001907_000,C:\Users\manik\Downloads\Medical Image Annotation & Dataset Quality Pipeline\data\nih_sample\raw\images\00001907_000.png,00011497_000,C:\Users\manik\Downloads\Medical Image Annotation & Dataset Quality Pipeline\data\nih_sample\raw\images\00011497_000.png
NEAR_DUPLICATE,6,00014721_001,C:\Users\manik\Downloads\Medical Image Annotation & Dataset Quality Pipeline\data\nih_sample\raw\images\00014721_001.png,00023689_000,C:\Users\manik\Downloads\Medical Image Annotation & Dataset Quality Pipeline\data\nih_sample\raw\images\00023689_000.png
NEAR_DUPLICATE,6,00006500_002,C:\Users\manik\Downloads\Medical Image Annotation & Dataset Quality Pipeline\data\nih_sample\raw\images\00006500_002.png,00012692_001,C:\Users\manik\Downloads\Medical Image Annotation & Dataset Quality Pipeline\data\nih_sample\raw\images\00012692_001.png
NEAR_DUPLICATE,6,00008105_001,C:\Users\manik\Downloads\Medical Image Annotation & Dataset Quality Pipeline\data\nih_sample\raw\images\00008105_001.png,00018017_000,C:\Users\manik\Downloads\Medical Image Annotation & Dataset Quality Pipeline\data\nih_sample\raw\images\00018017_000.png
NEAR_DUPLICATE,6,00020978_008,C:\Users\manik\Downloads\Medical Image Annotation & Dataset Quality Pipeline\data\nih_sample\raw\images\00020978_008.png,00026908_010,C:\Users\manik\Downloads\Medical Image Annotation & Dataset Quality Pipeline\data\nih_sample\raw\images\00026908_010.png
NEAR_DUPLICATE,2,00011355_009,C:\Users\manik\Downloads\Medical Image Annotation & Dataset Quality Pipeline\data\nih_sample\raw\images\00011355_009.png,00011355_018,C:\Users\manik\Downloads\Medical Image Annotation & Dataset Quality Pipeline\data\nih_sample\raw\images\00011355_018.png
NEAR_DUPLICATE,6,00000549_002,C:\Users\manik\Downloads\Medical Image Annotation & Dataset Quality Pipeline\data\nih_sample\raw\images\00000549_002.png,00009349_014,C:\Users\manik\Downloads\Medical Image Annotation & Dataset Quality Pipeline\data\nih_sample\raw\images\00009349_014.png
NEAR_DUPLICATE,6,00007932_011,C:\Users\manik\Downloads\Medical Image Annotation & Dataset Quality Pipeline\data\nih_sample\raw\images\00007932_011.png,00010188_005,C:\Users\manik\Downloads\Medical Image Annotation & Dataset Quality Pipeline\data\nih_sample\raw\images\00010188_005.png
NEAR_DUPLICATE,4,00003754_001,C:\Users\manik\Downloads\Medical Image Annotation & Dataset Quality Pipeline\data\nih_sample\raw\images\00003754_001.png,00010513_001,C:\Users\manik\Downloads\Medical Image Annotation & Dataset Quality Pipeline\data\nih_sample\raw\images\00010513_001.png
NEAR_DUPLICATE,6,00003754_001,C:\Users\manik\Downloads\Medical Image Annotation & Dataset Quality Pipeline\data\nih_sample\raw\images\00003754_001.png,00010752_007,C:\Users\manik\Downloads\Medical Image Annotation & Dataset Quality Pipeline\data\nih_sample\raw\images\00010752_007.png
NEAR_DUPLICATE,6,00014398_039,C:\Users\manik\Downloads\Medical Image Annotation & Dataset Quality Pipeline\data\nih_sample\raw\images\00014398_039.png,00021277_014,C:\Users\manik\Downloads\Medical Image Annotation & Dataset Quality Pipeline\data\nih_sample\raw\images\00021277_014.png
NEAR_DUPLICATE,6,00015606_008,C:\Users\manik\Downloads\Medical Image Annotation & Dataset Quality Pipeline\data\nih_sample\raw\images\00015606_008.png,00016618_008,C:\Users\manik\Downloads\Medical Image Annotation & Dataset Quality Pipeline\data\nih_sample\raw\images\00016618_008.png
NEAR_DUPLICATE,6,00007624_020,C:\Users\manik\Downloads\Medical Image Annotation & Dataset Quality Pipeline\data\nih_sample\raw\images\00007624_020.png,00027652_003,C:\Users\manik\Downloads\Medical Image Annotation & Dataset Quality Pipeline\data\nih_sample\raw\images\00027652_003.png
NEAR_DUPLICATE,6,00009365_024,C:\Users\manik\Downloads\Medical Image Annotation & Dataset Quality Pipeline\data\nih_sample\raw\images\00009365_024.png,00017138_048,C:\Users\manik\Downloads\Medical Image Annotation & Dataset Quality Pipeline\data\nih_sample\raw\images\00017138_048.png
NEAR_DUPLICATE,6,00000013_005,C:\Users\manik\Downloads\Medical Image Annotation & Dataset Quality Pipeline\data\nih_sample\raw\images\00000013_005.png,00022523_000,C:\Users\manik\Downloads\Medical Image Annotation & Dataset Quality Pipeline\data\nih_sample\raw\images\00022523_000.png
NEAR_DUPLICATE,6,00002615_000,C:\Users\manik\Downloads\Medical Image Annotation & Dataset Quality Pipeline\data\nih_sample\raw\images\00002615_000.png,00006670_000,C:\Users\manik\Downloads\Medical Image Annotation & Dataset Quality Pipeline\data\nih_sample\raw\images\00006670_000.png
NEAR_DUPLICATE,6,00002615_000,C:\Users\manik\Downloads\Medical Image Annotation & Dataset Quality Pipeline\data\nih_sample\raw\images\00002615_000.png,00018421_006,C:\Users\manik\Downloads\Medical Image Annotation & Dataset Quality Pipeline\data\nih_sample\raw\images\00018421_006.png
NEAR_DUPLICATE,6,00017594_002,C:\Users\manik\Downloads\Medical Image Annotation & Dataset Quality Pipeline\data\nih_sample\raw\images\00017594_002.png,00018421_006,C:\Users\manik\Downloads\Medical Image Annotation & Dataset Quality Pipeline\data\nih_sample\raw\images\00018421_006.png
NEAR_DUPLICATE,6,00002524_033,C:\Users\manik\Downloads\Medical Image Annotation & Dataset Quality Pipeline\data\nih_sample\raw\images\00002524_033.png,00028757_000,C:\Users\manik\Downloads\Medical Image Annotation & Dataset Quality Pipeline\data\nih_sample\raw\images\00028757_000.png
NEAR_DUPLICATE,6,00008707_002,C:\Users\manik\Downloads\Medical Image Annotation & Dataset Quality Pipeline\data\nih_sample\raw\images\00008707_002.png,00029998_010,C:\Users\manik\Downloads\Medical Image Annotation & Dataset Quality Pipeline\data\nih_sample\raw\images\00029998_010.png
NEAR_DUPLICATE,6,00009378_008,C:\Users\manik\Downloads\Medical Image Annotation & Dataset Quality Pipeline\data\nih_sample\raw\images\00009378_008.png,00019484_005,C:\Users\manik\Downloads\Medical Image Annotation & Dataset Quality Pipeline\data\nih_sample\raw\images\00019484_005.png
NEAR_DUPLICATE,6,00012116_001,C:\Users\manik\Downloads\Medical Image Annotation & Dataset Quality Pipeline\data\nih_sample\raw\images\00012116_001.png,00017721_001,C:\Users\manik\Downloads\Medical Image Annotation & Dataset Quality Pipeline\data\nih_sample\raw\images\00017721_001.png
NEAR_DUPLICATE,6,00013213_001,C:\Users\manik\Downloads\Medical Image Annotation & Dataset Quality Pipeline\data\nih_sample\raw\images\00013213_001.png,00025994_005,C:\Users\manik\Downloads\Medical Image Annotation & Dataset Quality Pipeline\data\nih_sample\raw\images\00025994_005.png
NEAR_DUPLICATE,6,00000820_003,C:\Users\manik\Downloads\Medical Image Annotation & Dataset Quality Pipeline\data\nih_sample\raw\images\00000820_003.png,00002395_029,C:\Users\manik\Downloads\Medical Image Annotation & Dataset Quality Pipeline\data\nih_sample\raw\images\00002395_029.png
NEAR_DUPLICATE,6,00000278_000,C:\Users\manik\Downloads\Medical Image Annotation & Dataset Quality Pipeline\data\nih_sample\raw\images\00000278_000.png,00002547_007,C:\Users\manik\Downloads\Medical Image Annotation & Dataset Quality Pipeline\data\nih_sample\raw\images\00002547_007.png
NEAR_DUPLICATE,6,00000278_000,C:\Users\manik\Downloads\Medical Image Annotation & Dataset Quality Pipeline\data\nih_sample\raw\images\00000278_000.png,00029165_008,C:\Users\manik\Downloads\Medical Image Annotation & Dataset Quality Pipeline\data\nih_sample\raw\images\00029165_008.png
NEAR_DUPLICATE,6,00020213_110,C:\Users\manik\Downloads\Medical Image Annotation & Dataset Quality Pipeline\data\nih_sample\raw\images\00020213_110.png,00027213_025,C:\Users\manik\Downloads\Medical Image Annotation & Dataset Quality Pipeline\data\nih_sample\raw\images\00027213_025.png
NEAR_DUPLICATE,6,00007781_000,C:\Users\manik\Downloads\Medical Image Annotation & Dataset Quality Pipeline\data\nih_sample\raw\images\00007781_000.png,00025423_000,C:\Users\manik\Downloads\Medical Image Annotation & Dataset Quality Pipeline\data\nih_sample\raw\images\00025423_000.png
NEAR_DUPLICATE,4,00024103_000,C:\Users\manik\Downloads\Medical Image Annotation & Dataset Quality Pipeline\data\nih_sample\raw\images\00024103_000.png,00025423_000,C:\Users\manik\Downloads\Medical Image Annotation & Dataset Quality Pipeline\data\nih_sample\raw\images\00025423_000.png
NEAR_DUPLICATE,6,00002278_000,C:\Users\manik\Downloads\Medical Image Annotation & Dataset Quality Pipeline\data\nih_sample\raw\images\00002278_000.png,00011463_000,C:\Users\manik\Downloads\Medical Image Annotation & Dataset Quality Pipeline\data\nih_sample\raw\images\00011463_000.png
NEAR_DUPLICATE,6,00005483_001,C:\Users\manik\Downloads\Medical Image Annotation & Dataset Quality Pipeline\data\nih_sample\raw\images\00005483_001.png,00018080_008,C:\Users\manik\Downloads\Medical Image Annotation & Dataset Quality Pipeline\data\nih_sample\raw\images\00018080_008.png
NEAR_DUPLICATE,6,00018157_000,C:\Users\manik\Downloads\Medical Image Annotation & Dataset Quality Pipeline\data\nih_sample\raw\images\00018157_000.png,00023738_000,C:\Users\manik\Downloads\Medical Image Annotation & Dataset Quality Pipeline\data\nih_sample\raw\images\00023738_000.png
NEAR_DUPLICATE,6,00015770_032,C:\Users\manik\Downloads\Medical Image Annotation & Dataset Quality Pipeline\data\nih_sample\raw\images\00015770_032.png,00028518_003,C:\Users\manik\Downloads\Medical Image Annotation & Dataset Quality Pipeline\data\nih_sample\raw\images\00028518_003.png
NEAR_DUPLICATE,6,00001592_000,C:\Users\manik\Downloads\Medical Image Annotation & Dataset Quality Pipeline\data\nih_sample\raw\images\00001592_000.png,00017405_028,C:\Users\manik\Downloads\Medical Image Annotation & Dataset Quality Pipeline\data\nih_sample\raw\images\00017405_028.png
NEAR_DUPLICATE,6,00003989_020,C:\Users\manik\Downloads\Medical Image Annotation & Dataset Quality Pipeline\data\nih_sample\raw\images\00003989_020.png,00015969_004,C:\Users\manik\Downloads\Medical Image Annotation & Dataset Quality Pipeline\data\nih_sample\raw\images\00015969_004.png
NEAR_DUPLICATE,6,00004188_008,C:\Users\manik\Downloads\Medical Image Annotation & Dataset Quality Pipeline\data\nih_sample\raw\images\00004188_008.png,00029813_031,C:\Users\manik\Downloads\Medical Image Annotation & Dataset Quality Pipeline\data\nih_sample\raw\images\00029813_031.png
NEAR_DUPLICATE,6,00000444_001,C:\Users\manik\Downloads\Medical Image Annotation & Dataset Quality Pipeline\data\nih_sample\raw\images\00000444_001.png,00017641_008,C:\Users\manik\Downloads\Medical Image Annotation & Dataset Quality Pipeline\data\nih_sample\raw\images\00017641_008.png
NEAR_DUPLICATE,4,00007034_012,C:\Users\manik\Downloads\Medical Image Annotation & Dataset Quality Pipeline\data\nih_sample\raw\images\00007034_012.png,00029908_000,C:\Users\manik\Downloads\Medical Image Annotation & Dataset Quality Pipeline\data\nih_sample\raw\images\00029908_000.png
NEAR_DUPLICATE,2,00008127_001,C:\Users\manik\Downloads\Medical Image Annotation & Dataset Quality Pipeline\data\nih_sample\raw\images\00008127_001.png,00029501_000,C:\Users\manik\Downloads\Medical Image Annotation & Dataset Quality Pipeline\data\nih_sample\raw\images\00029501_000.png
NEAR_DUPLICATE,4,00013625_048,C:\Users\manik\Downloads\Medical Image Annotation & Dataset Quality Pipeline\data\nih_sample\raw\images\00013625_048.png,00014081_002,C:\Users\manik\Downloads\Medical Image Annotation & Dataset Quality Pipeline\data\nih_sample\raw\images\00014081_002.png
NEAR_DUPLICATE,6,00005920_005,C:\Users\manik\Downloads\Medical Image Annotation & Dataset Quality Pipeline\data\nih_sample\raw\images\00005920_005.png,00022763_000,C:\Users\manik\Downloads\Medical Image Annotation & Dataset Quality Pipeline\data\nih_sample\raw\images\00022763_000.png
NEAR_DUPLICATE,6,00010204_000,C:\Users\manik\Downloads\Medical Image Annotation & Dataset Quality Pipeline\data\nih_sample\raw\images\00010204_000.png,00022208_005,C:\Users\manik\Downloads\Medical Image Annotation & Dataset Quality Pipeline\data\nih_sample\raw\images\00022208_005.png
NEAR_DUPLICATE,6,00010358_000,C:\Users\manik\Downloads\Medical Image Annotation & Dataset Quality Pipeline\data\nih_sample\raw\images\00010358_000.png,00011385_002,C:\Users\manik\Downloads\Medical Image Annotation & Dataset Quality Pipeline\data\nih_sample\raw\images\00011385_002.png
NEAR_DUPLICATE,6,00014732_003,C:\Users\manik\Downloads\Medical Image Annotation & Dataset Quality Pipeline\data\nih_sample\raw\images\00014732_003.png,00028043_000,C:\Users\manik\Downloads\Medical Image Annotation & Dataset Quality Pipeline\data\nih_sample\raw\images\00028043_000.png
NEAR_DUPLICATE,6,00011425_003,C:\Users\manik\Downloads\Medical Image Annotation & Dataset Quality Pipeline\data\nih_sample\raw\images\00011425_003.png,00020294_010,C:\Users\manik\Downloads\Medical Image Annotation & Dataset Quality Pipeline\data\nih_sample\raw\images\00020294_010.png
NEAR_DUPLICATE,6,00022883_006,C:\Users\manik\Downloads\Medical Image Annotation & Dataset Quality Pipeline\data\nih_sample\raw\images\00022883_006.png,00025964_004,C:\Users\manik\Downloads\Medical Image Annotation & Dataset Quality Pipeline\data\nih_sample\raw\images\00025964_004.png
NEAR_DUPLICATE,6,00027427_011,C:\Users\manik\Downloads\Medical Image Annotation & Dataset Quality Pipeline\data\nih_sample\raw\images\00027427_011.png,00029308_000,C:\Users\manik\Downloads\Medical Image Annotation & Dataset Quality Pipeline\data\nih_sample\raw\images\00029308_000.png
NEAR_DUPLICATE,6,00011408_000,C:\Users\manik\Downloads\Medical Image Annotation & Dataset Quality Pipeline\data\nih_sample\raw\images\00011408_000.png,00022276_000,C:\Users\manik\Downloads\Medical Image Annotation & Dataset Quality Pipeline\data\nih_sample\raw\images\00022276_000.png
NEAR_DUPLICATE,6,00006992_000,C:\Users\manik\Downloads\Medical Image Annotation & Dataset Quality Pipeline\data\nih_sample\raw\images\00006992_000.png,00026848_022,C:\Users\manik\Downloads\Medical Image Annotation & Dataset Quality Pipeline\data\nih_sample\raw\images\00026848_022.png
NEAR_DUPLICATE,6,00002469_000,C:\Users\manik\Downloads\Medical Image Annotation & Dataset Quality Pipeline\data\nih_sample\raw\images\00002469_000.png,00004519_016,C:\Users\manik\Downloads\Medical Image Annotation & Dataset Quality Pipeline\data\nih_sample\raw\images\00004519_016.png
NEAR_DUPLICATE,4,00004067_000,C:\Users\manik\Downloads\Medical Image Annotation & Dataset Quality Pipeline\data\nih_sample\raw\images\00004067_000.png,00010162_000,C:\Users\manik\Downloads\Medical Image Annotation & Dataset Quality Pipeline\data\nih_sample\raw\images\00010162_000.png
NEAR_DUPLICATE,6,00004401_000,C:\Users\manik\Downloads\Medical Image Annotation & Dataset Quality Pipeline\data\nih_sample\raw\images\00004401_000.png,00010162_000,C:\Users\manik\Downloads\Medical Image Annotation & Dataset Quality Pipeline\data\nih_sample\raw\images\00010162_000.png
NEAR_DUPLICATE,6,00000554_000,C:\Users\manik\Downloads\Medical Image Annotation & Dataset Quality Pipeline\data\nih_sample\raw\images\00000554_000.png,00026970_002,C:\Users\manik\Downloads\Medical Image Annotation & Dataset Quality Pipeline\data\nih_sample\raw\images\00026970_002.png
NEAR_DUPLICATE,6,00005478_000,C:\Users\manik\Downloads\Medical Image Annotation & Dataset Quality Pipeline\data\nih_sample\raw\images\00005478_000.png,00019388_001,C:\Users\manik\Downloads\Medical Image Annotation & Dataset Quality Pipeline\data\nih_sample\raw\images\00019388_001.png
NEAR_DUPLICATE,6,00018186_011,C:\Users\manik\Downloads\Medical Image Annotation & Dataset Quality Pipeline\data\nih_sample\raw\images\00018186_011.png,00021245_000,C:\Users\manik\Downloads\Medical Image Annotation & Dataset Quality Pipeline\data\nih_sample\raw\images\00021245_000.png
NEAR_DUPLICATE,6,00003527_003,C:\Users\manik\Downloads\Medical Image Annotation & Dataset Quality Pipeline\data\nih_sample\raw\images\00003527_003.png,00015192_002,C:\Users\manik\Downloads\Medical Image Annotation & Dataset Quality Pipeline\data\nih_sample\raw\images\00015192_002.png
NEAR_DUPLICATE,6,00000490_000,C:\Users\manik\Downloads\Medical Image Annotation & Dataset Quality Pipeline\data\nih_sample\raw\images\00000490_000.png,00014492_000,C:\Users\manik\Downloads\Medical Image Annotation & Dataset Quality Pipeline\data\nih_sample\raw\images\00014492_000.png
NEAR_DUPLICATE,6,00011174_008,C:\Users\manik\Downloads\Medical Image Annotation & Dataset Quality Pipeline\data\nih_sample\raw\images\00011174_008.png,00023498_006,C:\Users\manik\Downloads\Medical Image Annotation & Dataset Quality Pipeline\data\nih_sample\raw\images\00023498_006.png
NEAR_DUPLICATE,4,00023498_006,C:\Users\manik\Downloads\Medical Image Annotation & Dataset Quality Pipeline\data\nih_sample\raw\images\00023498_006.png,00029479_003,C:\Users\manik\Downloads\Medical Image Annotation & Dataset Quality Pipeline\data\nih_sample\raw\images\00029479_003.png
NEAR_DUPLICATE,6,00016607_018,C:\Users\manik\Downloads\Medical Image Annotation & Dataset Quality Pipeline\data\nih_sample\raw\images\00016607_018.png,00022734_001,C:\Users\manik\Downloads\Medical Image Annotation & Dataset Quality Pipeline\data\nih_sample\raw\images\00022734_001.png
NEAR_DUPLICATE,6,00001872_014,C:\Users\manik\Downloads\Medical Image Annotation & Dataset Quality Pipeline\data\nih_sample\raw\images\00001872_014.png,00008433_001,C:\Users\manik\Downloads\Medical Image Annotation & Dataset Quality Pipeline\data\nih_sample\raw\images\00008433_001.png
NEAR_DUPLICATE,6,00001872_014,C:\Users\manik\Downloads\Medical Image Annotation & Dataset Quality Pipeline\data\nih_sample\raw\images\00001872_014.png,00009882_001,C:\Users\manik\Downloads\Medical Image Annotation & Dataset Quality Pipeline\data\nih_sample\raw\images\00009882_001.png
NEAR_DUPLICATE,6,00003343_000,C:\Users\manik\Downloads\Medical Image Annotation & Dataset Quality Pipeline\data\nih_sample\raw\images\00003343_000.png,00020523_000,C:\Users\manik\Downloads\Medical Image Annotation & Dataset Quality Pipeline\data\nih_sample\raw\images\00020523_000.png
NEAR_DUPLICATE,6,00003295_000,C:\Users\manik\Downloads\Medical Image Annotation & Dataset Quality Pipeline\data\nih_sample\raw\images\00003295_000.png,00017573_000,C:\Users\manik\Downloads\Medical Image Annotation & Dataset Quality Pipeline\data\nih_sample\raw\images\00017573_000.png
NEAR_DUPLICATE,6,00006383_009,C:\Users\manik\Downloads\Medical Image Annotation & Dataset Quality Pipeline\data\nih_sample\raw\images\00006383_009.png,00017573_000,C:\Users\manik\Downloads\Medical Image Annotation & Dataset Quality Pipeline\data\nih_sample\raw\images\00017573_000.png
NEAR_DUPLICATE,6,00010555_003,C:\Users\manik\Downloads\Medical Image Annotation & Dataset Quality Pipeline\data\nih_sample\raw\images\00010555_003.png,00013369_000,C:\Users\manik\Downloads\Medical Image Annotation & Dataset Quality Pipeline\data\nih_sample\raw\images\00013369_000.png
NEAR_DUPLICATE,6,00010555_003,C:\Users\manik\Downloads\Medical Image Annotation & Dataset Quality Pipeline\data\nih_sample\raw\images\00010555_003.png,00019672_001,C:\Users\manik\Downloads\Medical Image Annotation & Dataset Quality Pipeline\data\nih_sample\raw\images\00019672_001.png
NEAR_DUPLICATE,6,00010555_003,C:\Users\manik\Downloads\Medical Image Annotation & Dataset Quality Pipeline\data\nih_sample\raw\images\00010555_003.png,00023435_002,C:\Users\manik\Downloads\Medical Image Annotation & Dataset Quality Pipeline\data\nih_sample\raw\images\00023435_002.png
NEAR_DUPLICATE,4,00017573_000,C:\Users\manik\Downloads\Medical Image Annotation & Dataset Quality Pipeline\data\nih_sample\raw\images\00017573_000.png,00019672_001,C:\Users\manik\Downloads\Medical Image Annotation & Dataset Quality Pipeline\data\nih_sample\raw\images\00019672_001.png
NEAR_DUPLICATE,6,00017573_000,C:\Users\manik\Downloads\Medical Image Annotation & Dataset Quality Pipeline\data\nih_sample\raw\images\00017573_000.png,00023435_002,C:\Users\manik\Downloads\Medical Image Annotation & Dataset Quality Pipeline\data\nih_sample\raw\images\00023435_002.png
NEAR_DUPLICATE,6,00019672_001,C:\Users\manik\Downloads\Medical Image Annotation & Dataset Quality Pipeline\data\nih_sample\raw\images\00019672_001.png,00023435_002,C:\Users\manik\Downloads\Medical Image Annotation & Dataset Quality Pipeline\data\nih_sample\raw\images\00023435_002.png
NEAR_DUPLICATE,6,00020130_009,C:\Users\manik\Downloads\Medical Image Annotation & Dataset Quality Pipeline\data\nih_sample\raw\images\00020130_009.png,00023435_002,C:\Users\manik\Downloads\Medical Image Annotation & Dataset Quality Pipeline\data\nih_sample\raw\images\00023435_002.png
NEAR_DUPLICATE,2,00020130_009,C:\Users\manik\Downloads\Medical Image Annotation & Dataset Quality Pipeline\data\nih_sample\raw\images\00020130_009.png,00024891_000,C:\Users\manik\Downloads\Medical Image Annotation & Dataset Quality Pipeline\data\nih_sample\raw\images\00024891_000.png
NEAR_DUPLICATE,6,00011065_007,C:\Users\manik\Downloads\Medical Image Annotation & Dataset Quality Pipeline\data\nih_sample\raw\images\00011065_007.png,00019641_000,C:\Users\manik\Downloads\Medical Image Annotation & Dataset Quality Pipeline\data\nih_sample\raw\images\00019641_000.png
NEAR_DUPLICATE,4,00001487_000,C:\Users\manik\Downloads\Medical Image Annotation & Dataset Quality Pipeline\data\nih_sample\raw\images\00001487_000.png,00011558_007,C:\Users\manik\Downloads\Medical Image Annotation & Dataset Quality Pipeline\data\nih_sample\raw\images\00011558_007.png
NEAR_DUPLICATE,6,00004145_000,C:\Users\manik\Downloads\Medical Image Annotation & Dataset Quality Pipeline\data\nih_sample\raw\images\00004145_000.png,00017798_000,C:\Users\manik\Downloads\Medical Image Annotation & Dataset Quality Pipeline\data\nih_sample\raw\images\00017798_000.png
NEAR_DUPLICATE,6,00005595_000,C:\Users\manik\Downloads\Medical Image Annotation & Dataset Quality Pipeline\data\nih_sample\raw\images\00005595_000.png,00008573_000,C:\Users\manik\Downloads\Medical Image Annotation & Dataset Quality Pipeline\data\nih_sample\raw\images\00008573_000.png
NEAR_DUPLICATE,6,00006519_009,C:\Users\manik\Downloads\Medical Image Annotation & Dataset Quality Pipeline\data\nih_sample\raw\images\00006519_009.png,00027036_001,C:\Users\manik\Downloads\Medical Image Annotation & Dataset Quality Pipeline\data\nih_sample\raw\images\00027036_001.png
NEAR_DUPLICATE,6,00006808_035,C:\Users\manik\Downloads\Medical Image Annotation & Dataset Quality Pipeline\data\nih_sample\raw\images\00006808_035.png,00029115_000,C:\Users\manik\Downloads\Medical Image Annotation & Dataset Quality Pipeline\data\nih_sample\raw\images\00029115_000.png
NEAR_DUPLICATE,6,00011304_001,C:\Users\manik\Downloads\Medical Image Annotation & Dataset Quality Pipeline\data\nih_sample\raw\images\00011304_001.png,00018261_000,C:\Users\manik\Downloads\Medical Image Annotation & Dataset Quality Pipeline\data\nih_sample\raw\images\00018261_000.png
NEAR_DUPLICATE,6,00014116_001,C:\Users\manik\Downloads\Medical Image Annotation & Dataset Quality Pipeline\data\nih_sample\raw\images\00014116_001.png,00023033_010,C:\Users\manik\Downloads\Medical Image Annotation & Dataset Quality Pipeline\data\nih_sample\raw\images\00023033_010.png
NEAR_DUPLICATE,4,00017088_003,C:\Users\manik\Downloads\Medical Image Annotation & Dataset Quality Pipeline\data\nih_sample\raw\images\00017088_003.png,00026684_002,C:\Users\manik\Downloads\Medical Image Annotation & Dataset Quality Pipeline\data\nih_sample\raw\images\00026684_002.png
NEAR_DUPLICATE,6,00002466_006,C:\Users\manik\Downloads\Medical Image Annotation & Dataset Quality Pipeline\data\nih_sample\raw\images\00002466_006.png,00003837_008,C:\Users\manik\Downloads\Medical Image Annotation & Dataset Quality Pipeline\data\nih_sample\raw\images\00003837_008.png
NEAR_DUPLICATE,6,00003407_007,C:\Users\manik\Downloads\Medical Image Annotation & Dataset Quality Pipeline\data\nih_sample\raw\images\00003407_007.png,00012045_006,C:\Users\manik\Downloads\Medical Image Annotation & Dataset Quality Pipeline\data\nih_sample\raw\images\00012045_006.png
NEAR_DUPLICATE,4,00003837_002,C:\Users\manik\Downloads\Medical Image Annotation & Dataset Quality Pipeline\data\nih_sample\raw\images\00003837_002.png,00003837_008,C:\Users\manik\Downloads\Medical Image Annotation & Dataset Quality Pipeline\data\nih_sample\raw\images\00003837_008.png
NEAR_DUPLICATE,6,00007056_007,C:\Users\manik\Downloads\Medical Image Annotation & Dataset Quality Pipeline\data\nih_sample\raw\images\00007056_007.png,00013625_006,C:\Users\manik\Downloads\Medical Image Annotation & Dataset Quality Pipeline\data\nih_sample\raw\images\00013625_006.png
NEAR_DUPLICATE,6,00007154_001,C:\Users\manik\Downloads\Medical Image Annotation & Dataset Quality Pipeline\data\nih_sample\raw\images\00007154_001.png,00008036_004,C:\Users\manik\Downloads\Medical Image Annotation & Dataset Quality Pipeline\data\nih_sample\raw\images\00008036_004.png
NEAR_DUPLICATE,6,00008328_005,C:\Users\manik\Downloads\Medical Image Annotation & Dataset Quality Pipeline\data\nih_sample\raw\images\00008328_005.png,00013625_006,C:\Users\manik\Downloads\Medical Image Annotation & Dataset Quality Pipeline\data\nih_sample\raw\images\00013625_006.png
NEAR_DUPLICATE,6,00011402_016,C:\Users\manik\Downloads\Medical Image Annotation & Dataset Quality Pipeline\data\nih_sample\raw\images\00011402_016.png,00016059_000,C:\Users\manik\Downloads\Medical Image Annotation & Dataset Quality Pipeline\data\nih_sample\raw\images\00016059_000.png
NEAR_DUPLICATE,6,00013282_004,C:\Users\manik\Downloads\Medical Image Annotation & Dataset Quality Pipeline\data\nih_sample\raw\images\00013282_004.png,00017610_000,C:\Users\manik\Downloads\Medical Image Annotation & Dataset Quality Pipeline\data\nih_sample\raw\images\00017610_000.png
NEAR_DUPLICATE,6,00006055_003,C:\Users\manik\Downloads\Medical Image Annotation & Dataset Quality Pipeline\data\nih_sample\raw\images\00006055_003.png,00025369_000,C:\Users\manik\Downloads\Medical Image Annotation & Dataset Quality Pipeline\data\nih_sample\raw\images\00025369_000.png
NEAR_DUPLICATE,6,00007526_034,C:\Users\manik\Downloads\Medical Image Annotation & Dataset Quality Pipeline\data\nih_sample\raw\images\00007526_034.png,00028897_014,C:\Users\manik\Downloads\Medical Image Annotation & Dataset Quality Pipeline\data\nih_sample\raw\images\00028897_014.png
NEAR_DUPLICATE,4,00008797_000,C:\Users\manik\Downloads\Medical Image Annotation & Dataset Quality Pipeline\data\nih_sample\raw\images\00008797_000.png,00018419_001,C:\Users\manik\Downloads\Medical Image Annotation & Dataset Quality Pipeline\data\nih_sample\raw\images\00018419_001.png
NEAR_DUPLICATE,6,00008797_000,C:\Users\manik\Downloads\Medical Image Annotation & Dataset Quality Pipeline\data\nih_sample\raw\images\00008797_000.png,00024674_000,C:\Users\manik\Downloads\Medical Image Annotation & Dataset Quality Pipeline\data\nih_sample\raw\images\00024674_000.png
NEAR_DUPLICATE,6,00012863_019,C:\Users\manik\Downloads\Medical Image Annotation & Dataset Quality Pipeline\data\nih_sample\raw\images\00012863_019.png,00021835_001,C:\Users\manik\Downloads\Medical Image Annotation & Dataset Quality Pipeline\data\nih_sample\raw\images\00021835_001.png
NEAR_DUPLICATE,6,00021618_019,C:\Users\manik\Downloads\Medical Image Annotation & Dataset Quality Pipeline\data\nih_sample\raw\images\00021618_019.png,00025369_000,C:\Users\manik\Downloads\Medical Image Annotation & Dataset Quality Pipeline\data\nih_sample\raw\images\00025369_000.png
NEAR_DUPLICATE,4,00022596_008,C:\Users\manik\Downloads\Medical Image Annotation & Dataset Quality Pipeline\data\nih_sample\raw\images\00022596_008.png,00025923_001,C:\Users\manik\Downloads\Medical Image Annotation & Dataset Quality Pipeline\data\nih_sample\raw\images\00025923_001.png
NEAR_DUPLICATE,6,00024674_000,C:\Users\manik\Downloads\Medical Image Annotation & Dataset Quality Pipeline\data\nih_sample\raw\images\00024674_000.png,00027708_000,C:\Users\manik\Downloads\Medical Image Annotation & Dataset Quality Pipeline\data\nih_sample\raw\images\00027708_000.png
NEAR_DUPLICATE,6,00001409_002,C:\Users\manik\Downloads\Medical Image Annotation & Dataset Quality Pipeline\data\nih_sample\raw\images\00001409_002.png,00002735_001,C:\Users\manik\Downloads\Medical Image Annotation & Dataset Quality Pipeline\data\nih_sample\raw\images\00002735_001.png
NEAR_DUPLICATE,6,00009507_017,C:\Users\manik\Downloads\Medical Image Annotation & Dataset Quality Pipeline\data\nih_sample\raw\images\00009507_017.png,00026815_004,C:\Users\manik\Downloads\Medical Image Annotation & Dataset Quality Pipeline\data\nih_sample\raw\images\00026815_004.png
NEAR_DUPLICATE,6,00016166_002,C:\Users\manik\Downloads\Medical Image Annotation & Dataset Quality Pipeline\data\nih_sample\raw\images\00016166_002.png,00027889_000,C:\Users\manik\Downloads\Medical Image Annotation & Dataset Quality Pipeline\data\nih_sample\raw\images\00027889_000.png
NEAR_DUPLICATE,6,00022324_000,C:\Users\manik\Downloads\Medical Image Annotation & Dataset Quality Pipeline\data\nih_sample\raw\images\00022324_000.png,00027889_000,C:\Users\manik\Downloads\Medical Image Annotation & Dataset Quality Pipeline\data\nih_sample\raw\images\00027889_000.png
NEAR_DUPLICATE,4,00014389_001,C:\Users\manik\Downloads\Medical Image Annotation & Dataset Quality Pipeline\data\nih_sample\raw\images\00014389_001.png,00017613_000,C:\Users\manik\Downloads\Medical Image Annotation & Dataset Quality Pipeline\data\nih_sample\raw\images\00017613_000.png
NEAR_DUPLICATE,6,00007745_002,C:\Users\manik\Downloads\Medical Image Annotation & Dataset Quality Pipeline\data\nih_sample\raw\images\00007745_002.png,00025464_000,C:\Users\manik\Downloads\Medical Image Annotation & Dataset Quality Pipeline\data\nih_sample\raw\images\00025464_000.png
NEAR_DUPLICATE,4,00023828_000,C:\Users\manik\Downloads\Medical Image Annotation & Dataset Quality Pipeline\data\nih_sample\raw\images\00023828_000.png,00026798_002,C:\Users\manik\Downloads\Medical Image Annotation & Dataset Quality Pipeline\data\nih_sample\raw\images\00026798_002.png
NEAR_DUPLICATE,4,00000957_000,C:\Users\manik\Downloads\Medical Image Annotation & Dataset Quality Pipeline\data\nih_sample\raw\images\00000957_000.png,00007245_001,C:\Users\manik\Downloads\Medical Image Annotation & Dataset Quality Pipeline\data\nih_sample\raw\images\00007245_001.png
NEAR_DUPLICATE,6,00002107_000,C:\Users\manik\Downloads\Medical Image Annotation & Dataset Quality Pipeline\data\nih_sample\raw\images\00002107_000.png,00009107_004,C:\Users\manik\Downloads\Medical Image Annotation & Dataset Quality Pipeline\data\nih_sample\raw\images\00009107_004.png
NEAR_DUPLICATE,6,00003177_002,C:\Users\manik\Downloads\Medical Image Annotation & Dataset Quality Pipeline\data\nih_sample\raw\images\00003177_002.png,00007955_000,C:\Users\manik\Downloads\Medical Image Annotation & Dataset Quality Pipeline\data\nih_sample\raw\images\00007955_000.png
NEAR_DUPLICATE,4,00000531_005,C:\Users\manik\Downloads\Medical Image Annotation & Dataset Quality Pipeline\data\nih_sample\raw\images\00000531_005.png,00014909_000,C:\Users\manik\Downloads\Medical Image Annotation & Dataset Quality Pipeline\data\nih_sample\raw\images\00014909_000.png
NEAR_DUPLICATE,6,00000957_001,C:\Users\manik\Downloads\Medical Image Annotation & Dataset Quality Pipeline\data\nih_sample\raw\images\00000957_001.png,00017632_000,C:\Users\manik\Downloads\Medical Image Annotation & Dataset Quality Pipeline\data\nih_sample\raw\images\00017632_000.png
NEAR_DUPLICATE,6,00000957_001,C:\Users\manik\Downloads\Medical Image Annotation & Dataset Quality Pipeline\data\nih_sample\raw\images\00000957_001.png,00018100_003,C:\Users\manik\Downloads\Medical Image Annotation & Dataset Quality Pipeline\data\nih_sample\raw\images\00018100_003.png
NEAR_DUPLICATE,6,00000957_001,C:\Users\manik\Downloads\Medical Image Annotation & Dataset Quality Pipeline\data\nih_sample\raw\images\00000957_001.png,00025253_001,C:\Users\manik\Downloads\Medical Image Annotation & Dataset Quality Pipeline\data\nih_sample\raw\images\00025253_001.png
NEAR_DUPLICATE,6,00004973_001,C:\Users\manik\Downloads\Medical Image Annotation & Dataset Quality Pipeline\data\nih_sample\raw\images\00004973_001.png,00006752_003,C:\Users\manik\Downloads\Medical Image Annotation & Dataset Quality Pipeline\data\nih_sample\raw\images\00006752_003.png
NEAR_DUPLICATE,6,00005243_000,C:\Users\manik\Downloads\Medical Image Annotation & Dataset Quality Pipeline\data\nih_sample\raw\images\00005243_000.png,00014909_000,C:\Users\manik\Downloads\Medical Image Annotation & Dataset Quality Pipeline\data\nih_sample\raw\images\00014909_000.png
NEAR_DUPLICATE,6,00005243_000,C:\Users\manik\Downloads\Medical Image Annotation & Dataset Quality Pipeline\data\nih_sample\raw\images\00005243_000.png,00025442_001,C:\Users\manik\Downloads\Medical Image Annotation & Dataset Quality Pipeline\data\nih_sample\raw\images\00025442_001.png
NEAR_DUPLICATE,6,00007810_008,C:\Users\manik\Downloads\Medical Image Annotation & Dataset Quality Pipeline\data\nih_sample\raw\images\00007810_008.png,00010734_000,C:\Users\manik\Downloads\Medical Image Annotation & Dataset Quality Pipeline\data\nih_sample\raw\images\00010734_000.png
NEAR_DUPLICATE,6,00008015_000,C:\Users\manik\Downloads\Medical Image Annotation & Dataset Quality Pipeline\data\nih_sample\raw\images\00008015_000.png,00017263_000,C:\Users\manik\Downloads\Medical Image Annotation & Dataset Quality Pipeline\data\nih_sample\raw\images\00017263_000.png
NEAR_DUPLICATE,6,00008592_002,C:\Users\manik\Downloads\Medical Image Annotation & Dataset Quality Pipeline\data\nih_sample\raw\images\00008592_002.png,00014438_008,C:\Users\manik\Downloads\Medical Image Annotation & Dataset Quality Pipeline\data\nih_sample\raw\images\00014438_008.png
NEAR_DUPLICATE,6,00010734_000,C:\Users\manik\Downloads\Medical Image Annotation & Dataset Quality Pipeline\data\nih_sample\raw\images\00010734_000.png,00015360_002,C:\Users\manik\Downloads\Medical Image Annotation & Dataset Quality Pipeline\data\nih_sample\raw\images\00015360_002.png
NEAR_DUPLICATE,6,00010798_000,C:\Users\manik\Downloads\Medical Image Annotation & Dataset Quality Pipeline\data\nih_sample\raw\images\00010798_000.png,00025442_001,C:\Users\manik\Downloads\Medical Image Annotation & Dataset Quality Pipeline\data\nih_sample\raw\images\00025442_001.png
NEAR_DUPLICATE,6,00015924_000,C:\Users\manik\Downloads\Medical Image Annotation & Dataset Quality Pipeline\data\nih_sample\raw\images\00015924_000.png,00029729_000,C:\Users\manik\Downloads\Medical Image Annotation & Dataset Quality Pipeline\data\nih_sample\raw\images\00029729_000.png
NEAR_DUPLICATE,6,00017632_000,C:\Users\manik\Downloads\Medical Image Annotation & Dataset Quality Pipeline\data\nih_sample\raw\images\00017632_000.png,00023179_005,C:\Users\manik\Downloads\Medical Image Annotation & Dataset Quality Pipeline\data\nih_sample\raw\images\00023179_005.png
NEAR_DUPLICATE,4,00017632_000,C:\Users\manik\Downloads\Medical Image Annotation & Dataset Quality Pipeline\data\nih_sample\raw\images\00017632_000.png,00027229_000,C:\Users\manik\Downloads\Medical Image Annotation & Dataset Quality Pipeline\data\nih_sample\raw\images\00027229_000.png
NEAR_DUPLICATE,6,00018100_003,C:\Users\manik\Downloads\Medical Image Annotation & Dataset Quality Pipeline\data\nih_sample\raw\images\00018100_003.png,00025253_001,C:\Users\manik\Downloads\Medical Image Annotation & Dataset Quality Pipeline\data\nih_sample\raw\images\00025253_001.png
NEAR_DUPLICATE,6,00018100_003,C:\Users\manik\Downloads\Medical Image Annotation & Dataset Quality Pipeline\data\nih_sample\raw\images\00018100_003.png,00025442_001,C:\Users\manik\Downloads\Medical Image Annotation & Dataset Quality Pipeline\data\nih_sample\raw\images\00025442_001.png
NEAR_DUPLICATE,6,00023179_005,C:\Users\manik\Downloads\Medical Image Annotation & Dataset Quality Pipeline\data\nih_sample\raw\images\00023179_005.png,00027229_000,C:\Users\manik\Downloads\Medical Image Annotation & Dataset Quality Pipeline\data\nih_sample\raw\images\00027229_000.png
NEAR_DUPLICATE,4,00027229_000,C:\Users\manik\Downloads\Medical Image Annotation & Dataset Quality Pipeline\data\nih_sample\raw\images\00027229_000.png,00029729_000,C:\Users\manik\Downloads\Medical Image Annotation & Dataset Quality Pipeline\data\nih_sample\raw\images\00029729_000.png
NEAR_DUPLICATE,4,00001990_002,C:\Users\manik\Downloads\Medical Image Annotation & Dataset Quality Pipeline\data\nih_sample\raw\images\00001990_002.png,00010672_004,C:\Users\manik\Downloads\Medical Image Annotation & Dataset Quality Pipeline\data\nih_sample\raw\images\00010672_004.png
NEAR_DUPLICATE,6,00003838_000,C:\Users\manik\Downloads\Medical Image Annotation & Dataset Quality Pipeline\data\nih_sample\raw\images\00003838_000.png,00007775_000,C:\Users\manik\Downloads\Medical Image Annotation & Dataset Quality Pipeline\data\nih_sample\raw\images\00007775_000.png
NEAR_DUPLICATE,6,00006352_000,C:\Users\manik\Downloads\Medical Image Annotation & Dataset Quality Pipeline\data\nih_sample\raw\images\00006352_000.png,00012815_001,C:\Users\manik\Downloads\Medical Image Annotation & Dataset Quality Pipeline\data\nih_sample\raw\images\00012815_001.png
NEAR_DUPLICATE,6,00007885_004,C:\Users\manik\Downloads\Medical Image Annotation & Dataset Quality Pipeline\data\nih_sample\raw\images\00007885_004.png,00008081_006,C:\Users\manik\Downloads\Medical Image Annotation & Dataset Quality Pipeline\data\nih_sample\raw\images\00008081_006.png
NEAR_DUPLICATE,6,00008697_002,C:\Users\manik\Downloads\Medical Image Annotation & Dataset Quality Pipeline\data\nih_sample\raw\images\00008697_002.png,00012324_000,C:\Users\manik\Downloads\Medical Image Annotation & Dataset Quality Pipeline\data\nih_sample\raw\images\00012324_000.png
NEAR_DUPLICATE,6,00020393_001,C:\Users\manik\Downloads\Medical Image Annotation & Dataset Quality Pipeline\data\nih_sample\raw\images\00020393_001.png,00030284_000,C:\Users\manik\Downloads\Medical Image Annotation & Dataset Quality Pipeline\data\nih_sample\raw\images\00030284_000.png
NEAR_DUPLICATE,6,00004092_000,C:\Users\manik\Downloads\Medical Image Annotation & Dataset Quality Pipeline\data\nih_sample\raw\images\00004092_000.png,00025545_001,C:\Users\manik\Downloads\Medical Image Annotation & Dataset Quality Pipeline\data\nih_sample\raw\images\00025545_001.png
NEAR_DUPLICATE,6,00013529_000,C:\Users\manik\Downloads\Medical Image Annotation & Dataset Quality Pipeline\data\nih_sample\raw\images\00013529_000.png,00025892_000,C:\Users\manik\Downloads\Medical Image Annotation & Dataset Quality Pipeline\data\nih_sample\raw\images\00025892_000.png
NEAR_DUPLICATE,6,00004009_000,C:\Users\manik\Downloads\Medical Image Annotation & Dataset Quality Pipeline\data\nih_sample\raw\images\00004009_000.png,00012043_007,C:\Users\manik\Downloads\Medical Image Annotation & Dataset Quality Pipeline\data\nih_sample\raw\images\00012043_007.png
NEAR_DUPLICATE,6,00008009_000,C:\Users\manik\Downloads\Medical Image Annotation & Dataset Quality Pipeline\data\nih_sample\raw\images\00008009_000.png,00020199_000,C:\Users\manik\Downloads\Medical Image Annotation & Dataset Quality Pipeline\data\nih_sample\raw\images\00020199_000.png
NEAR_DUPLICATE,6,00012043_007,C:\Users\manik\Downloads\Medical Image Annotation & Dataset Quality Pipeline\data\nih_sample\raw\images\00012043_007.png,00014034_017,C:\Users\manik\Downloads\Medical Image Annotation & Dataset Quality Pipeline\data\nih_sample\raw\images\00014034_017.png
NEAR_DUPLICATE,6,00012756_000,C:\Users\manik\Downloads\Medical Image Annotation & Dataset Quality Pipeline\data\nih_sample\raw\images\00012756_000.png,00013003_005,C:\Users\manik\Downloads\Medical Image Annotation & Dataset Quality Pipeline\data\nih_sample\raw\images\00013003_005.png
NEAR_DUPLICATE,6,00013003_005,C:\Users\manik\Downloads\Medical Image Annotation & Dataset Quality Pipeline\data\nih_sample\raw\images\00013003_005.png,00020476_003,C:\Users\manik\Downloads\Medical Image Annotation & Dataset Quality Pipeline\data\nih_sample\raw\images\00020476_003.png
NEAR_DUPLICATE,6,00000727_002,C:\Users\manik\Downloads\Medical Image Annotation & Dataset Quality Pipeline\data\nih_sample\raw\images\00000727_002.png,00021586_000,C:\Users\manik\Downloads\Medical Image Annotation & Dataset Quality Pipeline\data\nih_sample\raw\images\00021586_000.png
